tweet-sno-1200	QO	vclaim-sno-ice-twitter-account-disappear	1	19.718309859154928	SimBa
tweet-sno-1200	QO	vclaim-sno-disney-pixar-boo	1	19.047619047619047	SimBa
tweet-sno-1200	QO	vclaim-sno-62-degree-celsius-kuwait-tree-fire	1	18.461538461538463	SimBa
tweet-sno-1200	QO	vclaim-sno-criminal-aliens-gang-members	1	17.647058823529413	SimBa
tweet-sno-1200	QO	vclaim-sno-cdc-ted-cruz-mexico	1	17.647058823529413	SimBa
tweet-sno-1201	QO	vclaim-sno-don-moen-death-hoax	1	36.92307692307693	SimBa
tweet-sno-1201	QO	vclaim-sno-killing-stone-split-evil-spirit	1	36.11111111111111	SimBa
tweet-sno-1201	QO	vclaim-sno-biden-antifa-courageous-americans	1	35.8974358974359	SimBa
tweet-sno-1201	QO	vclaim-sno-disney-pixar-boo	1	35.61643835616438	SimBa
tweet-sno-1201	QO	vclaim-sno-trump-terminate-social-security	1	35.294117647058826	SimBa
tweet-sno-1202	QO	vclaim-sno-disney-pixar-boo	1	25.000000000000004	SimBa
tweet-sno-1202	QO	vclaim-sno-biden-antifa-courageous-americans	1	23.655913978494624	SimBa
tweet-sno-1202	QO	vclaim-sno-killing-stone-split-evil-spirit	1	22.988505747126435	SimBa
tweet-sno-1202	QO	vclaim-sno-facebook-declaration-of-independence-hate-speech	1	22.988505747126435	SimBa
tweet-sno-1202	QO	vclaim-sno-footie-loose	1	22.988505747126435	SimBa
tweet-sno-1203	QO	vclaim-sno-dmx-death-hoax	1	22.950819672131146	SimBa
tweet-sno-1203	QO	vclaim-sno-disney-pixar-boo	1	22.857142857142858	SimBa
tweet-sno-1203	QO	vclaim-sno-kaleb-shriners-hospitals-death	1	22.857142857142858	SimBa
tweet-sno-1203	QO	vclaim-sno-244-inmates-fijian-prison	1	22.58064516129032	SimBa
tweet-sno-1203	QO	vclaim-sno-sargento-recall-fake-news	1	22.22222222222222	SimBa
tweet-sno-1204	QO	vclaim-sno-disney-pixar-boo	1	33.333333333333336	SimBa
tweet-sno-1204	QO	vclaim-sno-emoji-charges-cell-phone	1	32.55813953488372	SimBa
tweet-sno-1204	QO	vclaim-sno-biden-antifa-courageous-americans	1	30.18867924528302	SimBa
tweet-sno-1204	QO	vclaim-sno-bloomberg-buy-trump-debt	1	30.0	SimBa
tweet-sno-1204	QO	vclaim-sno-don-moen-death-hoax	1	30.0	SimBa
tweet-sno-1205	QO	vclaim-sno-cdc-ted-cruz-mexico	1	37.03703703703704	SimBa
tweet-sno-1205	QO	vclaim-sno-chimera-cat	1	35.8974358974359	SimBa
tweet-sno-1205	QO	vclaim-sno-make-michael39s-day	1	35.55555555555556	SimBa
tweet-sno-1205	QO	vclaim-sno-new-constitution	1	35.0	SimBa
tweet-sno-1205	QO	vclaim-sno-wolf-moon-january	1	34.78260869565217	SimBa
tweet-sno-1206	QO	vclaim-sno-biden-antifa-courageous-americans	1	25.641025641025642	SimBa
tweet-sno-1206	QO	vclaim-sno-killing-stone-split-evil-spirit	1	25.0	SimBa
tweet-sno-1206	QO	vclaim-sno-facebook-declaration-of-independence-hate-speech	1	25.0	SimBa
tweet-sno-1206	QO	vclaim-sno-disney-pixar-boo	1	24.65753424657534	SimBa
tweet-sno-1206	QO	vclaim-sno-don-moen-death-hoax	1	24.615384615384617	SimBa
tweet-sno-1207	QO	vclaim-sno-dmx-death-hoax	1	25.641025641025642	SimBa
tweet-sno-1207	QO	vclaim-sno-disney-pixar-boo	1	25.0	SimBa
tweet-sno-1207	QO	vclaim-sno-kaleb-shriners-hospitals-death	1	25.0	SimBa
tweet-sno-1207	QO	vclaim-sno-62-degree-celsius-kuwait-tree-fire	1	24.0	SimBa
tweet-sno-1207	QO	vclaim-sno-sargento-recall-fake-news	1	24.0	SimBa
tweet-sno-1208	QO	vclaim-sno-footie-loose	1	24.17582417582418	SimBa
tweet-sno-1208	QO	vclaim-sno-schumer-erection-senate-floor	1	23.52941176470588	SimBa
tweet-sno-1208	QO	vclaim-sno-cdc-ted-cruz-mexico	1	22.680412371134018	SimBa
tweet-sno-1208	QO	vclaim-sno-wolf-moon-january	1	22.471910112359552	SimBa
tweet-sno-1208	QO	vclaim-sno-asteroid-golden-gate-bridge	1	22.222222222222225	SimBa
tweet-sno-1209	QO	vclaim-sno-don-moen-death-hoax	1	47.36842105263158	SimBa
tweet-sno-1209	QO	vclaim-sno-facebook-declaration-of-independence-hate-speech	1	44.44444444444444	SimBa
tweet-sno-1209	QO	vclaim-sno-killing-stone-split-evil-spirit	1	44.44444444444444	SimBa
tweet-sno-1209	QO	vclaim-sno-oregon-gun-confiscation	1	43.90243902439024	SimBa
tweet-sno-1209	QO	vclaim-sno-disney-pixar-boo	1	43.47826086956522	SimBa
tweet-sno-1210	QO	vclaim-sno-don-moen-death-hoax	1	34.61538461538461	SimBa
tweet-sno-1210	QO	vclaim-sno-killing-stone-split-evil-spirit	1	33.89830508474576	SimBa
tweet-sno-1210	QO	vclaim-sno-facebook-declaration-of-independence-hate-speech	1	33.89830508474576	SimBa
tweet-sno-1210	QO	vclaim-sno-biden-antifa-courageous-americans	1	33.84615384615385	SimBa
tweet-sno-1210	QO	vclaim-sno-disney-pixar-boo	1	33.333333333333336	SimBa
tweet-sno-1211	QO	vclaim-sno-biden-antifa-courageous-americans	1	30.136986301369863	SimBa
tweet-sno-1211	QO	vclaim-sno-don-moen-death-hoax	1	30.0	SimBa
tweet-sno-1211	QO	vclaim-sno-facebook-declaration-of-independence-hate-speech	1	29.850746268656717	SimBa
tweet-sno-1211	QO	vclaim-sno-killing-stone-split-evil-spirit	1	29.850746268656717	SimBa
tweet-sno-1211	QO	vclaim-sno-hallmark-postcard-family-member-virus	1	29.411764705882355	SimBa
tweet-sno-1212	QO	vclaim-sno-biden-antifa-courageous-americans	1	30.508474576271183	SimBa
tweet-sno-1212	QO	vclaim-sno-don-moen-death-hoax	1	30.43478260869565	SimBa
tweet-sno-1212	QO	vclaim-sno-facebook-declaration-of-independence-hate-speech	1	30.18867924528302	SimBa
tweet-sno-1212	QO	vclaim-sno-killing-stone-split-evil-spirit	1	30.18867924528302	SimBa
tweet-sno-1212	QO	vclaim-sno-disney-pixar-boo	1	29.62962962962963	SimBa
tweet-sno-1213	QO	vclaim-sno-cdc-ted-cruz-mexico	1	23.80952380952381	SimBa
tweet-sno-1213	QO	vclaim-sno-schumer-erection-senate-floor	1	22.471910112359552	SimBa
tweet-sno-1213	QO	vclaim-sno-carmex-addiction	1	21.68674698795181	SimBa
tweet-sno-1213	QO	vclaim-sno-ice-citizens-academy-civilians	1	21.50537634408602	SimBa
tweet-sno-1213	QO	vclaim-sno-make-michael39s-day	1	21.333333333333332	SimBa
tweet-sno-1214	QO	vclaim-sno-cdc-ted-cruz-mexico	1	33.333333333333336	SimBa
tweet-sno-1214	QO	vclaim-sno-chimera-cat	1	31.372549019607842	SimBa
tweet-sno-1214	QO	vclaim-sno-early-returns	1	31.372549019607842	SimBa
tweet-sno-1214	QO	vclaim-sno-wolf-moon-january	1	31.034482758620687	SimBa
tweet-sno-1214	QO	vclaim-sno-cdc-zombie-preparedness-guide-2	1	31.034482758620687	SimBa
tweet-sno-1215	QO	vclaim-sno-cdc-ted-cruz-mexico	1	34.375	SimBa
tweet-sno-1215	QO	vclaim-sno-ted-cruz-texas-freezes-over	1	33.333333333333336	SimBa
tweet-sno-1215	QO	vclaim-sno-ice-caps-melt-gore-2014	1	32.72727272727273	SimBa
tweet-sno-1215	QO	vclaim-sno-make-michael39s-day	1	32.72727272727273	SimBa
tweet-sno-1215	QO	vclaim-sno-chimera-cat	1	32.6530612244898	SimBa
tweet-sno-1216	QO	vclaim-sno-carmex-addiction	1	27.36842105263158	SimBa
tweet-sno-1216	QO	vclaim-sno-cdc-ted-cruz-mexico	1	27.083333333333336	SimBa
tweet-sno-1216	QO	vclaim-sno-talking-shoplifting	1	26.666666666666668	SimBa
tweet-sno-1216	QO	vclaim-sno-steep-risk	1	26.666666666666668	SimBa
tweet-sno-1216	QO	vclaim-sno-recoil	1	26.373626373626376	SimBa
tweet-sno-1217	QO	vclaim-sno-disney-pixar-boo	1	33.333333333333336	SimBa
tweet-sno-1217	QO	vclaim-sno-62-degree-celsius-kuwait-tree-fire	1	32.0	SimBa
tweet-sno-1217	QO	vclaim-sno-biden-admit-voter-fraud	1	30.769230769230774	SimBa
tweet-sno-1217	QO	vclaim-sno-dmx-death-hoax	1	30.769230769230774	SimBa
tweet-sno-1217	QO	vclaim-sno-biden-antifa-courageous-americans	1	30.18867924528302	SimBa
tweet-sno-1218	QO	vclaim-sno-disney-pixar-boo	1	21.428571428571427	SimBa
tweet-sno-1218	QO	vclaim-sno-244-inmates-fijian-prison	1	21.05263157894737	SimBa
tweet-sno-1218	QO	vclaim-sno-62-degree-celsius-kuwait-tree-fire	1	20.930232558139537	SimBa
tweet-sno-1218	QO	vclaim-sno-sargento-recall-fake-news	1	20.930232558139537	SimBa
tweet-sno-1218	QO	vclaim-sno-oprah-shout-your-abortion	1	20.77922077922078	SimBa
tweet-sno-1219	QO	vclaim-sno-biden-antifa-courageous-americans	1	29.268292682926827	SimBa
tweet-sno-1219	QO	vclaim-sno-don-moen-death-hoax	1	28.985507246376812	SimBa
tweet-sno-1219	QO	vclaim-sno-killing-stone-split-evil-spirit	1	28.947368421052634	SimBa
tweet-sno-1219	QO	vclaim-sno-facebook-declaration-of-independence-hate-speech	1	28.947368421052634	SimBa
tweet-sno-1219	QO	vclaim-sno-disney-pixar-boo	1	28.57142857142857	SimBa
tweet-sno-1220	QO	vclaim-sno-biden-antifa-courageous-americans	1	23.255813953488374	SimBa
tweet-sno-1220	QO	vclaim-sno-killing-stone-split-evil-spirit	1	22.5	SimBa
tweet-sno-1220	QO	vclaim-sno-audit-the-vote	1	22.22222222222222	SimBa
tweet-sno-1220	QO	vclaim-sno-sarah-palin-russia-house	1	21.95121951219512	SimBa
tweet-sno-1220	QO	vclaim-sno-donald-trump-purge-slogan	1	21.428571428571427	SimBa
tweet-sno-1221	QO	vclaim-sno-dmx-death-hoax	1	32.55813953488372	SimBa
tweet-sno-1221	QO	vclaim-sno-disney-pixar-boo	1	30.76923076923077	SimBa
tweet-sno-1221	QO	vclaim-sno-kaleb-shriners-hospitals-death	1	30.76923076923077	SimBa
tweet-sno-1221	QO	vclaim-sno-stamping-out	1	30.43478260869565	SimBa
tweet-sno-1221	QO	vclaim-sno-emoji-charges-cell-phone	1	29.78723404255319	SimBa
tweet-sno-1222	QO	vclaim-sno-disney-pixar-boo	1	28.571428571428573	SimBa
tweet-sno-1222	QO	vclaim-sno-emoji-charges-cell-phone	1	27.272727272727273	SimBa
tweet-sno-1222	QO	vclaim-sno-biden-antifa-courageous-americans	1	25.925925925925927	SimBa
tweet-sno-1222	QO	vclaim-sno-dmx-death-hoax	1	25.0	SimBa
tweet-sno-1222	QO	vclaim-sno-killing-stone-split-evil-spirit	1	25.0	SimBa
tweet-sno-1223	QO	vclaim-sno-244-inmates-fijian-prison	1	41.02564102564103	SimBa
tweet-sno-1223	QO	vclaim-sno-stamping-out	1	39.02439024390244	SimBa
tweet-sno-1223	QO	vclaim-sno-disney-pixar-boo	1	38.29787234042553	SimBa
tweet-sno-1223	QO	vclaim-sno-emoji-charges-cell-phone	1	38.095238095238095	SimBa
tweet-sno-1223	QO	vclaim-sno-woman-births-octopus	1	37.2093023255814	SimBa
tweet-sno-1224	QO	vclaim-sno-delta-georgia-voting-law	1	29.411764705882355	SimBa
tweet-sno-1224	QO	vclaim-sno-colorado-gun-confiscation	1	28.125	SimBa
tweet-sno-1224	QO	vclaim-sno-free-cone-day	1	27.692307692307693	SimBa
tweet-sno-1224	QO	vclaim-sno-chimera-cat	1	27.586206896551722	SimBa
tweet-sno-1224	QO	vclaim-sno-cdc-ted-cruz-mexico	1	27.397260273972602	SimBa
tweet-sno-1225	QO	vclaim-sno-disney-pixar-boo	1	35.820895522388064	SimBa
tweet-sno-1225	QO	vclaim-sno-dmx-death-hoax	1	34.48275862068965	SimBa
tweet-sno-1225	QO	vclaim-sno-killing-stone-split-evil-spirit	1	33.333333333333336	SimBa
tweet-sno-1225	QO	vclaim-sno-biden-antifa-courageous-americans	1	33.33333333333333	SimBa
tweet-sno-1225	QO	vclaim-sno-kaleb-shriners-hospitals-death	1	32.83582089552239	SimBa
tweet-sno-1226	QO	vclaim-sno-chimera-cat	1	33.80281690140845	SimBa
tweet-sno-1226	QO	vclaim-sno-cdc-ted-cruz-mexico	1	32.55813953488372	SimBa
tweet-sno-1226	QO	vclaim-sno-biden-antifa-courageous-americans	1	32.55813953488372	SimBa
tweet-sno-1226	QO	vclaim-sno-killing-stone-split-evil-spirit	1	32.5	SimBa
tweet-sno-1226	QO	vclaim-sno-walgreens-closing-forever-2021	1	31.884057971014492	SimBa
tweet-sno-1227	QO	vclaim-sno-cdc-ted-cruz-mexico	1	24.615384615384617	SimBa
tweet-sno-1227	QO	vclaim-sno-schumer-erection-senate-floor	1	22.857142857142858	SimBa
tweet-sno-1227	QO	vclaim-sno-carmex-addiction	1	21.875	SimBa
tweet-sno-1227	QO	vclaim-sno-ice-citizens-academy-civilians	1	21.62162162162162	SimBa
tweet-sno-1227	QO	vclaim-sno-cdc-zombie-preparedness-guide-2	1	21.052631578947366	SimBa
tweet-sno-1228	QO	vclaim-sno-cdc-ted-cruz-mexico	1	30.0	SimBa
tweet-sno-1228	QO	vclaim-sno-schumer-erection-senate-floor	1	28.235294117647058	SimBa
tweet-sno-1228	QO	vclaim-sno-ice-caps-melt-gore-2014	1	28.16901408450704	SimBa
tweet-sno-1228	QO	vclaim-sno-wolf-moon-january	1	27.77777777777778	SimBa
tweet-sno-1228	QO	vclaim-sno-chimera-cat	1	27.692307692307693	SimBa
tweet-sno-1229	QO	vclaim-sno-dmx-death-hoax	1	26.41509433962264	SimBa
tweet-sno-1229	QO	vclaim-sno-244-inmates-fijian-prison	1	25.925925925925927	SimBa
tweet-sno-1229	QO	vclaim-sno-disney-pixar-boo	1	25.806451612903224	SimBa
tweet-sno-1229	QO	vclaim-sno-kaleb-shriners-hospitals-death	1	25.806451612903224	SimBa
tweet-sno-1229	QO	vclaim-sno-62-degree-celsius-kuwait-tree-fire	1	25.0	SimBa
tweet-sno-1230	QO	vclaim-sno-ice-twitter-account-disappear	1	17.073170731707318	SimBa
tweet-sno-1230	QO	vclaim-sno-disney-pixar-boo	1	16.216216216216218	SimBa
tweet-sno-1230	QO	vclaim-sno-kaleb-shriners-hospitals-death	1	16.216216216216218	SimBa
tweet-sno-1230	QO	vclaim-sno-62-degree-celsius-kuwait-tree-fire	1	15.789473684210527	SimBa
tweet-sno-1230	QO	vclaim-sno-sargento-recall-fake-news	1	15.789473684210527	SimBa
tweet-sno-1231	QO	vclaim-sno-biden-antifa-courageous-americans	1	27.36842105263158	SimBa
tweet-sno-1231	QO	vclaim-sno-facebook-declaration-of-independence-hate-speech	1	26.966292134831463	SimBa
tweet-sno-1231	QO	vclaim-sno-killing-stone-split-evil-spirit	1	26.966292134831463	SimBa
tweet-sno-1231	QO	vclaim-sno-rashida-tlaib-bring-jihad	1	26.966292134831463	SimBa
tweet-sno-1231	QO	vclaim-sno-don-moen-death-hoax	1	26.829268292682926	SimBa
tweet-sno-1232	QO	vclaim-sno-biden-antifa-courageous-americans	1	22.22222222222222	SimBa
tweet-sno-1232	QO	vclaim-sno-killing-stone-split-evil-spirit	1	21.428571428571427	SimBa
tweet-sno-1232	QO	vclaim-sno-audit-the-vote	1	21.27659574468085	SimBa
tweet-sno-1232	QO	vclaim-sno-delta-georgia-voting-law	1	21.176470588235293	SimBa
tweet-sno-1232	QO	vclaim-sno-disney-pixar-boo	1	21.176470588235293	SimBa
tweet-sno-1233	QO	vclaim-sno-cdc-ted-cruz-mexico	1	27.906976744186046	SimBa
tweet-sno-1233	QO	vclaim-sno-footie-loose	1	27.5	SimBa
tweet-sno-1233	QO	vclaim-sno-ted-cruz-texas-freezes-over	1	26.829268292682926	SimBa
tweet-sno-1233	QO	vclaim-sno-schumer-erection-senate-floor	1	26.373626373626376	SimBa
tweet-sno-1233	QO	vclaim-sno-ice-caps-melt-gore-2014	1	25.974025974025974	SimBa
tweet-sno-1234	QO	vclaim-sno-62-degree-celsius-kuwait-tree-fire	1	30.76923076923077	SimBa
tweet-sno-1234	QO	vclaim-sno-purchasing-agreement	1	29.508196721311478	SimBa
tweet-sno-1234	QO	vclaim-sno-biden-antifa-courageous-americans	1	29.411764705882355	SimBa
tweet-sno-1234	QO	vclaim-sno-mcskinny	1	29.09090909090909	SimBa
tweet-sno-1234	QO	vclaim-sno-do-scented-candles-cause-cancer	1	29.09090909090909	SimBa
tweet-sno-1235	QO	vclaim-sno-kaleb-shriners-hospitals-death	1	20.512820512820515	SimBa
tweet-sno-1235	QO	vclaim-sno-disney-pixar-boo	1	20.512820512820515	SimBa
tweet-sno-1235	QO	vclaim-sno-sargento-recall-fake-news	1	20.0	SimBa
tweet-sno-1235	QO	vclaim-sno-62-degree-celsius-kuwait-tree-fire	1	20.0	SimBa
tweet-sno-1235	QO	vclaim-sno-244-inmates-fijian-prison	1	20.0	SimBa
tweet-sno-1236	QO	vclaim-sno-biden-antifa-courageous-americans	1	25.806451612903224	SimBa
tweet-sno-1236	QO	vclaim-sno-killing-stone-split-evil-spirit	1	25.287356321839077	SimBa
tweet-sno-1236	QO	vclaim-sno-delta-georgia-voting-law	1	25.000000000000004	SimBa
tweet-sno-1236	QO	vclaim-sno-disney-pixar-boo	1	25.000000000000004	SimBa
tweet-sno-1236	QO	vclaim-sno-244-inmates-fijian-prison	1	25.0	SimBa
tweet-sno-1237	QO	vclaim-sno-don-moen-death-hoax	1	36.36363636363637	SimBa
tweet-sno-1237	QO	vclaim-sno-killing-stone-split-evil-spirit	1	35.29411764705882	SimBa
tweet-sno-1237	QO	vclaim-sno-facebook-declaration-of-independence-hate-speech	1	35.29411764705882	SimBa
tweet-sno-1237	QO	vclaim-sno-biden-antifa-courageous-americans	1	35.08771929824561	SimBa
tweet-sno-1237	QO	vclaim-sno-walgreens-closing-forever-2021	1	35.0	SimBa
tweet-sno-1238	QO	vclaim-sno-kaleb-shriners-hospitals-death	1	20.0	SimBa
tweet-sno-1238	QO	vclaim-sno-disney-pixar-boo	1	20.0	SimBa
tweet-sno-1238	QO	vclaim-sno-sargento-recall-fake-news	1	19.354838709677416	SimBa
tweet-sno-1238	QO	vclaim-sno-62-degree-celsius-kuwait-tree-fire	1	19.354838709677416	SimBa
tweet-sno-1238	QO	vclaim-sno-244-inmates-fijian-prison	1	19.23076923076923	SimBa
tweet-sno-1239	QO	vclaim-sno-disney-pixar-boo	1	21.50537634408602	SimBa
tweet-sno-1239	QO	vclaim-sno-emoji-charges-cell-phone	1	20.454545454545457	SimBa
tweet-sno-1239	QO	vclaim-sno-biden-antifa-courageous-americans	1	20.408163265306122	SimBa
tweet-sno-1239	QO	vclaim-sno-audit-the-vote	1	19.6078431372549	SimBa
tweet-sno-1239	QO	vclaim-sno-facebook-declaration-of-independence-hate-speech	1	19.565217391304348	SimBa
tweet-sno-1240	QO	vclaim-sno-disney-pixar-boo	1	21.818181818181817	SimBa
tweet-sno-1240	QO	vclaim-sno-kaleb-shriners-hospitals-death	1	21.818181818181817	SimBa
tweet-sno-1240	QO	vclaim-sno-244-inmates-fijian-prison	1	21.27659574468085	SimBa
tweet-sno-1240	QO	vclaim-sno-62-degree-celsius-kuwait-tree-fire	1	21.052631578947366	SimBa
tweet-sno-1240	QO	vclaim-sno-sargento-recall-fake-news	1	21.052631578947366	SimBa
tweet-sno-1241	QO	vclaim-sno-disney-pixar-boo	1	20.930232558139537	SimBa
tweet-sno-1241	QO	vclaim-sno-244-inmates-fijian-prison	1	20.512820512820515	SimBa
tweet-sno-1241	QO	vclaim-sno-62-degree-celsius-kuwait-tree-fire	1	20.454545454545457	SimBa
tweet-sno-1241	QO	vclaim-sno-biden-antifa-courageous-americans	1	19.78021978021978	SimBa
tweet-sno-1241	QO	vclaim-sno-capitol-riot-podium	1	19.354838709677416	SimBa
tweet-sno-1242	QO	vclaim-sno-244-inmates-fijian-prison	1	38.888888888888886	SimBa
tweet-sno-1242	QO	vclaim-sno-stamping-out	1	36.8421052631579	SimBa
tweet-sno-1242	QO	vclaim-sno-disney-pixar-boo	1	36.36363636363637	SimBa
tweet-sno-1242	QO	vclaim-sno-kaleb-shriners-hospitals-death	1	36.36363636363637	SimBa
tweet-sno-1242	QO	vclaim-sno-maps-pride-flag	1	36.36363636363636	SimBa
tweet-sno-1243	QO	vclaim-sno-dmx-death-hoax	1	29.268292682926827	SimBa
tweet-sno-1243	QO	vclaim-sno-244-inmates-fijian-prison	1	28.57142857142857	SimBa
tweet-sno-1243	QO	vclaim-sno-disney-pixar-boo	1	28.0	SimBa
tweet-sno-1243	QO	vclaim-sno-kaleb-shriners-hospitals-death	1	28.0	SimBa
tweet-sno-1243	QO	vclaim-sno-ice-twitter-account-disappear	1	27.586206896551722	SimBa
tweet-sno-1244	QO	vclaim-sno-dmx-death-hoax	1	34.285714285714285	SimBa
tweet-sno-1244	QO	vclaim-sno-disney-pixar-boo	1	31.81818181818182	SimBa
tweet-sno-1244	QO	vclaim-sno-kaleb-shriners-hospitals-death	1	31.81818181818182	SimBa
tweet-sno-1244	QO	vclaim-sno-stamping-out	1	31.578947368421055	SimBa
tweet-sno-1244	QO	vclaim-sno-emoji-charges-cell-phone	1	30.769230769230774	SimBa
tweet-sno-1245	QO	vclaim-sno-disney-pixar-boo	1	21.91780821917808	SimBa
tweet-sno-1245	QO	vclaim-sno-kaleb-shriners-hospitals-death	1	21.91780821917808	SimBa
tweet-sno-1245	QO	vclaim-sno-244-inmates-fijian-prison	1	21.53846153846154	SimBa
tweet-sno-1245	QO	vclaim-sno-62-degree-celsius-kuwait-tree-fire	1	21.333333333333332	SimBa
tweet-sno-1245	QO	vclaim-sno-sargento-recall-fake-news	1	21.333333333333332	SimBa
tweet-sno-1246	QO	vclaim-sno-244-inmates-fijian-prison	1	32.432432432432435	SimBa
tweet-sno-1246	QO	vclaim-sno-stamping-out	1	30.769230769230774	SimBa
tweet-sno-1246	QO	vclaim-sno-62-degree-celsius-kuwait-tree-fire	1	29.78723404255319	SimBa
tweet-sno-1246	QO	vclaim-sno-woman-births-octopus	1	29.268292682926827	SimBa
tweet-sno-1246	QO	vclaim-sno-cdc-ted-cruz-mexico	1	28.0	SimBa
tweet-sno-1247	QO	vclaim-sno-disney-pixar-boo	1	22.72727272727273	SimBa
tweet-sno-1247	QO	vclaim-sno-kaleb-shriners-hospitals-death	1	22.72727272727273	SimBa
tweet-sno-1247	QO	vclaim-sno-244-inmates-fijian-prison	1	22.5	SimBa
tweet-sno-1247	QO	vclaim-sno-sargento-recall-fake-news	1	22.22222222222222	SimBa
tweet-sno-1247	QO	vclaim-sno-62-degree-celsius-kuwait-tree-fire	1	22.22222222222222	SimBa
tweet-sno-1248	QO	vclaim-sno-dmx-death-hoax	1	36.0655737704918	SimBa
tweet-sno-1248	QO	vclaim-sno-244-inmates-fijian-prison	1	35.483870967741936	SimBa
tweet-sno-1248	QO	vclaim-sno-450-pound-dog	1	35.08771929824561	SimBa
tweet-sno-1248	QO	vclaim-sno-430-pound-buck	1	34.92063492063492	SimBa
tweet-sno-1248	QO	vclaim-sno-stamping-out	1	34.375	SimBa
tweet-sno-1249	QO	vclaim-sno-62-degree-celsius-kuwait-tree-fire	1	30.769230769230774	SimBa
tweet-sno-1249	QO	vclaim-sno-giant-rabbit	1	30.76923076923077	SimBa
tweet-sno-1249	QO	vclaim-sno-criminal-aliens-gang-members	1	29.629629629629626	SimBa
tweet-sno-1249	QO	vclaim-sno-244-inmates-fijian-prison	1	29.411764705882355	SimBa
tweet-sno-1249	QO	vclaim-sno-twitter-censor-1984-orwell	1	29.411764705882355	SimBa
tweet-sno-1250	QO	vclaim-sno-wolf-moon-january	1	32.72727272727273	SimBa
tweet-sno-1250	QO	vclaim-sno-new-constitution	1	32.6530612244898	SimBa
tweet-sno-1250	QO	vclaim-sno-schumer-erection-senate-floor	1	32.352941176470594	SimBa
tweet-sno-1250	QO	vclaim-sno-only-fans-reverses-ban-sexually-explicit	1	32.142857142857146	SimBa
tweet-sno-1250	QO	vclaim-sno-half-nelson	1	32.0	SimBa
tweet-sno-1251	QO	vclaim-sno-disney-pixar-boo	1	23.07692307692308	SimBa
tweet-sno-1251	QO	vclaim-sno-62-degree-celsius-kuwait-tree-fire	1	22.5	SimBa
tweet-sno-1251	QO	vclaim-sno-biden-antifa-courageous-americans	1	21.68674698795181	SimBa
tweet-sno-1251	QO	vclaim-sno-capitol-riot-podium	1	21.176470588235293	SimBa
tweet-sno-1251	QO	vclaim-sno-trump-deport-aoc-omar	1	20.930232558139537	SimBa
tweet-sno-1252	QO	vclaim-sno-cdc-ted-cruz-mexico	1	18.75	SimBa
tweet-sno-1252	QO	vclaim-sno-schumer-erection-senate-floor	1	17.821782178217823	SimBa
tweet-sno-1252	QO	vclaim-sno-ice-citizens-academy-civilians	1	17.142857142857142	SimBa
tweet-sno-1252	QO	vclaim-sno-carmex-addiction	1	16.842105263157894	SimBa
tweet-sno-1252	QO	vclaim-sno-asteroid-golden-gate-bridge	1	16.3265306122449	SimBa
tweet-sno-1253	QO	vclaim-sno-disney-pixar-boo	1	19.354838709677416	SimBa
tweet-sno-1253	QO	vclaim-sno-biden-antifa-courageous-americans	1	18.367346938775512	SimBa
tweet-sno-1253	QO	vclaim-sno-emoji-charges-cell-phone	1	18.181818181818183	SimBa
tweet-sno-1253	QO	vclaim-sno-free-cone-day	1	17.77777777777778	SimBa
tweet-sno-1253	QO	vclaim-sno-audit-the-vote	1	17.64705882352941	SimBa
tweet-sno-1254	QO	vclaim-sno-oprah-shout-your-abortion	1	33.9622641509434	SimBa
tweet-sno-1254	QO	vclaim-sno-kaleb-shriners-hospitals-death	1	33.333333333333336	SimBa
tweet-sno-1254	QO	vclaim-sno-stamping-out	1	33.333333333333336	SimBa
tweet-sno-1254	QO	vclaim-sno-disney-pixar-boo	1	33.333333333333336	SimBa
tweet-sno-1254	QO	vclaim-sno-emoji-charges-cell-phone	1	32.72727272727273	SimBa
tweet-sno-1255	QO	vclaim-sno-emoji-charges-cell-phone	1	28.07017543859649	SimBa
tweet-sno-1255	QO	vclaim-sno-biden-antifa-courageous-americans	1	26.865671641791046	SimBa
tweet-sno-1255	QO	vclaim-sno-killing-stone-split-evil-spirit	1	26.229508196721312	SimBa
tweet-sno-1255	QO	vclaim-sno-delta-georgia-voting-law	1	25.806451612903224	SimBa
tweet-sno-1255	QO	vclaim-sno-kaleb-shriners-hospitals-death	1	25.806451612903224	SimBa
tweet-sno-1256	QO	vclaim-sno-disney-pixar-boo	1	33.333333333333336	SimBa
tweet-sno-1256	QO	vclaim-sno-biden-antifa-courageous-americans	1	30.76923076923077	SimBa
tweet-sno-1256	QO	vclaim-sno-loretta-lynn-kid-rock-married	1	30.76923076923077	SimBa
tweet-sno-1256	QO	vclaim-sno-killing-stone-split-evil-spirit	1	30.508474576271183	SimBa
tweet-sno-1256	QO	vclaim-sno-facebook-declaration-of-independence-hate-speech	1	30.508474576271183	SimBa
tweet-sno-1257	QO	vclaim-sno-ice-twitter-account-disappear	1	20.408163265306122	SimBa
tweet-sno-1257	QO	vclaim-sno-kaleb-shriners-hospitals-death	1	20.0	SimBa
tweet-sno-1257	QO	vclaim-sno-62-degree-celsius-kuwait-tree-fire	1	19.565217391304348	SimBa
tweet-sno-1257	QO	vclaim-sno-sargento-recall-fake-news	1	19.565217391304348	SimBa
tweet-sno-1257	QO	vclaim-sno-stamping-out	1	19.047619047619047	SimBa
tweet-sno-1258	QO	vclaim-sno-62-degree-celsius-kuwait-tree-fire	1	37.93103448275862	SimBa
tweet-sno-1258	QO	vclaim-sno-450-pound-dog	1	37.2093023255814	SimBa
tweet-sno-1258	QO	vclaim-sno-430-pound-buck	1	36.734693877551024	SimBa
tweet-sno-1258	QO	vclaim-sno-criminal-aliens-gang-members	1	36.0655737704918	SimBa
tweet-sno-1258	QO	vclaim-sno-stamping-out	1	36.0	SimBa
tweet-sno-1259	QO	vclaim-sno-biden-antifa-courageous-americans	1	28.0	SimBa
tweet-sno-1259	QO	vclaim-sno-killing-stone-split-evil-spirit	1	27.272727272727273	SimBa
tweet-sno-1259	QO	vclaim-sno-bloomberg-buy-trump-debt	1	27.027027027027025	SimBa
tweet-sno-1259	QO	vclaim-sno-244-inmates-fijian-prison	1	27.027027027027025	SimBa
tweet-sno-1259	QO	vclaim-sno-delta-georgia-voting-law	1	26.666666666666668	SimBa
tweet-sno-1260	QO	vclaim-sno-244-inmates-fijian-prison	1	24.324324324324323	SimBa
tweet-sno-1260	QO	vclaim-sno-62-degree-celsius-kuwait-tree-fire	1	23.80952380952381	SimBa
tweet-sno-1260	QO	vclaim-sno-stamping-out	1	23.68421052631579	SimBa
tweet-sno-1260	QO	vclaim-sno-woman-births-octopus	1	23.07692307692308	SimBa
tweet-sno-1260	QO	vclaim-sno-cdc-ted-cruz-mexico	1	22.988505747126435	SimBa
tweet-sno-1261	QO	vclaim-sno-disney-pixar-boo	1	20.0	SimBa
tweet-sno-1261	QO	vclaim-sno-62-degree-celsius-kuwait-tree-fire	1	19.51219512195122	SimBa
tweet-sno-1261	QO	vclaim-sno-criminal-aliens-gang-members	1	18.823529411764707	SimBa
tweet-sno-1261	QO	vclaim-sno-cdc-ted-cruz-mexico	1	18.823529411764707	SimBa
tweet-sno-1261	QO	vclaim-sno-emoji-charges-cell-phone	1	18.666666666666664	SimBa
tweet-sno-1262	QO	vclaim-sno-244-inmates-fijian-prison	1	34.61538461538461	SimBa
tweet-sno-1262	QO	vclaim-sno-disney-pixar-boo	1	33.333333333333336	SimBa
tweet-sno-1262	QO	vclaim-sno-62-degree-celsius-kuwait-tree-fire	1	32.25806451612903	SimBa
tweet-sno-1262	QO	vclaim-sno-purchasing-agreement	1	31.034482758620687	SimBa
tweet-sno-1262	QO	vclaim-sno-biden-antifa-courageous-americans	1	30.76923076923077	SimBa
tweet-sno-1263	QO	vclaim-sno-biden-antifa-courageous-americans	1	30.952380952380953	SimBa
tweet-sno-1263	QO	vclaim-sno-killing-stone-split-evil-spirit	1	30.769230769230774	SimBa
tweet-sno-1263	QO	vclaim-sno-sarah-palin-russia-house	1	30.0	SimBa
tweet-sno-1263	QO	vclaim-sno-walgreens-closing-forever-2021	1	29.850746268656717	SimBa
tweet-sno-1263	QO	vclaim-sno-emoji-charges-cell-phone	1	29.72972972972973	SimBa
tweet-sno-1264	QO	vclaim-sno-244-inmates-fijian-prison	1	31.57894736842105	SimBa
tweet-sno-1264	QO	vclaim-sno-disney-pixar-boo	1	30.76923076923077	SimBa
tweet-sno-1264	QO	vclaim-sno-62-degree-celsius-kuwait-tree-fire	1	29.850746268656717	SimBa
tweet-sno-1264	QO	vclaim-sno-biden-antifa-courageous-americans	1	28.571428571428573	SimBa
tweet-sno-1264	QO	vclaim-sno-anonymous-masks-illegal	1	28.125	SimBa
tweet-sno-1265	QO	vclaim-sno-biden-antifa-courageous-americans	1	27.659574468085104	SimBa
tweet-sno-1265	QO	vclaim-sno-killing-stone-split-evil-spirit	1	27.272727272727273	SimBa
tweet-sno-1265	QO	vclaim-sno-hallmark-postcard-family-member-virus	1	26.966292134831463	SimBa
tweet-sno-1265	QO	vclaim-sno-sarah-palin-russia-house	1	26.666666666666668	SimBa
tweet-sno-1265	QO	vclaim-sno-audit-the-vote	1	26.53061224489796	SimBa
tweet-sno-1266	QO	vclaim-sno-62-degree-celsius-kuwait-tree-fire	1	30.0	SimBa
tweet-sno-1266	QO	vclaim-sno-criminal-aliens-gang-members	1	26.506024096385545	SimBa
tweet-sno-1266	QO	vclaim-sno-244-inmates-fijian-prison	1	25.714285714285715	SimBa
tweet-sno-1266	QO	vclaim-sno-disney-pixar-boo	1	25.641025641025642	SimBa
tweet-sno-1266	QO	vclaim-sno-biden-antifa-courageous-americans	1	24.096385542168676	SimBa
tweet-sno-1267	QO	vclaim-sno-dmx-death-hoax	1	26.08695652173913	SimBa
tweet-sno-1267	QO	vclaim-sno-kaleb-shriners-hospitals-death	1	25.454545454545453	SimBa
tweet-sno-1267	QO	vclaim-sno-disney-pixar-boo	1	25.454545454545453	SimBa
tweet-sno-1267	QO	vclaim-sno-62-degree-celsius-kuwait-tree-fire	1	24.561403508771928	SimBa
tweet-sno-1267	QO	vclaim-sno-sargento-recall-fake-news	1	24.561403508771928	SimBa
tweet-sno-1268	QO	vclaim-sno-audit-the-vote	1	32.87671232876712	SimBa
tweet-sno-1268	QO	vclaim-sno-don-moen-death-hoax	1	32.142857142857146	SimBa
tweet-sno-1268	QO	vclaim-sno-biden-antifa-courageous-americans	1	31.884057971014492	SimBa
tweet-sno-1268	QO	vclaim-sno-killing-stone-split-evil-spirit	1	31.746031746031743	SimBa
tweet-sno-1268	QO	vclaim-sno-disney-pixar-boo	1	31.25	SimBa
tweet-sno-1269	QO	vclaim-sno-dmx-death-hoax	1	23.255813953488374	SimBa
tweet-sno-1269	QO	vclaim-sno-disney-pixar-boo	1	23.076923076923077	SimBa
tweet-sno-1269	QO	vclaim-sno-kaleb-shriners-hospitals-death	1	23.076923076923077	SimBa
tweet-sno-1269	QO	vclaim-sno-244-inmates-fijian-prison	1	22.72727272727273	SimBa
tweet-sno-1269	QO	vclaim-sno-62-degree-celsius-kuwait-tree-fire	1	22.22222222222222	SimBa
tweet-sno-1270	QO	vclaim-sno-disney-pixar-boo	1	18.75	SimBa
tweet-sno-1270	QO	vclaim-sno-62-degree-celsius-kuwait-tree-fire	1	18.18181818181818	SimBa
tweet-sno-1270	QO	vclaim-sno-sargento-recall-fake-news	1	18.18181818181818	SimBa
tweet-sno-1270	QO	vclaim-sno-244-inmates-fijian-prison	1	17.857142857142858	SimBa
tweet-sno-1270	QO	vclaim-sno-biden-antifa-courageous-americans	1	17.391304347826086	SimBa
tweet-sno-1271	QO	vclaim-sno-dmx-death-hoax	1	26.08695652173913	SimBa
tweet-sno-1271	QO	vclaim-sno-244-inmates-fijian-prison	1	25.53191489361702	SimBa
tweet-sno-1271	QO	vclaim-sno-disney-pixar-boo	1	25.454545454545453	SimBa
tweet-sno-1271	QO	vclaim-sno-kaleb-shriners-hospitals-death	1	25.454545454545453	SimBa
tweet-sno-1271	QO	vclaim-sno-sargento-recall-fake-news	1	24.561403508771928	SimBa
tweet-sno-1272	QO	vclaim-sno-kaleb-shriners-hospitals-death	1	25.0	SimBa
tweet-sno-1272	QO	vclaim-sno-sargento-recall-fake-news	1	24.242424242424242	SimBa
tweet-sno-1272	QO	vclaim-sno-62-degree-celsius-kuwait-tree-fire	1	24.242424242424242	SimBa
tweet-sno-1272	QO	vclaim-sno-stamping-out	1	24.137931034482758	SimBa
tweet-sno-1272	QO	vclaim-sno-emoji-charges-cell-phone	1	23.728813559322035	SimBa
tweet-sno-1273	QO	vclaim-sno-62-degree-celsius-kuwait-tree-fire	1	33.89830508474576	SimBa
tweet-sno-1273	QO	vclaim-sno-244-inmates-fijian-prison	1	32.6530612244898	SimBa
tweet-sno-1273	QO	vclaim-sno-criminal-aliens-gang-members	1	32.25806451612903	SimBa
tweet-sno-1273	QO	vclaim-sno-asteroid-warning-april-2020	1	32.142857142857146	SimBa
tweet-sno-1273	QO	vclaim-sno-disney-pixar-boo	1	31.57894736842105	SimBa
tweet-sno-1274	QO	vclaim-sno-disney-pixar-boo	1	25.974025974025974	SimBa
tweet-sno-1274	QO	vclaim-sno-kaleb-shriners-hospitals-death	1	25.974025974025974	SimBa
tweet-sno-1274	QO	vclaim-sno-ice-twitter-account-disappear	1	25.88235294117647	SimBa
tweet-sno-1274	QO	vclaim-sno-oprah-shout-your-abortion	1	25.714285714285715	SimBa
tweet-sno-1274	QO	vclaim-sno-stamping-out	1	25.352112676056336	SimBa
tweet-sno-1275	QO	vclaim-sno-disney-pixar-boo	1	24.615384615384617	SimBa
tweet-sno-1275	QO	vclaim-sno-emoji-charges-cell-phone	1	23.333333333333336	SimBa
tweet-sno-1275	QO	vclaim-sno-biden-antifa-courageous-americans	1	22.857142857142858	SimBa
tweet-sno-1275	QO	vclaim-sno-biden-401k-tax	1	22.58064516129032	SimBa
tweet-sno-1275	QO	vclaim-sno-facebook-declaration-of-independence-hate-speech	1	21.875	SimBa
tweet-sno-1276	QO	vclaim-sno-244-inmates-fijian-prison	1	26.41509433962264	SimBa
tweet-sno-1276	QO	vclaim-sno-disney-pixar-boo	1	26.229508196721312	SimBa
tweet-sno-1276	QO	vclaim-sno-62-degree-celsius-kuwait-tree-fire	1	25.396825396825395	SimBa
tweet-sno-1276	QO	vclaim-sno-biden-antifa-courageous-americans	1	24.242424242424242	SimBa
tweet-sno-1276	QO	vclaim-sno-capitol-riot-podium	1	23.529411764705884	SimBa
tweet-sno-1277	QO	vclaim-sno-62-degree-celsius-kuwait-tree-fire	1	20.454545454545457	SimBa
tweet-sno-1277	QO	vclaim-sno-criminal-aliens-gang-members	1	19.78021978021978	SimBa
tweet-sno-1277	QO	vclaim-sno-asteroid-warning-april-2020	1	18.823529411764707	SimBa
tweet-sno-1277	QO	vclaim-sno-us-millionaires-stimulus-checks	1	18.75	SimBa
tweet-sno-1277	QO	vclaim-sno-disney-pixar-boo	1	18.6046511627907	SimBa
tweet-sno-1278	QO	vclaim-sno-disney-pixar-boo	1	28.07017543859649	SimBa
tweet-sno-1278	QO	vclaim-sno-emoji-charges-cell-phone	1	26.923076923076923	SimBa
tweet-sno-1278	QO	vclaim-sno-biden-antifa-courageous-americans	1	25.806451612903224	SimBa
tweet-sno-1278	QO	vclaim-sno-killing-stone-split-evil-spirit	1	25.0	SimBa
tweet-sno-1278	QO	vclaim-sno-facebook-declaration-of-independence-hate-speech	1	25.0	SimBa
tweet-sno-1279	QO	vclaim-sno-244-inmates-fijian-prison	1	46.15384615384616	SimBa
tweet-sno-1279	QO	vclaim-sno-circle-flies	1	44.44444444444444	SimBa
tweet-sno-1279	QO	vclaim-sno-stamping-out	1	43.90243902439024	SimBa
tweet-sno-1279	QO	vclaim-sno-emoji-charges-cell-phone	1	42.857142857142854	SimBa
tweet-sno-1279	QO	vclaim-sno-disney-pixar-boo	1	42.5531914893617	SimBa
tweet-sno-1280	QO	vclaim-sno-biden-antifa-courageous-americans	1	29.213483146067418	SimBa
tweet-sno-1280	QO	vclaim-sno-killing-stone-split-evil-spirit	1	28.915662650602414	SimBa
tweet-sno-1280	QO	vclaim-sno-disney-pixar-boo	1	28.57142857142857	SimBa
tweet-sno-1280	QO	vclaim-sno-audit-the-vote	1	27.956989247311824	SimBa
tweet-sno-1280	QO	vclaim-sno-oregon-gun-confiscation	1	27.848101265822788	SimBa
tweet-sno-1281	QO	vclaim-sno-244-inmates-fijian-prison	1	32.432432432432435	SimBa
tweet-sno-1281	QO	vclaim-sno-disney-pixar-boo	1	31.111111111111114	SimBa
tweet-sno-1281	QO	vclaim-sno-stamping-out	1	30.769230769230774	SimBa
tweet-sno-1281	QO	vclaim-sno-emoji-charges-cell-phone	1	30.0	SimBa
tweet-sno-1281	QO	vclaim-sno-62-degree-celsius-kuwait-tree-fire	1	29.78723404255319	SimBa
tweet-sno-1282	QO	vclaim-sno-dmx-death-hoax	1	24.48979591836735	SimBa
tweet-sno-1282	QO	vclaim-sno-kaleb-shriners-hospitals-death	1	24.137931034482758	SimBa
tweet-sno-1282	QO	vclaim-sno-disney-pixar-boo	1	24.137931034482758	SimBa
tweet-sno-1282	QO	vclaim-sno-244-inmates-fijian-prison	1	24.0	SimBa
tweet-sno-1282	QO	vclaim-sno-62-degree-celsius-kuwait-tree-fire	1	23.333333333333336	SimBa
tweet-sno-1283	QO	vclaim-sno-dmx-death-hoax	1	25.0	SimBa
tweet-sno-1283	QO	vclaim-sno-kaleb-shriners-hospitals-death	1	24.48979591836735	SimBa
tweet-sno-1283	QO	vclaim-sno-disney-pixar-boo	1	24.48979591836735	SimBa
tweet-sno-1283	QO	vclaim-sno-62-degree-celsius-kuwait-tree-fire	1	23.52941176470588	SimBa
tweet-sno-1283	QO	vclaim-sno-sargento-recall-fake-news	1	23.52941176470588	SimBa
tweet-sno-1284	QO	vclaim-sno-disney-pixar-boo	1	18.18181818181818	SimBa
tweet-sno-1284	QO	vclaim-sno-62-degree-celsius-kuwait-tree-fire	1	17.721518987341774	SimBa
tweet-sno-1284	QO	vclaim-sno-244-inmates-fijian-prison	1	17.391304347826086	SimBa
tweet-sno-1284	QO	vclaim-sno-biden-antifa-courageous-americans	1	17.073170731707318	SimBa
tweet-sno-1284	QO	vclaim-sno-capitol-riot-podium	1	16.666666666666668	SimBa
tweet-sno-1285	QO	vclaim-sno-62-degree-celsius-kuwait-tree-fire	1	17.391304347826086	SimBa
tweet-sno-1285	QO	vclaim-sno-criminal-aliens-gang-members	1	16.842105263157894	SimBa
tweet-sno-1285	QO	vclaim-sno-8-6-kilogram-baby	1	16.091954022988503	SimBa
tweet-sno-1285	QO	vclaim-sno-us-millionaires-stimulus-checks	1	16.0	SimBa
tweet-sno-1285	QO	vclaim-sno-asteroid-warning-april-2020	1	15.730337078651687	SimBa
tweet-sno-1286	QO	vclaim-sno-ice-twitter-account-disappear	1	20.930232558139537	SimBa
tweet-sno-1286	QO	vclaim-sno-kaleb-shriners-hospitals-death	1	20.512820512820515	SimBa
tweet-sno-1286	QO	vclaim-sno-62-degree-celsius-kuwait-tree-fire	1	20.0	SimBa
tweet-sno-1286	QO	vclaim-sno-sargento-recall-fake-news	1	20.0	SimBa
tweet-sno-1286	QO	vclaim-sno-stamping-out	1	19.444444444444443	SimBa
tweet-sno-1287	QO	vclaim-sno-cdc-ted-cruz-mexico	1	22.22222222222222	SimBa
tweet-sno-1287	QO	vclaim-sno-footie-loose	1	21.428571428571427	SimBa
tweet-sno-1287	QO	vclaim-sno-schumer-erection-senate-floor	1	21.052631578947366	SimBa
tweet-sno-1287	QO	vclaim-sno-ted-cruz-texas-freezes-over	1	20.930232558139537	SimBa
tweet-sno-1287	QO	vclaim-sno-carmex-addiction	1	20.224719101123597	SimBa
tweet-sno-1288	QO	vclaim-sno-cdc-ted-cruz-mexico	1	30.985915492957744	SimBa
tweet-sno-1288	QO	vclaim-sno-make-michael39s-day	1	29.032258064516128	SimBa
tweet-sno-1288	QO	vclaim-sno-schumer-erection-senate-floor	1	28.947368421052634	SimBa
tweet-sno-1288	QO	vclaim-sno-chimera-cat	1	28.571428571428573	SimBa
tweet-sno-1288	QO	vclaim-sno-carmex-addiction	1	28.571428571428573	SimBa
tweet-sno-1289	QO	vclaim-sno-disney-pixar-boo	1	21.818181818181817	SimBa
tweet-sno-1289	QO	vclaim-sno-kaleb-shriners-hospitals-death	1	21.818181818181817	SimBa
tweet-sno-1289	QO	vclaim-sno-244-inmates-fijian-prison	1	21.27659574468085	SimBa
tweet-sno-1289	QO	vclaim-sno-sargento-recall-fake-news	1	21.052631578947366	SimBa
tweet-sno-1289	QO	vclaim-sno-62-degree-celsius-kuwait-tree-fire	1	21.052631578947366	SimBa
tweet-sno-1290	QO	vclaim-sno-cdc-ted-cruz-mexico	1	29.333333333333332	SimBa
tweet-sno-1290	QO	vclaim-sno-schumer-erection-senate-floor	1	27.5	SimBa
tweet-sno-1290	QO	vclaim-sno-make-michael39s-day	1	27.272727272727273	SimBa
tweet-sno-1290	QO	vclaim-sno-carmex-addiction	1	27.027027027027025	SimBa
tweet-sno-1290	QO	vclaim-sno-wolf-moon-january	1	26.865671641791046	SimBa
tweet-sno-1291	QO	vclaim-sno-biden-antifa-courageous-americans	1	26.53061224489796	SimBa
tweet-sno-1291	QO	vclaim-sno-killing-stone-split-evil-spirit	1	26.08695652173913	SimBa
tweet-sno-1291	QO	vclaim-sno-don-moen-death-hoax	1	25.88235294117647	SimBa
tweet-sno-1291	QO	vclaim-sno-disney-pixar-boo	1	25.806451612903224	SimBa
tweet-sno-1291	QO	vclaim-sno-audit-the-vote	1	25.49019607843137	SimBa
tweet-sno-1292	QO	vclaim-sno-ice-twitter-account-disappear	1	21.978021978021978	SimBa
tweet-sno-1292	QO	vclaim-sno-62-degree-celsius-kuwait-tree-fire	1	21.176470588235293	SimBa
tweet-sno-1292	QO	vclaim-sno-sargento-recall-fake-news	1	21.176470588235293	SimBa
tweet-sno-1292	QO	vclaim-sno-stamping-out	1	20.77922077922078	SimBa
tweet-sno-1292	QO	vclaim-sno-emoji-charges-cell-phone	1	20.512820512820515	SimBa
tweet-sno-1293	QO	vclaim-sno-dmx-death-hoax	1	28.0	SimBa
tweet-sno-1293	QO	vclaim-sno-244-inmates-fijian-prison	1	27.45098039215686	SimBa
tweet-sno-1293	QO	vclaim-sno-kaleb-shriners-hospitals-death	1	27.11864406779661	SimBa
tweet-sno-1293	QO	vclaim-sno-disney-pixar-boo	1	27.11864406779661	SimBa
tweet-sno-1293	QO	vclaim-sno-oprah-shout-your-abortion	1	26.923076923076923	SimBa
tweet-sno-1294	QO	vclaim-sno-244-inmates-fijian-prison	1	25.53191489361702	SimBa
tweet-sno-1294	QO	vclaim-sno-disney-pixar-boo	1	25.454545454545453	SimBa
tweet-sno-1294	QO	vclaim-sno-kaleb-shriners-hospitals-death	1	25.454545454545453	SimBa
tweet-sno-1294	QO	vclaim-sno-us-millionaires-stimulus-checks	1	24.615384615384617	SimBa
tweet-sno-1294	QO	vclaim-sno-sargento-recall-fake-news	1	24.561403508771928	SimBa
tweet-sno-1295	QO	vclaim-sno-244-inmates-fijian-prison	1	27.272727272727273	SimBa
tweet-sno-1295	QO	vclaim-sno-disney-pixar-boo	1	26.923076923076923	SimBa
tweet-sno-1295	QO	vclaim-sno-stamping-out	1	26.08695652173913	SimBa
tweet-sno-1295	QO	vclaim-sno-62-degree-celsius-kuwait-tree-fire	1	25.925925925925927	SimBa
tweet-sno-1295	QO	vclaim-sno-sargento-recall-fake-news	1	25.925925925925927	SimBa
tweet-sno-1296	QO	vclaim-sno-dmx-death-hoax	1	22.857142857142858	SimBa
tweet-sno-1296	QO	vclaim-sno-kaleb-shriners-hospitals-death	1	22.72727272727273	SimBa
tweet-sno-1296	QO	vclaim-sno-disney-pixar-boo	1	22.72727272727273	SimBa
tweet-sno-1296	QO	vclaim-sno-62-degree-celsius-kuwait-tree-fire	1	21.73913043478261	SimBa
tweet-sno-1296	QO	vclaim-sno-sargento-recall-fake-news	1	21.73913043478261	SimBa
tweet-sno-1297	QO	vclaim-sno-244-inmates-fijian-prison	1	28.57142857142857	SimBa
tweet-sno-1297	QO	vclaim-sno-disney-pixar-boo	1	28.235294117647058	SimBa
tweet-sno-1297	QO	vclaim-sno-kaleb-shriners-hospitals-death	1	28.235294117647058	SimBa
tweet-sno-1297	QO	vclaim-sno-ice-twitter-account-disappear	1	27.956989247311824	SimBa
tweet-sno-1297	QO	vclaim-sno-stamping-out	1	27.848101265822788	SimBa
tweet-sno-1298	QO	vclaim-sno-dmx-death-hoax	1	22.58064516129032	SimBa
tweet-sno-1298	QO	vclaim-sno-kaleb-shriners-hospitals-death	1	22.535211267605632	SimBa
tweet-sno-1298	QO	vclaim-sno-disney-pixar-boo	1	22.535211267605632	SimBa
tweet-sno-1298	QO	vclaim-sno-244-inmates-fijian-prison	1	22.22222222222222	SimBa
tweet-sno-1298	QO	vclaim-sno-sargento-recall-fake-news	1	21.91780821917808	SimBa
tweet-sno-1299	QO	vclaim-sno-dmx-death-hoax	1	23.52941176470588	SimBa
tweet-sno-1299	QO	vclaim-sno-kaleb-shriners-hospitals-death	1	23.333333333333336	SimBa
tweet-sno-1299	QO	vclaim-sno-disney-pixar-boo	1	23.333333333333336	SimBa
tweet-sno-1299	QO	vclaim-sno-244-inmates-fijian-prison	1	23.076923076923077	SimBa
tweet-sno-1299	QO	vclaim-sno-62-degree-celsius-kuwait-tree-fire	1	22.58064516129032	SimBa
tweet-sno-1300	QO	vclaim-sno-62-degree-celsius-kuwait-tree-fire	1	21.27659574468085	SimBa
tweet-sno-1300	QO	vclaim-sno-criminal-aliens-gang-members	1	20.618556701030926	SimBa
tweet-sno-1300	QO	vclaim-sno-ice-twitter-account-disappear	1	20.0	SimBa
tweet-sno-1300	QO	vclaim-sno-us-millionaires-stimulus-checks	1	19.6078431372549	SimBa
tweet-sno-1300	QO	vclaim-sno-sargento-recall-fake-news	1	19.148936170212764	SimBa
tweet-sno-1301	QO	vclaim-sno-dmx-death-hoax	1	24.0	SimBa
tweet-sno-1301	QO	vclaim-sno-ice-twitter-account-disappear	1	23.880597014925375	SimBa
tweet-sno-1301	QO	vclaim-sno-kaleb-shriners-hospitals-death	1	23.728813559322035	SimBa
tweet-sno-1301	QO	vclaim-sno-disney-pixar-boo	1	23.728813559322035	SimBa
tweet-sno-1301	QO	vclaim-sno-sargento-recall-fake-news	1	22.950819672131146	SimBa
tweet-sno-1302	QO	vclaim-sno-schumer-erection-senate-floor	1	28.16901408450704	SimBa
tweet-sno-1302	QO	vclaim-sno-wolf-moon-january	1	27.586206896551722	SimBa
tweet-sno-1302	QO	vclaim-sno-cdc-ted-cruz-mexico	1	27.272727272727273	SimBa
tweet-sno-1302	QO	vclaim-sno-only-fans-reverses-ban-sexually-explicit	1	27.11864406779661	SimBa
tweet-sno-1302	QO	vclaim-sno-new-constitution	1	26.923076923076923	SimBa
tweet-sno-1303	QO	vclaim-sno-don-moen-death-hoax	1	43.90243902439024	SimBa
tweet-sno-1303	QO	vclaim-sno-walgreens-closing-forever-2021	1	43.24324324324324	SimBa
tweet-sno-1303	QO	vclaim-sno-kevin-sorbo-hercules	1	42.10526315789474	SimBa
tweet-sno-1303	QO	vclaim-sno-immigrant-homicides-us	1	42.10526315789474	SimBa
tweet-sno-1303	QO	vclaim-sno-killing-stone-split-evil-spirit	1	41.66666666666667	SimBa
tweet-sno-1304	QO	vclaim-sno-62-degree-celsius-kuwait-tree-fire	1	30.136986301369863	SimBa
tweet-sno-1304	QO	vclaim-sno-disney-pixar-boo	1	28.16901408450704	SimBa
tweet-sno-1304	QO	vclaim-sno-biden-antifa-courageous-americans	1	26.315789473684212	SimBa
tweet-sno-1304	QO	vclaim-sno-criminal-aliens-gang-members	1	26.315789473684212	SimBa
tweet-sno-1304	QO	vclaim-sno-are-10000-children-in-u-s-detention-centers	1	25.714285714285715	SimBa
tweet-sno-1305	QO	vclaim-sno-62-degree-celsius-kuwait-tree-fire	1	37.93103448275862	SimBa
tweet-sno-1305	QO	vclaim-sno-244-inmates-fijian-prison	1	37.5	SimBa
tweet-sno-1305	QO	vclaim-sno-ilhan-omar-walk-out-911-service	1	36.734693877551024	SimBa
tweet-sno-1305	QO	vclaim-sno-stamping-out	1	36.0	SimBa
tweet-sno-1305	QO	vclaim-sno-niagara-falls-frozen	1	35.55555555555556	SimBa
tweet-sno-1306	QO	vclaim-sno-footie-loose	1	23.913043478260867	SimBa
tweet-sno-1306	QO	vclaim-sno-schumer-erection-senate-floor	1	23.300970873786408	SimBa
tweet-sno-1306	QO	vclaim-sno-cdc-ted-cruz-mexico	1	22.448979591836736	SimBa
tweet-sno-1306	QO	vclaim-sno-wolf-moon-january	1	22.22222222222222	SimBa
tweet-sno-1306	QO	vclaim-sno-asteroid-golden-gate-bridge	1	22.0	SimBa
tweet-sno-1307	QO	vclaim-sno-244-inmates-fijian-prison	1	28.0	SimBa
tweet-sno-1307	QO	vclaim-sno-disney-pixar-boo	1	27.586206896551722	SimBa
tweet-sno-1307	QO	vclaim-sno-62-degree-celsius-kuwait-tree-fire	1	26.666666666666668	SimBa
tweet-sno-1307	QO	vclaim-sno-biden-antifa-courageous-americans	1	25.396825396825395	SimBa
tweet-sno-1307	QO	vclaim-sno-capitol-riot-podium	1	24.615384615384617	SimBa
tweet-sno-1308	QO	vclaim-sno-biden-antifa-courageous-americans	1	23.80952380952381	SimBa
tweet-sno-1308	QO	vclaim-sno-facebook-declaration-of-independence-hate-speech	1	23.07692307692308	SimBa
tweet-sno-1308	QO	vclaim-sno-killing-stone-split-evil-spirit	1	23.07692307692308	SimBa
tweet-sno-1308	QO	vclaim-sno-disney-pixar-boo	1	22.78481012658228	SimBa
tweet-sno-1308	QO	vclaim-sno-audit-the-vote	1	22.72727272727273	SimBa
tweet-sno-1309	QO	vclaim-sno-62-degree-celsius-kuwait-tree-fire	1	28.571428571428573	SimBa
tweet-sno-1309	QO	vclaim-sno-criminal-aliens-gang-members	1	27.397260273972602	SimBa
tweet-sno-1309	QO	vclaim-sno-dmx-death-hoax	1	27.11864406779661	SimBa
tweet-sno-1309	QO	vclaim-sno-asteroid-warning-april-2020	1	26.865671641791046	SimBa
tweet-sno-1309	QO	vclaim-sno-244-inmates-fijian-prison	1	26.666666666666668	SimBa
tweet-sno-1310	QO	vclaim-sno-244-inmates-fijian-prison	1	25.53191489361702	SimBa
tweet-sno-1310	QO	vclaim-sno-disney-pixar-boo	1	25.454545454545453	SimBa
tweet-sno-1310	QO	vclaim-sno-ice-twitter-account-disappear	1	25.396825396825395	SimBa
tweet-sno-1310	QO	vclaim-sno-62-degree-celsius-kuwait-tree-fire	1	24.561403508771928	SimBa
tweet-sno-1310	QO	vclaim-sno-sargento-recall-fake-news	1	24.561403508771928	SimBa
tweet-sno-1311	QO	vclaim-sno-schumer-erection-senate-floor	1	27.586206896551722	SimBa
tweet-sno-1311	QO	vclaim-sno-wolf-moon-january	1	27.027027027027025	SimBa
tweet-sno-1311	QO	vclaim-sno-cdc-ted-cruz-mexico	1	26.829268292682926	SimBa
tweet-sno-1311	QO	vclaim-sno-only-fans-reverses-ban-sexually-explicit	1	26.666666666666664	SimBa
tweet-sno-1311	QO	vclaim-sno-footie-loose	1	26.315789473684212	SimBa
tweet-sno-1312	QO	vclaim-sno-244-inmates-fijian-prison	1	37.5	SimBa
tweet-sno-1312	QO	vclaim-sno-oprah-shout-your-abortion	1	36.734693877551024	SimBa
tweet-sno-1312	QO	vclaim-sno-stamping-out	1	36.0	SimBa
tweet-sno-1312	QO	vclaim-sno-kaleb-shriners-hospitals-death	1	35.714285714285715	SimBa
tweet-sno-1312	QO	vclaim-sno-disney-pixar-boo	1	35.714285714285715	SimBa
tweet-sno-1313	QO	vclaim-sno-62-degree-celsius-kuwait-tree-fire	1	31.42857142857143	SimBa
tweet-sno-1313	QO	vclaim-sno-disney-pixar-boo	1	29.411764705882355	SimBa
tweet-sno-1313	QO	vclaim-sno-giant-rabbit	1	28.07017543859649	SimBa
tweet-sno-1313	QO	vclaim-sno-criminal-aliens-gang-members	1	27.397260273972602	SimBa
tweet-sno-1313	QO	vclaim-sno-biden-antifa-courageous-americans	1	27.397260273972602	SimBa
tweet-sno-1314	QO	vclaim-sno-244-inmates-fijian-prison	1	25.641025641025642	SimBa
tweet-sno-1314	QO	vclaim-sno-430-pound-buck	1	25.31645569620253	SimBa
tweet-sno-1314	QO	vclaim-sno-62-degree-celsius-kuwait-tree-fire	1	25.000000000000004	SimBa
tweet-sno-1314	QO	vclaim-sno-stamping-out	1	25.0	SimBa
tweet-sno-1314	QO	vclaim-sno-450-pound-dog	1	24.65753424657534	SimBa
tweet-sno-1315	QO	vclaim-sno-dmx-death-hoax	1	29.411764705882355	SimBa
tweet-sno-1315	QO	vclaim-sno-244-inmates-fijian-prison	1	28.571428571428573	SimBa
tweet-sno-1315	QO	vclaim-sno-kaleb-shriners-hospitals-death	1	27.906976744186046	SimBa
tweet-sno-1315	QO	vclaim-sno-disney-pixar-boo	1	27.906976744186046	SimBa
tweet-sno-1315	QO	vclaim-sno-430-pound-buck	1	27.77777777777778	SimBa
tweet-sno-1316	QO	vclaim-sno-chimera-cat	1	33.333333333333336	SimBa
tweet-sno-1316	QO	vclaim-sno-cdc-ted-cruz-mexico	1	32.098765432098766	SimBa
tweet-sno-1316	QO	vclaim-sno-no-matter-what	1	32.0	SimBa
tweet-sno-1316	QO	vclaim-sno-footie-loose	1	32.0	SimBa
tweet-sno-1316	QO	vclaim-sno-a-black-man-the-progressives-perfect-trojan-horse	1	31.578947368421055	SimBa
tweet-sno-1317	QO	vclaim-sno-disney-pixar-boo	1	22.22222222222222	SimBa
tweet-sno-1317	QO	vclaim-sno-244-inmates-fijian-prison	1	21.818181818181817	SimBa
tweet-sno-1317	QO	vclaim-sno-62-degree-celsius-kuwait-tree-fire	1	21.53846153846154	SimBa
tweet-sno-1317	QO	vclaim-sno-biden-antifa-courageous-americans	1	20.58823529411765	SimBa
tweet-sno-1317	QO	vclaim-sno-capitol-riot-podium	1	20.0	SimBa
tweet-sno-1318	QO	vclaim-sno-kaleb-shriners-hospitals-death	1	22.535211267605632	SimBa
tweet-sno-1318	QO	vclaim-sno-sargento-recall-fake-news	1	21.91780821917808	SimBa
tweet-sno-1318	QO	vclaim-sno-62-degree-celsius-kuwait-tree-fire	1	21.91780821917808	SimBa
tweet-sno-1318	QO	vclaim-sno-stamping-out	1	21.53846153846154	SimBa
tweet-sno-1318	QO	vclaim-sno-emoji-charges-cell-phone	1	21.21212121212121	SimBa
tweet-sno-1319	QO	vclaim-sno-62-degree-celsius-kuwait-tree-fire	1	29.333333333333332	SimBa
tweet-sno-1319	QO	vclaim-sno-disney-pixar-boo	1	27.397260273972602	SimBa
tweet-sno-1319	QO	vclaim-sno-criminal-aliens-gang-members	1	25.641025641025642	SimBa
tweet-sno-1319	QO	vclaim-sno-biden-antifa-courageous-americans	1	25.641025641025642	SimBa
tweet-sno-1319	QO	vclaim-sno-footie-loose	1	25.0	SimBa
tweet-sno-1320	QO	vclaim-sno-kaleb-shriners-hospitals-death	1	33.333333333333336	SimBa
tweet-sno-1320	QO	vclaim-sno-stamping-out	1	33.333333333333336	SimBa
tweet-sno-1320	QO	vclaim-sno-disney-pixar-boo	1	33.333333333333336	SimBa
tweet-sno-1320	QO	vclaim-sno-emoji-charges-cell-phone	1	32.786885245901644	SimBa
tweet-sno-1320	QO	vclaim-sno-circle-flies	1	32.72727272727273	SimBa
tweet-sno-1321	QO	vclaim-sno-biden-antifa-courageous-americans	1	27.272727272727273	SimBa
tweet-sno-1321	QO	vclaim-sno-killing-stone-split-evil-spirit	1	26.829268292682926	SimBa
tweet-sno-1321	QO	vclaim-sno-audit-the-vote	1	26.08695652173913	SimBa
tweet-sno-1321	QO	vclaim-sno-62-degree-celsius-kuwait-tree-fire	1	25.88235294117647	SimBa
tweet-sno-1321	QO	vclaim-sno-oregon-gun-confiscation	1	25.641025641025642	SimBa
tweet-sno-1322	QO	vclaim-sno-cdc-ted-cruz-mexico	1	20.689655172413794	SimBa
tweet-sno-1322	QO	vclaim-sno-footie-loose	1	19.753086419753085	SimBa
tweet-sno-1322	QO	vclaim-sno-schumer-erection-senate-floor	1	19.565217391304348	SimBa
tweet-sno-1322	QO	vclaim-sno-ted-cruz-texas-freezes-over	1	19.27710843373494	SimBa
tweet-sno-1322	QO	vclaim-sno-ice-citizens-academy-civilians	1	18.75	SimBa
tweet-sno-1323	QO	vclaim-sno-biden-antifa-courageous-americans	1	25.0	SimBa
tweet-sno-1323	QO	vclaim-sno-killing-stone-split-evil-spirit	1	24.324324324324323	SimBa
tweet-sno-1323	QO	vclaim-sno-facebook-declaration-of-independence-hate-speech	1	24.324324324324323	SimBa
tweet-sno-1323	QO	vclaim-sno-disney-pixar-boo	1	24.0	SimBa
tweet-sno-1323	QO	vclaim-sno-hallmark-postcard-family-member-virus	1	24.0	SimBa
tweet-sno-1324	QO	vclaim-sno-killing-stone-split-evil-spirit	1	34.48275862068965	SimBa
tweet-sno-1324	QO	vclaim-sno-biden-antifa-courageous-americans	1	34.375	SimBa
tweet-sno-1324	QO	vclaim-sno-disney-pixar-boo	1	33.89830508474576	SimBa
tweet-sno-1324	QO	vclaim-sno-delta-georgia-voting-law	1	33.89830508474576	SimBa
tweet-sno-1324	QO	vclaim-sno-oregon-gun-confiscation	1	33.333333333333336	SimBa
tweet-sno-1325	QO	vclaim-sno-62-degree-celsius-kuwait-tree-fire	1	33.333333333333336	SimBa
tweet-sno-1325	QO	vclaim-sno-dmx-death-hoax	1	32.25806451612903	SimBa
tweet-sno-1325	QO	vclaim-sno-244-inmates-fijian-prison	1	31.25	SimBa
tweet-sno-1325	QO	vclaim-sno-criminal-aliens-gang-members	1	31.111111111111114	SimBa
tweet-sno-1325	QO	vclaim-sno-kaleb-shriners-hospitals-death	1	30.0	SimBa
tweet-sno-1326	QO	vclaim-sno-disney-pixar-boo	1	24.48979591836735	SimBa
tweet-sno-1326	QO	vclaim-sno-62-degree-celsius-kuwait-tree-fire	1	23.52941176470588	SimBa
tweet-sno-1326	QO	vclaim-sno-sargento-recall-fake-news	1	23.52941176470588	SimBa
tweet-sno-1326	QO	vclaim-sno-stamping-out	1	23.255813953488374	SimBa
tweet-sno-1326	QO	vclaim-sno-emoji-charges-cell-phone	1	22.72727272727273	SimBa
tweet-sno-1327	QO	vclaim-sno-dmx-death-hoax	1	35.294117647058826	SimBa
tweet-sno-1327	QO	vclaim-sno-244-inmates-fijian-prison	1	34.285714285714285	SimBa
tweet-sno-1327	QO	vclaim-sno-oprah-shout-your-abortion	1	33.33333333333333	SimBa
tweet-sno-1327	QO	vclaim-sno-disney-pixar-boo	1	32.55813953488372	SimBa
tweet-sno-1327	QO	vclaim-sno-kaleb-shriners-hospitals-death	1	32.55813953488372	SimBa
tweet-sno-1328	QO	vclaim-sno-disney-pixar-boo	1	30.76923076923077	SimBa
tweet-sno-1328	QO	vclaim-sno-emoji-charges-cell-phone	1	29.78723404255319	SimBa
tweet-sno-1328	QO	vclaim-sno-killing-stone-split-evil-spirit	1	27.45098039215686	SimBa
tweet-sno-1328	QO	vclaim-sno-delta-georgia-voting-law	1	26.923076923076923	SimBa
tweet-sno-1328	QO	vclaim-sno-sarah-palin-russia-house	1	26.41509433962264	SimBa
tweet-sno-1329	QO	vclaim-sno-shock-cover	1	53.84615384615385	SimBa
tweet-sno-1329	QO	vclaim-sno-uss-new-york	1	50.0	SimBa
tweet-sno-1329	QO	vclaim-sno-emoji-charges-cell-phone	1	48.648648648648646	SimBa
tweet-sno-1329	QO	vclaim-sno-pamela-anderson-death-hoax	1	48.275862068965516	SimBa
tweet-sno-1329	QO	vclaim-sno-sea-roach	1	48.275862068965516	SimBa
tweet-sno-1330	QO	vclaim-sno-stamping-out	1	35.8974358974359	SimBa
tweet-sno-1330	QO	vclaim-sno-disney-pixar-boo	1	35.55555555555556	SimBa
tweet-sno-1330	QO	vclaim-sno-maps-pride-flag	1	35.294117647058826	SimBa
tweet-sno-1330	QO	vclaim-sno-woman-births-octopus	1	34.146341463414636	SimBa
tweet-sno-1330	QO	vclaim-sno-62-degree-celsius-kuwait-tree-fire	1	34.04255319148936	SimBa
tweet-sno-1331	QO	vclaim-sno-kaleb-shriners-hospitals-death	1	23.52941176470588	SimBa
tweet-sno-1331	QO	vclaim-sno-disney-pixar-boo	1	23.52941176470588	SimBa
tweet-sno-1331	QO	vclaim-sno-244-inmates-fijian-prison	1	23.255813953488374	SimBa
tweet-sno-1331	QO	vclaim-sno-62-degree-celsius-kuwait-tree-fire	1	22.641509433962263	SimBa
tweet-sno-1331	QO	vclaim-sno-sargento-recall-fake-news	1	22.641509433962263	SimBa
tweet-sno-1332	QO	vclaim-sno-244-inmates-fijian-prison	1	25.352112676056336	SimBa
tweet-sno-1332	QO	vclaim-sno-oprah-shout-your-abortion	1	25.0	SimBa
tweet-sno-1332	QO	vclaim-sno-62-degree-celsius-kuwait-tree-fire	1	24.691358024691358	SimBa
tweet-sno-1332	QO	vclaim-sno-stamping-out	1	24.65753424657534	SimBa
tweet-sno-1332	QO	vclaim-sno-woman-births-octopus	1	24.0	SimBa
tweet-sno-1333	QO	vclaim-sno-244-inmates-fijian-prison	1	28.07017543859649	SimBa
tweet-sno-1333	QO	vclaim-sno-disney-pixar-boo	1	27.692307692307693	SimBa
tweet-sno-1333	QO	vclaim-sno-kaleb-shriners-hospitals-death	1	27.692307692307693	SimBa
tweet-sno-1333	QO	vclaim-sno-stamping-out	1	27.11864406779661	SimBa
tweet-sno-1333	QO	vclaim-sno-62-degree-celsius-kuwait-tree-fire	1	26.865671641791046	SimBa
tweet-sno-1334	QO	vclaim-sno-disney-pixar-boo	1	21.428571428571427	SimBa
tweet-sno-1334	QO	vclaim-sno-kaleb-shriners-hospitals-death	1	21.428571428571427	SimBa
tweet-sno-1334	QO	vclaim-sno-dmx-death-hoax	1	21.333333333333332	SimBa
tweet-sno-1334	QO	vclaim-sno-244-inmates-fijian-prison	1	21.05263157894737	SimBa
tweet-sno-1334	QO	vclaim-sno-62-degree-celsius-kuwait-tree-fire	1	20.930232558139537	SimBa
tweet-sno-1335	QO	vclaim-sno-disney-pixar-boo	1	39.2156862745098	SimBa
tweet-sno-1335	QO	vclaim-sno-biden-admit-voter-fraud	1	38.095238095238095	SimBa
tweet-sno-1335	QO	vclaim-sno-62-degree-celsius-kuwait-tree-fire	1	37.735849056603776	SimBa
tweet-sno-1335	QO	vclaim-sno-244-inmates-fijian-prison	1	37.2093023255814	SimBa
tweet-sno-1335	QO	vclaim-sno-apple-crumble	1	37.2093023255814	SimBa
tweet-sno-1336	QO	vclaim-sno-disney-pixar-boo	1	23.376623376623378	SimBa
tweet-sno-1336	QO	vclaim-sno-62-degree-celsius-kuwait-tree-fire	1	22.78481012658228	SimBa
tweet-sno-1336	QO	vclaim-sno-biden-antifa-courageous-americans	1	21.95121951219512	SimBa
tweet-sno-1336	QO	vclaim-sno-capitol-riot-podium	1	21.428571428571427	SimBa
tweet-sno-1336	QO	vclaim-sno-trump-deport-aoc-omar	1	21.176470588235293	SimBa
tweet-sno-1337	QO	vclaim-sno-disney-pixar-boo	1	27.160493827160494	SimBa
tweet-sno-1337	QO	vclaim-sno-emoji-charges-cell-phone	1	26.315789473684212	SimBa
tweet-sno-1337	QO	vclaim-sno-biden-antifa-courageous-americans	1	25.581395348837212	SimBa
tweet-sno-1337	QO	vclaim-sno-killing-stone-split-evil-spirit	1	25.0	SimBa
tweet-sno-1337	QO	vclaim-sno-kaleb-shriners-hospitals-death	1	24.691358024691358	SimBa
tweet-sno-1338	QO	vclaim-sno-killing-stone-split-evil-spirit	1	34.666666666666664	SimBa
tweet-sno-1338	QO	vclaim-sno-biden-antifa-courageous-americans	1	34.5679012345679	SimBa
tweet-sno-1338	QO	vclaim-sno-trump-terminate-social-security	1	33.80281690140845	SimBa
tweet-sno-1338	QO	vclaim-sno-emoji-charges-cell-phone	1	33.80281690140845	SimBa
tweet-sno-1338	QO	vclaim-sno-oregon-gun-confiscation	1	33.80281690140845	SimBa
tweet-sno-1339	QO	vclaim-sno-ice-twitter-account-disappear	1	21.176470588235293	SimBa
tweet-sno-1339	QO	vclaim-sno-disney-pixar-boo	1	20.77922077922078	SimBa
tweet-sno-1339	QO	vclaim-sno-kaleb-shriners-hospitals-death	1	20.77922077922078	SimBa
tweet-sno-1339	QO	vclaim-sno-dmx-death-hoax	1	20.58823529411765	SimBa
tweet-sno-1339	QO	vclaim-sno-244-inmates-fijian-prison	1	20.28985507246377	SimBa
tweet-sno-1340	QO	vclaim-sno-disney-pixar-boo	1	29.62962962962963	SimBa
tweet-sno-1340	QO	vclaim-sno-emoji-charges-cell-phone	1	28.571428571428573	SimBa
tweet-sno-1340	QO	vclaim-sno-biden-antifa-courageous-americans	1	27.11864406779661	SimBa
tweet-sno-1340	QO	vclaim-sno-dmx-death-hoax	1	26.666666666666668	SimBa
tweet-sno-1340	QO	vclaim-sno-killing-stone-split-evil-spirit	1	26.41509433962264	SimBa
tweet-sno-1341	QO	vclaim-sno-biden-antifa-courageous-americans	1	30.508474576271183	SimBa
tweet-sno-1341	QO	vclaim-sno-don-moen-death-hoax	1	30.43478260869565	SimBa
tweet-sno-1341	QO	vclaim-sno-facebook-declaration-of-independence-hate-speech	1	30.18867924528302	SimBa
tweet-sno-1341	QO	vclaim-sno-killing-stone-split-evil-spirit	1	30.18867924528302	SimBa
tweet-sno-1341	QO	vclaim-sno-hallmark-postcard-family-member-virus	1	29.62962962962963	SimBa
tweet-sno-1342	QO	vclaim-sno-244-inmates-fijian-prison	1	29.09090909090909	SimBa
tweet-sno-1342	QO	vclaim-sno-disney-pixar-boo	1	28.57142857142857	SimBa
tweet-sno-1342	QO	vclaim-sno-62-degree-celsius-kuwait-tree-fire	1	27.692307692307693	SimBa
tweet-sno-1342	QO	vclaim-sno-biden-antifa-courageous-americans	1	26.47058823529412	SimBa
tweet-sno-1342	QO	vclaim-sno-purchasing-agreement	1	26.229508196721312	SimBa
tweet-sno-1343	QO	vclaim-sno-kaleb-shriners-hospitals-death	1	19.047619047619047	SimBa
tweet-sno-1343	QO	vclaim-sno-disney-pixar-boo	1	19.047619047619047	SimBa
tweet-sno-1343	QO	vclaim-sno-dmx-death-hoax	1	18.51851851851852	SimBa
tweet-sno-1343	QO	vclaim-sno-sargento-recall-fake-news	1	18.461538461538463	SimBa
tweet-sno-1343	QO	vclaim-sno-62-degree-celsius-kuwait-tree-fire	1	18.461538461538463	SimBa
tweet-sno-1344	QO	vclaim-sno-244-inmates-fijian-prison	1	25.454545454545453	SimBa
tweet-sno-1344	QO	vclaim-sno-kaleb-shriners-hospitals-death	1	25.396825396825395	SimBa
tweet-sno-1344	QO	vclaim-sno-disney-pixar-boo	1	25.396825396825395	SimBa
tweet-sno-1344	QO	vclaim-sno-sargento-recall-fake-news	1	24.615384615384617	SimBa
tweet-sno-1344	QO	vclaim-sno-62-degree-celsius-kuwait-tree-fire	1	24.615384615384617	SimBa
tweet-sno-1345	QO	vclaim-sno-disney-pixar-boo	1	21.05263157894737	SimBa
tweet-sno-1345	QO	vclaim-sno-62-degree-celsius-kuwait-tree-fire	1	20.512820512820515	SimBa
tweet-sno-1345	QO	vclaim-sno-biden-antifa-courageous-americans	1	19.753086419753085	SimBa
tweet-sno-1345	QO	vclaim-sno-capitol-riot-podium	1	19.27710843373494	SimBa
tweet-sno-1345	QO	vclaim-sno-trump-deport-aoc-omar	1	19.047619047619047	SimBa
tweet-sno-1346	QO	vclaim-sno-disney-pixar-boo	1	26.506024096385545	SimBa
tweet-sno-1346	QO	vclaim-sno-kaleb-shriners-hospitals-death	1	26.506024096385545	SimBa
tweet-sno-1346	QO	vclaim-sno-stamping-out	1	25.974025974025974	SimBa
tweet-sno-1346	QO	vclaim-sno-62-degree-celsius-kuwait-tree-fire	1	25.88235294117647	SimBa
tweet-sno-1346	QO	vclaim-sno-sargento-recall-fake-news	1	25.88235294117647	SimBa
tweet-sno-1347	QO	vclaim-sno-disney-pixar-boo	1	17.97752808988764	SimBa
tweet-sno-1347	QO	vclaim-sno-kaleb-shriners-hospitals-death	1	17.97752808988764	SimBa
tweet-sno-1347	QO	vclaim-sno-62-degree-celsius-kuwait-tree-fire	1	17.582417582417584	SimBa
tweet-sno-1347	QO	vclaim-sno-sargento-recall-fake-news	1	17.582417582417584	SimBa
tweet-sno-1347	QO	vclaim-sno-criminal-aliens-gang-members	1	17.02127659574468	SimBa
tweet-sno-1348	QO	vclaim-sno-biden-antifa-courageous-americans	1	21.818181818181817	SimBa
tweet-sno-1348	QO	vclaim-sno-killing-stone-split-evil-spirit	1	21.153846153846153	SimBa
tweet-sno-1348	QO	vclaim-sno-audit-the-vote	1	21.052631578947366	SimBa
tweet-sno-1348	QO	vclaim-sno-disney-pixar-boo	1	20.952380952380953	SimBa
tweet-sno-1348	QO	vclaim-sno-donald-trump-purge-slogan	1	20.37037037037037	SimBa
tweet-sno-1349	QO	vclaim-sno-dmx-death-hoax	1	26.923076923076923	SimBa
tweet-sno-1349	QO	vclaim-sno-disney-pixar-boo	1	26.229508196721312	SimBa
tweet-sno-1349	QO	vclaim-sno-kaleb-shriners-hospitals-death	1	26.229508196721312	SimBa
tweet-sno-1349	QO	vclaim-sno-ice-twitter-account-disappear	1	26.08695652173913	SimBa
tweet-sno-1349	QO	vclaim-sno-oprah-shout-your-abortion	1	25.925925925925927	SimBa
tweet-sno-1350	QO	vclaim-sno-ice-twitter-account-disappear	1	19.047619047619047	SimBa
tweet-sno-1350	QO	vclaim-sno-kaleb-shriners-hospitals-death	1	18.18181818181818	SimBa
tweet-sno-1350	QO	vclaim-sno-disney-pixar-boo	1	18.18181818181818	SimBa
tweet-sno-1350	QO	vclaim-sno-62-degree-celsius-kuwait-tree-fire	1	17.543859649122805	SimBa
tweet-sno-1350	QO	vclaim-sno-sargento-recall-fake-news	1	17.543859649122805	SimBa
tweet-sno-1351	QO	vclaim-sno-ice-twitter-account-disappear	1	20.253164556962027	SimBa
tweet-sno-1351	QO	vclaim-sno-62-degree-celsius-kuwait-tree-fire	1	19.17808219178082	SimBa
tweet-sno-1351	QO	vclaim-sno-244-inmates-fijian-prison	1	19.047619047619047	SimBa
tweet-sno-1351	QO	vclaim-sno-stamping-out	1	18.461538461538463	SimBa
tweet-sno-1351	QO	vclaim-sno-cdc-ted-cruz-mexico	1	18.42105263157895	SimBa
tweet-sno-1352	QO	vclaim-sno-biden-antifa-courageous-americans	1	26.373626373626376	SimBa
tweet-sno-1352	QO	vclaim-sno-killing-stone-split-evil-spirit	1	25.88235294117647	SimBa
tweet-sno-1352	QO	vclaim-sno-melania-christmas-recording	1	25.806451612903224	SimBa
tweet-sno-1352	QO	vclaim-sno-don-moen-death-hoax	1	25.641025641025642	SimBa
tweet-sno-1352	QO	vclaim-sno-disney-pixar-boo	1	25.581395348837212	SimBa
tweet-sno-1353	QO	vclaim-sno-kaleb-shriners-hospitals-death	1	20.0	SimBa
tweet-sno-1353	QO	vclaim-sno-disney-pixar-boo	1	20.0	SimBa
tweet-sno-1353	QO	vclaim-sno-dmx-death-hoax	1	19.672131147540984	SimBa
tweet-sno-1353	QO	vclaim-sno-sargento-recall-fake-news	1	19.444444444444443	SimBa
tweet-sno-1353	QO	vclaim-sno-62-degree-celsius-kuwait-tree-fire	1	19.444444444444443	SimBa
tweet-sno-1354	QO	vclaim-sno-dmx-death-hoax	1	41.37931034482759	SimBa
tweet-sno-1354	QO	vclaim-sno-stamping-out	1	37.5	SimBa
tweet-sno-1354	QO	vclaim-sno-kaleb-shriners-hospitals-death	1	36.8421052631579	SimBa
tweet-sno-1354	QO	vclaim-sno-disney-pixar-boo	1	36.8421052631579	SimBa
tweet-sno-1354	QO	vclaim-sno-shock-cover	1	36.36363636363637	SimBa
tweet-sno-1355	QO	vclaim-sno-62-degree-celsius-kuwait-tree-fire	1	34.78260869565217	SimBa
tweet-sno-1355	QO	vclaim-sno-244-inmates-fijian-prison	1	33.33333333333333	SimBa
tweet-sno-1355	QO	vclaim-sno-twitter-censor-1984-orwell	1	33.33333333333333	SimBa
tweet-sno-1355	QO	vclaim-sno-criminal-aliens-gang-members	1	32.6530612244898	SimBa
tweet-sno-1355	QO	vclaim-sno-asteroid-warning-april-2020	1	32.55813953488372	SimBa
tweet-sno-1356	QO	vclaim-sno-dmx-death-hoax	1	45.16129032258064	SimBa
tweet-sno-1356	QO	vclaim-sno-shock-cover	1	41.66666666666667	SimBa
tweet-sno-1356	QO	vclaim-sno-is-it-snowing	1	41.37931034482759	SimBa
tweet-sno-1356	QO	vclaim-sno-naked-women-scare-terrorists-rumor	1	41.37931034482759	SimBa
tweet-sno-1356	QO	vclaim-sno-stamping-out	1	41.1764705882353	SimBa
tweet-sno-1357	QO	vclaim-sno-cdc-ted-cruz-mexico	1	27.5	SimBa
tweet-sno-1357	QO	vclaim-sno-biden-antifa-courageous-americans	1	27.5	SimBa
tweet-sno-1357	QO	vclaim-sno-killing-stone-split-evil-spirit	1	27.027027027027025	SimBa
tweet-sno-1357	QO	vclaim-sno-words-of-wisdom	1	26.829268292682926	SimBa
tweet-sno-1357	QO	vclaim-sno-oprah-shout-your-abortion	1	26.47058823529412	SimBa
tweet-sno-1358	QO	vclaim-sno-dmx-death-hoax	1	35.714285714285715	SimBa
tweet-sno-1358	QO	vclaim-sno-stamping-out	1	33.89830508474576	SimBa
tweet-sno-1358	QO	vclaim-sno-disney-pixar-boo	1	33.84615384615385	SimBa
tweet-sno-1358	QO	vclaim-sno-kaleb-shriners-hospitals-death	1	33.84615384615385	SimBa
tweet-sno-1358	QO	vclaim-sno-emoji-charges-cell-phone	1	33.333333333333336	SimBa
tweet-sno-1359	QO	vclaim-sno-ice-twitter-account-disappear	1	19.27710843373494	SimBa
tweet-sno-1359	QO	vclaim-sno-asteroid-warning-april-2020	1	18.91891891891892	SimBa
tweet-sno-1359	QO	vclaim-sno-disney-pixar-boo	1	18.666666666666664	SimBa
tweet-sno-1359	QO	vclaim-sno-kaleb-shriners-hospitals-death	1	18.666666666666664	SimBa
tweet-sno-1359	QO	vclaim-sno-sargento-recall-fake-news	1	18.18181818181818	SimBa
tweet-sno-1360	QO	vclaim-sno-disney-pixar-boo	1	39.285714285714285	SimBa
tweet-sno-1360	QO	vclaim-sno-biden-admit-voter-fraud	1	38.29787234042553	SimBa
tweet-sno-1360	QO	vclaim-sno-62-degree-celsius-kuwait-tree-fire	1	37.93103448275862	SimBa
tweet-sno-1360	QO	vclaim-sno-don-moen-death-hoax	1	37.5	SimBa
tweet-sno-1360	QO	vclaim-sno-do-scented-candles-cause-cancer	1	37.5	SimBa
tweet-sno-1361	QO	vclaim-sno-dmx-death-hoax	1	23.076923076923077	SimBa
tweet-sno-1361	QO	vclaim-sno-disney-pixar-boo	1	22.950819672131146	SimBa
tweet-sno-1361	QO	vclaim-sno-kaleb-shriners-hospitals-death	1	22.950819672131146	SimBa
tweet-sno-1361	QO	vclaim-sno-62-degree-celsius-kuwait-tree-fire	1	22.22222222222222	SimBa
tweet-sno-1361	QO	vclaim-sno-sargento-recall-fake-news	1	22.22222222222222	SimBa
tweet-sno-1362	QO	vclaim-sno-schumer-erection-senate-floor	1	17.28395061728395	SimBa
tweet-sno-1362	QO	vclaim-sno-cdc-ted-cruz-mexico	1	16.560509554140125	SimBa
tweet-sno-1362	QO	vclaim-sno-asteroid-golden-gate-bridge	1	16.352201257861633	SimBa
tweet-sno-1362	QO	vclaim-sno-sag-letter-president-trump	1	16.184971098265898	SimBa
tweet-sno-1362	QO	vclaim-sno-wolf-moon-january	1	16.107382550335572	SimBa
tweet-sno-1363	QO	vclaim-sno-244-inmates-fijian-prison	1	28.57142857142857	SimBa
tweet-sno-1363	QO	vclaim-sno-disney-pixar-boo	1	28.0	SimBa
tweet-sno-1363	QO	vclaim-sno-62-degree-celsius-kuwait-tree-fire	1	26.923076923076923	SimBa
tweet-sno-1363	QO	vclaim-sno-biden-antifa-courageous-americans	1	25.454545454545453	SimBa
tweet-sno-1363	QO	vclaim-sno-capitol-riot-podium	1	24.561403508771928	SimBa
tweet-sno-1364	QO	vclaim-sno-430-pound-buck	1	30.0	SimBa
tweet-sno-1364	QO	vclaim-sno-oprah-shout-your-abortion	1	30.0	SimBa
tweet-sno-1364	QO	vclaim-sno-kaleb-shriners-hospitals-death	1	29.78723404255319	SimBa
tweet-sno-1364	QO	vclaim-sno-disney-pixar-boo	1	29.78723404255319	SimBa
tweet-sno-1364	QO	vclaim-sno-450-pound-dog	1	29.411764705882355	SimBa
tweet-sno-1365	QO	vclaim-sno-disney-pixar-boo	1	28.0	SimBa
tweet-sno-1365	QO	vclaim-sno-kaleb-shriners-hospitals-death	1	28.0	SimBa
tweet-sno-1365	QO	vclaim-sno-ice-twitter-account-disappear	1	27.586206896551722	SimBa
tweet-sno-1365	QO	vclaim-sno-stamping-out	1	27.272727272727273	SimBa
tweet-sno-1365	QO	vclaim-sno-62-degree-celsius-kuwait-tree-fire	1	26.923076923076923	SimBa
tweet-sno-1366	QO	vclaim-sno-dmx-death-hoax	1	25.806451612903224	SimBa
tweet-sno-1366	QO	vclaim-sno-disney-pixar-boo	1	25.0	SimBa
tweet-sno-1366	QO	vclaim-sno-244-inmates-fijian-prison	1	25.0	SimBa
tweet-sno-1366	QO	vclaim-sno-kaleb-shriners-hospitals-death	1	25.0	SimBa
tweet-sno-1366	QO	vclaim-sno-62-degree-celsius-kuwait-tree-fire	1	23.80952380952381	SimBa
tweet-sno-1367	QO	vclaim-sno-244-inmates-fijian-prison	1	35.8974358974359	SimBa
tweet-sno-1367	QO	vclaim-sno-stamping-out	1	34.146341463414636	SimBa
tweet-sno-1367	QO	vclaim-sno-kaleb-shriners-hospitals-death	1	34.04255319148936	SimBa
tweet-sno-1367	QO	vclaim-sno-disney-pixar-boo	1	34.04255319148936	SimBa
tweet-sno-1367	QO	vclaim-sno-emoji-charges-cell-phone	1	33.333333333333336	SimBa
tweet-sno-1368	QO	vclaim-sno-62-degree-celsius-kuwait-tree-fire	1	32.142857142857146	SimBa
tweet-sno-1368	QO	vclaim-sno-criminal-aliens-gang-members	1	30.508474576271183	SimBa
tweet-sno-1368	QO	vclaim-sno-244-inmates-fijian-prison	1	30.43478260869565	SimBa
tweet-sno-1368	QO	vclaim-sno-kaleb-shriners-hospitals-death	1	29.62962962962963	SimBa
tweet-sno-1368	QO	vclaim-sno-disney-pixar-boo	1	29.62962962962963	SimBa
tweet-sno-1369	QO	vclaim-sno-ice-twitter-account-disappear	1	20.253164556962027	SimBa
tweet-sno-1369	QO	vclaim-sno-disney-pixar-boo	1	19.718309859154928	SimBa
tweet-sno-1369	QO	vclaim-sno-kaleb-shriners-hospitals-death	1	19.718309859154928	SimBa
tweet-sno-1369	QO	vclaim-sno-dmx-death-hoax	1	19.354838709677416	SimBa
tweet-sno-1369	QO	vclaim-sno-sargento-recall-fake-news	1	19.17808219178082	SimBa
tweet-sno-1370	QO	vclaim-sno-cdc-ted-cruz-mexico	1	18.823529411764707	SimBa
tweet-sno-1370	QO	vclaim-sno-schumer-erection-senate-floor	1	17.77777777777778	SimBa
tweet-sno-1370	QO	vclaim-sno-footie-loose	1	17.721518987341774	SimBa
tweet-sno-1370	QO	vclaim-sno-ted-cruz-texas-freezes-over	1	17.28395061728395	SimBa
tweet-sno-1370	QO	vclaim-sno-ice-citizens-academy-civilians	1	17.02127659574468	SimBa
tweet-sno-1371	QO	vclaim-sno-dmx-death-hoax	1	33.333333333333336	SimBa
tweet-sno-1371	QO	vclaim-sno-244-inmates-fijian-prison	1	32.25806451612903	SimBa
tweet-sno-1371	QO	vclaim-sno-kaleb-shriners-hospitals-death	1	30.769230769230774	SimBa
tweet-sno-1371	QO	vclaim-sno-disney-pixar-boo	1	30.769230769230774	SimBa
tweet-sno-1371	QO	vclaim-sno-stamping-out	1	30.303030303030305	SimBa
tweet-sno-1372	QO	vclaim-sno-dmx-death-hoax	1	40.0	SimBa
tweet-sno-1372	QO	vclaim-sno-stamping-out	1	37.2093023255814	SimBa
tweet-sno-1372	QO	vclaim-sno-disney-pixar-boo	1	36.734693877551024	SimBa
tweet-sno-1372	QO	vclaim-sno-kaleb-shriners-hospitals-death	1	36.734693877551024	SimBa
tweet-sno-1372	QO	vclaim-sno-woman-births-octopus	1	35.55555555555556	SimBa
tweet-sno-1373	QO	vclaim-sno-dmx-death-hoax	1	32.25806451612903	SimBa
tweet-sno-1373	QO	vclaim-sno-kaleb-shriners-hospitals-death	1	30.0	SimBa
tweet-sno-1373	QO	vclaim-sno-disney-pixar-boo	1	30.0	SimBa
tweet-sno-1373	QO	vclaim-sno-stamping-out	1	29.411764705882355	SimBa
tweet-sno-1373	QO	vclaim-sno-ice-twitter-account-disappear	1	29.166666666666668	SimBa
tweet-sno-1374	QO	vclaim-sno-244-inmates-fijian-prison	1	35.55555555555556	SimBa
tweet-sno-1374	QO	vclaim-sno-stamping-out	1	34.04255319148936	SimBa
tweet-sno-1374	QO	vclaim-sno-kaleb-shriners-hospitals-death	1	33.9622641509434	SimBa
tweet-sno-1374	QO	vclaim-sno-disney-pixar-boo	1	33.9622641509434	SimBa
tweet-sno-1374	QO	vclaim-sno-emoji-charges-cell-phone	1	33.333333333333336	SimBa
tweet-sno-1375	QO	vclaim-sno-dmx-death-hoax	1	26.666666666666668	SimBa
tweet-sno-1375	QO	vclaim-sno-244-inmates-fijian-prison	1	25.806451612903224	SimBa
tweet-sno-1375	QO	vclaim-sno-kaleb-shriners-hospitals-death	1	25.641025641025642	SimBa
tweet-sno-1375	QO	vclaim-sno-disney-pixar-boo	1	25.641025641025642	SimBa
tweet-sno-1375	QO	vclaim-sno-62-degree-celsius-kuwait-tree-fire	1	24.390243902439025	SimBa
tweet-sno-1376	QO	vclaim-sno-don-moen-death-hoax	1	33.33333333333333	SimBa
tweet-sno-1376	QO	vclaim-sno-biden-antifa-courageous-americans	1	32.94117647058824	SimBa
tweet-sno-1376	QO	vclaim-sno-killing-stone-split-evil-spirit	1	32.911392405063296	SimBa
tweet-sno-1376	QO	vclaim-sno-disney-pixar-boo	1	32.5	SimBa
tweet-sno-1376	QO	vclaim-sno-trump-terminate-social-security	1	32.0	SimBa
tweet-sno-1377	QO	vclaim-sno-cdc-ted-cruz-mexico	1	21.78217821782178	SimBa
tweet-sno-1377	QO	vclaim-sno-footie-loose	1	21.052631578947366	SimBa
tweet-sno-1377	QO	vclaim-sno-schumer-erection-senate-floor	1	20.754716981132077	SimBa
tweet-sno-1377	QO	vclaim-sno-carmex-addiction	1	20.0	SimBa
tweet-sno-1377	QO	vclaim-sno-ice-citizens-academy-civilians	1	20.0	SimBa
tweet-sno-1378	QO	vclaim-sno-dmx-death-hoax	1	27.77777777777778	SimBa
tweet-sno-1378	QO	vclaim-sno-244-inmates-fijian-prison	1	27.027027027027025	SimBa
tweet-sno-1378	QO	vclaim-sno-kaleb-shriners-hospitals-death	1	26.666666666666668	SimBa
tweet-sno-1378	QO	vclaim-sno-disney-pixar-boo	1	26.666666666666668	SimBa
tweet-sno-1378	QO	vclaim-sno-stamping-out	1	25.641025641025642	SimBa
tweet-sno-1379	QO	vclaim-sno-schumer-erection-senate-floor	1	29.850746268656717	SimBa
tweet-sno-1379	QO	vclaim-sno-wolf-moon-january	1	29.62962962962963	SimBa
tweet-sno-1379	QO	vclaim-sno-only-fans-reverses-ban-sexually-explicit	1	29.09090909090909	SimBa
tweet-sno-1379	QO	vclaim-sno-cdc-ted-cruz-mexico	1	29.032258064516128	SimBa
tweet-sno-1379	QO	vclaim-sno-cnn-don-lemon-openly-black	1	28.571428571428573	SimBa
tweet-sno-1380	QO	vclaim-sno-disney-pixar-boo	1	18.823529411764707	SimBa
tweet-sno-1380	QO	vclaim-sno-62-degree-celsius-kuwait-tree-fire	1	18.39080459770115	SimBa
tweet-sno-1380	QO	vclaim-sno-biden-antifa-courageous-americans	1	17.77777777777778	SimBa
tweet-sno-1380	QO	vclaim-sno-capitol-riot-podium	1	17.391304347826086	SimBa
tweet-sno-1380	QO	vclaim-sno-trump-deport-aoc-omar	1	17.204301075268816	SimBa
tweet-sno-1381	QO	vclaim-sno-chimera-cat	1	28.915662650602414	SimBa
tweet-sno-1381	QO	vclaim-sno-cdc-ted-cruz-mexico	1	28.571428571428573	SimBa
tweet-sno-1381	QO	vclaim-sno-a-black-man-the-progressives-perfect-trojan-horse	1	27.956989247311824	SimBa
tweet-sno-1381	QO	vclaim-sno-ted-cruz-texas-freezes-over	1	27.659574468085104	SimBa
tweet-sno-1381	QO	vclaim-sno-schumer-erection-senate-floor	1	27.184466019417478	SimBa
tweet-sno-1382	QO	vclaim-sno-biden-antifa-courageous-americans	1	23.655913978494624	SimBa
tweet-sno-1382	QO	vclaim-sno-melania-christmas-recording	1	23.157894736842103	SimBa
tweet-sno-1382	QO	vclaim-sno-facebook-declaration-of-independence-hate-speech	1	22.988505747126435	SimBa
tweet-sno-1382	QO	vclaim-sno-killing-stone-split-evil-spirit	1	22.988505747126435	SimBa
tweet-sno-1382	QO	vclaim-sno-disney-pixar-boo	1	22.72727272727273	SimBa
tweet-sno-1383	QO	vclaim-sno-emoji-charges-cell-phone	1	40.909090909090914	SimBa
tweet-sno-1383	QO	vclaim-sno-disney-pixar-boo	1	40.816326530612244	SimBa
tweet-sno-1383	QO	vclaim-sno-loretta-lynn-kid-rock-married	1	39.02439024390244	SimBa
tweet-sno-1383	QO	vclaim-sno-don-moen-death-hoax	1	39.02439024390244	SimBa
tweet-sno-1383	QO	vclaim-sno-244-inmates-fijian-prison	1	39.02439024390244	SimBa
tweet-sno-1384	QO	vclaim-sno-dmx-death-hoax	1	25.53191489361702	SimBa
tweet-sno-1384	QO	vclaim-sno-kaleb-shriners-hospitals-death	1	25.0	SimBa
tweet-sno-1384	QO	vclaim-sno-244-inmates-fijian-prison	1	25.0	SimBa
tweet-sno-1384	QO	vclaim-sno-disney-pixar-boo	1	25.0	SimBa
tweet-sno-1384	QO	vclaim-sno-62-degree-celsius-kuwait-tree-fire	1	24.137931034482758	SimBa
tweet-sno-1385	QO	vclaim-sno-don-moen-death-hoax	1	48.78048780487805	SimBa
tweet-sno-1385	QO	vclaim-sno-killing-stone-split-evil-spirit	1	45.833333333333336	SimBa
tweet-sno-1385	QO	vclaim-sno-oregon-gun-confiscation	1	45.45454545454546	SimBa
tweet-sno-1385	QO	vclaim-sno-disney-pixar-boo	1	44.89795918367347	SimBa
tweet-sno-1385	QO	vclaim-sno-biden-antifa-courageous-americans	1	44.44444444444444	SimBa
tweet-sno-1386	QO	vclaim-sno-dmx-death-hoax	1	55.55555555555556	SimBa
tweet-sno-1386	QO	vclaim-sno-cormac-mccarthy-death-hoax	1	54.54545454545455	SimBa
tweet-sno-1386	QO	vclaim-sno-jack-black-death-hoax	1	54.54545454545455	SimBa
tweet-sno-1386	QO	vclaim-sno-suge-knight-dead	1	54.05405405405405	SimBa
tweet-sno-1386	QO	vclaim-sno-disney-pixar-boo	1	53.333333333333336	SimBa
tweet-sno-1387	QO	vclaim-sno-don-moen-death-hoax	1	32.87671232876712	SimBa
tweet-sno-1387	QO	vclaim-sno-biden-antifa-courageous-americans	1	32.55813953488372	SimBa
tweet-sno-1387	QO	vclaim-sno-fairfax-gave-biden-extra-votes	1	32.5	SimBa
tweet-sno-1387	QO	vclaim-sno-killing-stone-split-evil-spirit	1	32.5	SimBa
tweet-sno-1387	QO	vclaim-sno-facebook-declaration-of-independence-hate-speech	1	32.5	SimBa
tweet-sno-1388	QO	vclaim-sno-don-moen-death-hoax	1	33.333333333333336	SimBa
tweet-sno-1388	QO	vclaim-sno-biden-antifa-courageous-americans	1	32.72727272727273	SimBa
tweet-sno-1388	QO	vclaim-sno-killing-stone-split-evil-spirit	1	32.6530612244898	SimBa
tweet-sno-1388	QO	vclaim-sno-facebook-declaration-of-independence-hate-speech	1	32.6530612244898	SimBa
tweet-sno-1388	QO	vclaim-sno-disney-pixar-boo	1	32.0	SimBa
tweet-sno-1389	QO	vclaim-sno-dmx-death-hoax	1	27.45098039215686	SimBa
tweet-sno-1389	QO	vclaim-sno-kaleb-shriners-hospitals-death	1	26.666666666666668	SimBa
tweet-sno-1389	QO	vclaim-sno-disney-pixar-boo	1	26.666666666666668	SimBa
tweet-sno-1389	QO	vclaim-sno-ice-twitter-account-disappear	1	26.47058823529412	SimBa
tweet-sno-1389	QO	vclaim-sno-430-pound-buck	1	26.41509433962264	SimBa
tweet-sno-1390	QO	vclaim-sno-biden-antifa-courageous-americans	1	27.659574468085104	SimBa
tweet-sno-1390	QO	vclaim-sno-killing-stone-split-evil-spirit	1	27.272727272727273	SimBa
tweet-sno-1390	QO	vclaim-sno-audit-the-vote	1	26.53061224489796	SimBa
tweet-sno-1390	QO	vclaim-sno-trump-terminate-social-security	1	26.19047619047619	SimBa
tweet-sno-1390	QO	vclaim-sno-oregon-gun-confiscation	1	26.19047619047619	SimBa
tweet-sno-1391	QO	vclaim-sno-don-moen-death-hoax	1	37.03703703703704	SimBa
tweet-sno-1391	QO	vclaim-sno-killing-stone-split-evil-spirit	1	36.0655737704918	SimBa
tweet-sno-1391	QO	vclaim-sno-biden-antifa-courageous-americans	1	35.820895522388064	SimBa
tweet-sno-1391	QO	vclaim-sno-disney-pixar-boo	1	35.483870967741936	SimBa
tweet-sno-1391	QO	vclaim-sno-oregon-gun-confiscation	1	35.08771929824561	SimBa
tweet-sno-1392	QO	vclaim-sno-circle-flies	1	28.57142857142857	SimBa
tweet-sno-1392	QO	vclaim-sno-disney-pixar-boo	1	26.41509433962264	SimBa
tweet-sno-1392	QO	vclaim-sno-kaleb-shriners-hospitals-death	1	26.41509433962264	SimBa
tweet-sno-1392	QO	vclaim-sno-ice-twitter-account-disappear	1	26.229508196721312	SimBa
tweet-sno-1392	QO	vclaim-sno-cannabis-poisoning-death	1	26.08695652173913	SimBa
tweet-sno-1393	QO	vclaim-sno-disney-pixar-boo	1	20.930232558139537	SimBa
tweet-sno-1393	QO	vclaim-sno-244-inmates-fijian-prison	1	20.512820512820515	SimBa
tweet-sno-1393	QO	vclaim-sno-62-degree-celsius-kuwait-tree-fire	1	20.454545454545457	SimBa
tweet-sno-1393	QO	vclaim-sno-biden-antifa-courageous-americans	1	19.78021978021978	SimBa
tweet-sno-1393	QO	vclaim-sno-capitol-riot-podium	1	19.354838709677416	SimBa
tweet-sno-1394	QO	vclaim-sno-oprah-shout-your-abortion	1	28.57142857142857	SimBa
tweet-sno-1394	QO	vclaim-sno-stamping-out	1	28.205128205128208	SimBa
tweet-sno-1394	QO	vclaim-sno-62-degree-celsius-kuwait-tree-fire	1	27.906976744186046	SimBa
tweet-sno-1394	QO	vclaim-sno-sargento-recall-fake-news	1	27.906976744186046	SimBa
tweet-sno-1394	QO	vclaim-sno-emoji-charges-cell-phone	1	27.848101265822788	SimBa
tweet-sno-1395	QO	vclaim-sno-244-inmates-fijian-prison	1	26.19047619047619	SimBa
tweet-sno-1395	QO	vclaim-sno-disney-pixar-boo	1	26.08695652173913	SimBa
tweet-sno-1395	QO	vclaim-sno-62-degree-celsius-kuwait-tree-fire	1	25.53191489361702	SimBa
tweet-sno-1395	QO	vclaim-sno-biden-antifa-courageous-americans	1	24.74226804123711	SimBa
tweet-sno-1395	QO	vclaim-sno-purchasing-agreement	1	24.444444444444446	SimBa
tweet-sno-1396	QO	vclaim-sno-244-inmates-fijian-prison	1	28.571428571428573	SimBa
tweet-sno-1396	QO	vclaim-sno-disney-pixar-boo	1	28.125	SimBa
tweet-sno-1396	QO	vclaim-sno-62-degree-celsius-kuwait-tree-fire	1	27.272727272727273	SimBa
tweet-sno-1396	QO	vclaim-sno-biden-antifa-courageous-americans	1	26.08695652173913	SimBa
tweet-sno-1396	QO	vclaim-sno-dmx-death-hoax	1	25.454545454545453	SimBa
tweet-sno-1397	QO	vclaim-sno-cdc-ted-cruz-mexico	1	27.586206896551722	SimBa
tweet-sno-1397	QO	vclaim-sno-footie-loose	1	26.923076923076923	SimBa
tweet-sno-1397	QO	vclaim-sno-ted-cruz-texas-freezes-over	1	25.925925925925927	SimBa
tweet-sno-1397	QO	vclaim-sno-schumer-erection-senate-floor	1	25.396825396825395	SimBa
tweet-sno-1397	QO	vclaim-sno-carmex-addiction	1	24.561403508771928	SimBa
tweet-sno-1398	QO	vclaim-sno-stamping-out	1	41.66666666666667	SimBa
tweet-sno-1398	QO	vclaim-sno-kaleb-shriners-hospitals-death	1	40.74074074074074	SimBa
tweet-sno-1398	QO	vclaim-sno-disney-pixar-boo	1	40.74074074074074	SimBa
tweet-sno-1398	QO	vclaim-sno-woman-births-octopus	1	40.0	SimBa
tweet-sno-1398	QO	vclaim-sno-dmx-death-hoax	1	40.0	SimBa
tweet-sno-1399	QO	vclaim-sno-giant-squid-sighting-japan	1	36.0	SimBa
tweet-sno-1399	QO	vclaim-sno-62-degree-celsius-kuwait-tree-fire	1	35.483870967741936	SimBa
tweet-sno-1399	QO	vclaim-sno-audit-the-vote	1	34.78260869565217	SimBa
tweet-sno-1399	QO	vclaim-sno-first-lady-of-the-lamp	1	34.48275862068965	SimBa
tweet-sno-1399	QO	vclaim-sno-light-fingered	1	33.9622641509434	SimBa
tweet-sno-1400	QO	vclaim-sno-244-inmates-fijian-prison	1	23.07692307692308	SimBa
tweet-sno-1400	QO	vclaim-sno-oprah-shout-your-abortion	1	22.78481012658228	SimBa
tweet-sno-1400	QO	vclaim-sno-62-degree-celsius-kuwait-tree-fire	1	22.72727272727273	SimBa
tweet-sno-1400	QO	vclaim-sno-stamping-out	1	22.5	SimBa
tweet-sno-1400	QO	vclaim-sno-cdc-ted-cruz-mexico	1	21.978021978021978	SimBa
tweet-sno-1401	QO	vclaim-sno-disney-pixar-boo	1	21.50537634408602	SimBa
tweet-sno-1401	QO	vclaim-sno-62-degree-celsius-kuwait-tree-fire	1	21.052631578947366	SimBa
tweet-sno-1401	QO	vclaim-sno-biden-antifa-courageous-americans	1	20.408163265306122	SimBa
tweet-sno-1401	QO	vclaim-sno-capitol-riot-podium	1	20.0	SimBa
tweet-sno-1401	QO	vclaim-sno-trump-deport-aoc-omar	1	19.801980198019802	SimBa
