tweet-sno-1200	QO	vclaim-sno-the-not-so-sweet-smell-of-success	1	2	SimBa
tweet-sno-1200	QO	vclaim-sno-lady-gaga-fox-coat	1	2	SimBa
tweet-sno-1200	QO	vclaim-sno-lady-gagas-arrested-for-twitter-attack-on-melania-trump	1	2	SimBa
tweet-sno-1200	QO	vclaim-sno-lady-gaga	1	2	SimBa
tweet-sno-1200	QO	vclaim-sno-lady-gaga-super-bowl-satanic-ritual	1	2	SimBa
tweet-sno-1201	QO	vclaim-sno-mcconnell-biden-putin	1	5	SimBa
tweet-sno-1201	QO	vclaim-sno-mitch-mcconnell-blocked-investigating-russian-hacks	1	4	SimBa
tweet-sno-1201	QO	vclaim-sno-did-c-span-insult-mitch-mcconnell	1	3	SimBa
tweet-sno-1201	QO	vclaim-sno-biden-or-trump-female-press-team	1	3	SimBa
tweet-sno-1201	QO	vclaim-sno-obama-renzi-rig-election	1	3	SimBa
tweet-sno-1202	QO	vclaim-sno-biden-executive-order-dictator	1	8	SimBa
tweet-sno-1202	QO	vclaim-sno-biden-bans-china-virus	1	5	SimBa
tweet-sno-1202	QO	vclaim-sno-biden-transgender-athletes-sports	1	5	SimBa
tweet-sno-1202	QO	vclaim-sno-biden-abortion-exec-order	1	5	SimBa
tweet-sno-1202	QO	vclaim-sno-biden-violate-mask-mandate	1	5	SimBa
tweet-sno-1203	QO	vclaim-sno-farmers-protest-india-flag	1	5	SimBa
tweet-sno-1203	QO	vclaim-sno-rioters-capitol-flagpole	1	3	SimBa
tweet-sno-1203	QO	vclaim-sno-finial-duty	1	3	SimBa
tweet-sno-1203	QO	vclaim-sno-1-mcdonald39s-any-size-fries	1	0	SimBa
tweet-sno-1203	QO	vclaim-sno-pandora-black-lives-matter-protest	1	0	SimBa
tweet-sno-1204	QO	vclaim-sno-power-grid-executive-order	1	5	SimBa
tweet-sno-1204	QO	vclaim-sno-biden-executive-order-dictator	1	5	SimBa
tweet-sno-1204	QO	vclaim-sno-biden-bans-china-virus	1	5	SimBa
tweet-sno-1204	QO	vclaim-sno-biden-abortion-exec-order	1	5	SimBa
tweet-sno-1204	QO	vclaim-sno-biden-transgender-athletes-sports	1	5	SimBa
tweet-sno-1205	QO	vclaim-sno-trump-photographed-with-charlottesville-white-nationalist	1	3	SimBa
tweet-sno-1205	QO	vclaim-sno-cave-rescue-trump-meet	1	3	SimBa
tweet-sno-1205	QO	vclaim-sno-president-trump-photograph-russian-lawyer-veselnitskaya	1	3	SimBa
tweet-sno-1205	QO	vclaim-sno-president-trump-gives-finger	1	3	SimBa
tweet-sno-1205	QO	vclaim-sno-kyle-rittenhouse-trump-rally	1	3	SimBa
tweet-sno-1206	QO	vclaim-sno-perot-trump-100-million	1	3	SimBa
tweet-sno-1206	QO	vclaim-sno-newspaper-rioters-photo-antifa	1	3	SimBa
tweet-sno-1206	QO	vclaim-sno-trump-reclaim-presidency-march-4	1	3	SimBa
tweet-sno-1206	QO	vclaim-sno-hillary-clinton-anti-trump-website	1	3	SimBa
tweet-sno-1206	QO	vclaim-sno-trump-canadian-women-isis-threat	1	3	SimBa
tweet-sno-1207	QO	vclaim-sno-closures-during-spanish-flu	1	3	SimBa
tweet-sno-1207	QO	vclaim-sno-cocaine-on-money	1	2	SimBa
tweet-sno-1207	QO	vclaim-sno-hunter-biden-discharge	1	2	SimBa
tweet-sno-1207	QO	vclaim-sno-obama-arrested-in-japan	1	2	SimBa
tweet-sno-1207	QO	vclaim-sno-barney-unmasked	1	2	SimBa
tweet-sno-1208	QO	vclaim-sno-national-guard-parking-garage	1	6	SimBa
tweet-sno-1208	QO	vclaim-sno-biden-work-visas-trump	1	4	SimBa
tweet-sno-1208	QO	vclaim-sno-biden-hat-trump-maga	1	4	SimBa
tweet-sno-1208	QO	vclaim-sno-biden-america-is-dead	1	4	SimBa
tweet-sno-1208	QO	vclaim-sno-karl-rove-biden-inauguration	1	3	SimBa
tweet-sno-1209	QO	vclaim-sno-schumer-tweet-china-travel	1	4	SimBa
tweet-sno-1209	QO	vclaim-sno-trump-letter-schumer	1	4	SimBa
tweet-sno-1209	QO	vclaim-sno-zuckerberg-removing-pages	1	3	SimBa
tweet-sno-1209	QO	vclaim-sno-donald-trump-jesus-muslims	1	3	SimBa
tweet-sno-1209	QO	vclaim-sno-keith-richards-knife-donald-trump	1	3	SimBa
tweet-sno-1210	QO	vclaim-sno-1-mcdonald39s-any-size-fries	1	0	SimBa
tweet-sno-1210	QO	vclaim-sno-pandora-black-lives-matter-protest	1	0	SimBa
tweet-sno-1210	QO	vclaim-sno-palm-sunday-miscarriage	1	0	SimBa
tweet-sno-1210	QO	vclaim-sno-pam-bondi-impeachment	1	0	SimBa
tweet-sno-1210	QO	vclaim-sno-pamela-anderson-death-hoax	1	0	SimBa
tweet-sno-1211	QO	vclaim-sno-schumer-erection-senate-floor	1	6	SimBa
tweet-sno-1211	QO	vclaim-sno-trump-letter-schumer	1	4	SimBa
tweet-sno-1211	QO	vclaim-sno-schumer-tweet-china-travel	1	4	SimBa
tweet-sno-1211	QO	vclaim-sno-chuck-schumer-resigns-disgrace	1	3	SimBa
tweet-sno-1211	QO	vclaim-sno-schumer-daughter-cheerleader	1	3	SimBa
tweet-sno-1212	QO	vclaim-sno-did-sen-tom-cotton-issue-a-cease-and-desist-to-a-constituent	1	1	SimBa
tweet-sno-1212	QO	vclaim-sno-rob-donaldson-amy-coney-barrett	1	1	SimBa
tweet-sno-1212	QO	vclaim-sno-biden-harris-crowd-face-mask	1	1	SimBa
tweet-sno-1212	QO	vclaim-sno-biden-harris-burning-flag	1	1	SimBa
tweet-sno-1212	QO	vclaim-sno-tom-cotton-army-ranger	1	1	SimBa
tweet-sno-1213	QO	vclaim-sno-trump-impeachment-votes	1	3	SimBa
tweet-sno-1213	QO	vclaim-sno-rbg-first-woman-lie-in-state	1	3	SimBa
tweet-sno-1213	QO	vclaim-sno-schumer-pelosi-150-billion	1	3	SimBa
tweet-sno-1213	QO	vclaim-sno-schumer-erection-senate-floor	1	3	SimBa
tweet-sno-1213	QO	vclaim-sno-schumer-daughter-cheerleader	1	3	SimBa
tweet-sno-1214	QO	vclaim-sno-amy-schumer-ripping-up-fetus	1	2	SimBa
tweet-sno-1214	QO	vclaim-sno-amy-schumer-female-remake-saving-private-ryan	1	2	SimBa
tweet-sno-1214	QO	vclaim-sno-amy-schumer-arrested	1	2	SimBa
tweet-sno-1214	QO	vclaim-sno-marine-attack-blm-claim	1	1	SimBa
tweet-sno-1214	QO	vclaim-sno-trump-tweet-weak-leadership	1	1	SimBa
tweet-sno-1215	QO	vclaim-sno-bernice-king-mlk-day-instagram	1	5	SimBa
tweet-sno-1215	QO	vclaim-sno-instagram-cancellation-hoax	1	3	SimBa
tweet-sno-1215	QO	vclaim-sno-isaiah-crowell-police	1	3	SimBa
tweet-sno-1215	QO	vclaim-sno-mia-khalifa-fcc-commissioner-dms	1	3	SimBa
tweet-sno-1215	QO	vclaim-sno-first-fangirl	1	3	SimBa
tweet-sno-1216	QO	vclaim-sno-mike-lindells-absolute-proof	1	6	SimBa
tweet-sno-1216	QO	vclaim-sno-mypillow-antifa-temptresses	1	5	SimBa
tweet-sno-1216	QO	vclaim-sno-trump-fail-to-denounce-qanon	1	4	SimBa
tweet-sno-1216	QO	vclaim-sno-marine-white-house-detail	1	3	SimBa
tweet-sno-1216	QO	vclaim-sno-biden-keystone-pipeline-find-a-job	1	3	SimBa
tweet-sno-1217	QO	vclaim-sno-elon-musk-death-hoax	1	1	SimBa
tweet-sno-1217	QO	vclaim-sno-gas-generator-tesla-photo	1	1	SimBa
tweet-sno-1217	QO	vclaim-sno-tesla-hiring-complaints-elon-musk	1	1	SimBa
tweet-sno-1217	QO	vclaim-sno-tesla-car-really-space	1	1	SimBa
tweet-sno-1217	QO	vclaim-sno-nancy-pelosi-tesla	1	1	SimBa
tweet-sno-1218	QO	vclaim-sno-gwyneth-paltrow-vagina-candle	1	6	SimBa
tweet-sno-1218	QO	vclaim-sno-gwyneth-vagina-candle-explode	1	6	SimBa
tweet-sno-1218	QO	vclaim-sno-gwyneth-paltrow-goop-covid-advice	1	3	SimBa
tweet-sno-1218	QO	vclaim-sno-drake-scented-candles	1	3	SimBa
tweet-sno-1218	QO	vclaim-sno-crayon-candle	1	3	SimBa
tweet-sno-1219	QO	vclaim-sno-pelosi-tweet-chinatown-tourism	1	6	SimBa
tweet-sno-1219	QO	vclaim-sno-marjorie-taylor-greene-twitter	1	6	SimBa
tweet-sno-1219	QO	vclaim-sno-trump-inappropriate-comment-daughter-tiffany	1	6	SimBa
tweet-sno-1219	QO	vclaim-sno-trump-new-bot-followers	1	6	SimBa
tweet-sno-1219	QO	vclaim-sno-president-trump-block-jennie-willoughby-twitter	1	6	SimBa
tweet-sno-1220	QO	vclaim-sno-burger-king-admits-burgers-contain-horsemeat	1	3	SimBa
tweet-sno-1220	QO	vclaim-sno-burger-king-logo-new	1	3	SimBa
tweet-sno-1220	QO	vclaim-sno-burger-king-vouchers-scam	1	3	SimBa
tweet-sno-1220	QO	vclaim-sno-burger-king-tweet-women-kitchen	1	3	SimBa
tweet-sno-1220	QO	vclaim-sno-burger-king-sharia-law	1	3	SimBa
tweet-sno-1221	QO	vclaim-sno-gang-malling	1	1	SimBa
tweet-sno-1221	QO	vclaim-sno-1-mcdonald39s-any-size-fries	1	0	SimBa
tweet-sno-1221	QO	vclaim-sno-paper-trail-2	1	0	SimBa
tweet-sno-1221	QO	vclaim-sno-pallets-of-bricks-protest-sites	1	0	SimBa
tweet-sno-1221	QO	vclaim-sno-palm-sunday-miscarriage	1	0	SimBa
tweet-sno-1222	QO	vclaim-sno-trump-impeachment-dow-jones	1	2	SimBa
tweet-sno-1222	QO	vclaim-sno-fox-news-vindman-statement	1	2	SimBa
tweet-sno-1222	QO	vclaim-sno-dems-impeach-gop-presidents	1	2	SimBa
tweet-sno-1222	QO	vclaim-sno-supreme-court-pelosi	1	2	SimBa
tweet-sno-1222	QO	vclaim-sno-maryland-billboard-guns-trump-impeachment	1	2	SimBa
tweet-sno-1223	QO	vclaim-sno-armie-hammer-cannibal-lifestyle	1	7	SimBa
tweet-sno-1223	QO	vclaim-sno-covid19-vaccination-cannibalism	1	3	SimBa
tweet-sno-1223	QO	vclaim-sno-lions-kill-poacher-south-africa	1	2	SimBa
tweet-sno-1223	QO	vclaim-sno-elevator-man-eats-wife	1	2	SimBa
tweet-sno-1223	QO	vclaim-sno-panera-bread-frozen	1	0	SimBa
tweet-sno-1224	QO	vclaim-sno-rare-vhs-tapes	1	3	SimBa
tweet-sno-1224	QO	vclaim-sno-black-diamond-collection-disney	1	3	SimBa
tweet-sno-1224	QO	vclaim-sno-indian-flag-capitol-riots	1	2	SimBa
tweet-sno-1224	QO	vclaim-sno-raz-simone-guns	1	2	SimBa
tweet-sno-1224	QO	vclaim-sno-seattle-chaz-trash	1	2	SimBa
tweet-sno-1225	QO	vclaim-sno-7-senegal-kids-die-covid-vax	1	6	SimBa
tweet-sno-1225	QO	vclaim-sno-vatican-covid-vaccine	1	6	SimBa
tweet-sno-1225	QO	vclaim-sno-alabama-nurse-covid	1	5	SimBa
tweet-sno-1225	QO	vclaim-sno-corona-beer-fear-coronavirus	1	3	SimBa
tweet-sno-1225	QO	vclaim-sno-coronavirus-65-million-people	1	3	SimBa
tweet-sno-1226	QO	vclaim-sno-new-medicare-card-scam	1	2	SimBa
tweet-sno-1226	QO	vclaim-sno-pat-robertson-global-warming-trump	1	1	SimBa
tweet-sno-1226	QO	vclaim-sno-trump-administration-fire-lgbtq	1	1	SimBa
tweet-sno-1226	QO	vclaim-sno-general-james-mattis-insulted-anti-war-protesters	1	1	SimBa
tweet-sno-1226	QO	vclaim-sno-trump-said-1326-times-debates	1	1	SimBa
tweet-sno-1227	QO	vclaim-sno-single-mother-birth-certificate	1	3	SimBa
tweet-sno-1227	QO	vclaim-sno-janitor-teens-life-insurance	1	3	SimBa
tweet-sno-1227	QO	vclaim-sno-bloomington-police-discover-over-200-penises	1	3	SimBa
tweet-sno-1227	QO	vclaim-sno-election-results-before-election	1	3	SimBa
tweet-sno-1227	QO	vclaim-sno-girls-shower-with-boys-ruling	1	3	SimBa
tweet-sno-1228	QO	vclaim-sno-mary-miller-hitler	1	6	SimBa
tweet-sno-1228	QO	vclaim-sno-hitler-start-wwiii	1	3	SimBa
tweet-sno-1228	QO	vclaim-sno-hitler-defund-police	1	3	SimBa
tweet-sno-1228	QO	vclaim-sno-jesse-owens-and-hitler-handshake	1	3	SimBa
tweet-sno-1228	QO	vclaim-sno-make-germany-great-again	1	3	SimBa
tweet-sno-1229	QO	vclaim-sno-capitol-riot-no-fly-list	1	5	SimBa
tweet-sno-1229	QO	vclaim-sno-ivanka-mob-patriots-tweet	1	3	SimBa
tweet-sno-1229	QO	vclaim-sno-republicans-medals-capitol-police	1	3	SimBa
tweet-sno-1229	QO	vclaim-sno-lauren-boebert-capitol-steps	1	2	SimBa
tweet-sno-1229	QO	vclaim-sno-greta-thunberg-capitol-rioter	1	2	SimBa
tweet-sno-1230	QO	vclaim-sno-steven-seagal-death-hoax	1	3	SimBa
tweet-sno-1230	QO	vclaim-sno-selfie-taken-dead-coworker	1	3	SimBa
tweet-sno-1230	QO	vclaim-sno-charlie-sheen-death-hoax	1	3	SimBa
tweet-sno-1230	QO	vclaim-sno-heart-attack-symptoms	1	3	SimBa
tweet-sno-1230	QO	vclaim-sno-clinton-mcgill-found-dead	1	3	SimBa
tweet-sno-1231	QO	vclaim-sno-cv19-vaccine-patented	1	3	SimBa
tweet-sno-1231	QO	vclaim-sno-ny-hospitals-unvaccinated-parents	1	3	SimBa
tweet-sno-1231	QO	vclaim-sno-nurse-passes-out	1	3	SimBa
tweet-sno-1231	QO	vclaim-sno-raggedy-ann-vaccine-death	1	3	SimBa
tweet-sno-1231	QO	vclaim-sno-diabetes-vaccine-2	1	3	SimBa
tweet-sno-1232	QO	vclaim-sno-biden-ossoff-warnock-checks-2000	1	4	SimBa
tweet-sno-1232	QO	vclaim-sno-pelosi-trump-use-back-door	1	3	SimBa
tweet-sno-1232	QO	vclaim-sno-ballots-georgia-senate	1	3	SimBa
tweet-sno-1232	QO	vclaim-sno-ivanka-mob-patriots-tweet	1	3	SimBa
tweet-sno-1232	QO	vclaim-sno-maddie-kelley-video	1	3	SimBa
tweet-sno-1233	QO	vclaim-sno-lin-wood-biden-dead-trump	1	5	SimBa
tweet-sno-1233	QO	vclaim-sno-biden-trump-inauguration-crowd	1	5	SimBa
tweet-sno-1233	QO	vclaim-sno-trump-biden-resident-meme	1	5	SimBa
tweet-sno-1233	QO	vclaim-sno-fbi-trump-biden-bus	1	5	SimBa
tweet-sno-1233	QO	vclaim-sno-parents-deported-reunited	1	5	SimBa
tweet-sno-1234	QO	vclaim-sno-schumer-erection-senate-floor	1	3	SimBa
tweet-sno-1234	QO	vclaim-sno-sumner-brooks-beating	1	2	SimBa
tweet-sno-1234	QO	vclaim-sno-brett-kavanaughs-children-harassed	1	2	SimBa
tweet-sno-1234	QO	vclaim-sno-pence-escorted	1	2	SimBa
tweet-sno-1234	QO	vclaim-sno-shots-fired-capitol	1	2	SimBa
tweet-sno-1235	QO	vclaim-sno-ballots-georgia-senate	1	3	SimBa
tweet-sno-1235	QO	vclaim-sno-rubio-god-needs-me	1	3	SimBa
tweet-sno-1235	QO	vclaim-sno-electoral-votes-rejected-congress	1	3	SimBa
tweet-sno-1235	QO	vclaim-sno-ocasio-cortez-electoral-college	1	2	SimBa
tweet-sno-1235	QO	vclaim-sno-legislatures-override-electors	1	2	SimBa
tweet-sno-1236	QO	vclaim-sno-george-soros-ss-nazi-germany	1	3	SimBa
tweet-sno-1236	QO	vclaim-sno-franceska-mann	1	3	SimBa
tweet-sno-1236	QO	vclaim-sno-bernie-sanders-ss-tattoo	1	2	SimBa
tweet-sno-1236	QO	vclaim-sno-nazi-shooting-baby	1	2	SimBa
tweet-sno-1236	QO	vclaim-sno-playgrounds-for-appeal	1	1	SimBa
tweet-sno-1237	QO	vclaim-sno-reconnaissance-tours	1	1	SimBa
tweet-sno-1237	QO	vclaim-sno-aoc-capitol-attack	1	1	SimBa
tweet-sno-1237	QO	vclaim-sno-capitol-riot-no-fly-list	1	1	SimBa
tweet-sno-1237	QO	vclaim-sno-jayapal-maskless-congress	1	1	SimBa
tweet-sno-1237	QO	vclaim-sno-republicans-medals-capitol-police	1	1	SimBa
tweet-sno-1238	QO	vclaim-sno-onion-in-your-sock-cure	1	3	SimBa
tweet-sno-1238	QO	vclaim-sno-elizabeth-knoxville-onion-towel	1	3	SimBa
tweet-sno-1238	QO	vclaim-sno-occupy-wall-street	1	3	SimBa
tweet-sno-1238	QO	vclaim-sno-spray-for-pain	1	2	SimBa
tweet-sno-1238	QO	vclaim-sno-police-pepper-spray-amputee	1	2	SimBa
tweet-sno-1239	QO	vclaim-sno-giuliani-rally-speech	1	5	SimBa
tweet-sno-1239	QO	vclaim-sno-giuliani-sex-animals-covid	1	2	SimBa
tweet-sno-1239	QO	vclaim-sno-trump-legal-team-four-seasons	1	2	SimBa
tweet-sno-1239	QO	vclaim-sno-giuliani-wuhan-lab-tweet	1	2	SimBa
tweet-sno-1239	QO	vclaim-sno-andrew-giuliani-white-house	1	2	SimBa
tweet-sno-1240	QO	vclaim-sno-national-guard-trump-mob	1	9	SimBa
tweet-sno-1240	QO	vclaim-sno-lincoln-memorial-defaced-protesters	1	6	SimBa
tweet-sno-1240	QO	vclaim-sno-bodies-blm-carved-skin	1	3	SimBa
tweet-sno-1240	QO	vclaim-sno-911-wwii-memorial-vandalized	1	3	SimBa
tweet-sno-1240	QO	vclaim-sno-memphis-poll-black-lives-matter	1	3	SimBa
tweet-sno-1241	QO	vclaim-sno-sticker-shock-2	1	3	SimBa
tweet-sno-1241	QO	vclaim-sno-dont-worry-be-dead	1	3	SimBa
tweet-sno-1241	QO	vclaim-sno-bawl-and-chainletter	1	3	SimBa
tweet-sno-1241	QO	vclaim-sno-dolly-parton-dixie-offensive	1	3	SimBa
tweet-sno-1241	QO	vclaim-sno-hands-up-don39t-scoop	1	3	SimBa
tweet-sno-1242	QO	vclaim-sno-leonardo-dicaprio-trump	1	3	SimBa
tweet-sno-1242	QO	vclaim-sno-trump-bunker-obama-tweet	1	3	SimBa
tweet-sno-1242	QO	vclaim-sno-steak-umms-neil-degrasse-tyson	1	3	SimBa
tweet-sno-1242	QO	vclaim-sno-samira-ibrahim	1	3	SimBa
tweet-sno-1242	QO	vclaim-sno-bruce-springsteen-attacks-donald-trump-on-twitter	1	3	SimBa
tweet-sno-1243	QO	vclaim-sno-mike-pence-confederate-flag	1	2	SimBa
tweet-sno-1243	QO	vclaim-sno-obama-confederate-campaign-button	1	2	SimBa
tweet-sno-1243	QO	vclaim-sno-clinton-gore-92-confederate	1	2	SimBa
tweet-sno-1243	QO	vclaim-sno-obama-bans-confederate-flag	1	2	SimBa
tweet-sno-1243	QO	vclaim-sno-kanye-west-confederate-flag	1	2	SimBa
tweet-sno-1244	QO	vclaim-sno-kevin-seefried-democrat-biden	1	2	SimBa
tweet-sno-1244	QO	vclaim-sno-obama-confederate-campaign-button	1	2	SimBa
tweet-sno-1244	QO	vclaim-sno-clinton-gore-92-confederate	1	2	SimBa
tweet-sno-1244	QO	vclaim-sno-obama-bans-confederate-flag	1	2	SimBa
tweet-sno-1244	QO	vclaim-sno-social-media-sites-will-begin-banning-users-post-photos-confederate-flags	1	2	SimBa
tweet-sno-1245	QO	vclaim-sno-confederate-flag-capitol-dc	1	7	SimBa
tweet-sno-1245	QO	vclaim-sno-qanon-shaman-jake-angeli-testify	1	6	SimBa
tweet-sno-1245	QO	vclaim-sno-trump-mob-capitol	1	5	SimBa
tweet-sno-1245	QO	vclaim-sno-trump-riot-camp-auschwitz-shirt	1	5	SimBa
tweet-sno-1245	QO	vclaim-sno-police-hold-hand-trump-riot	1	5	SimBa
tweet-sno-1246	QO	vclaim-sno-1-mcdonald39s-any-size-fries	1	0	SimBa
tweet-sno-1246	QO	vclaim-sno-pandora-black-lives-matter-protest	1	0	SimBa
tweet-sno-1246	QO	vclaim-sno-palm-sunday-miscarriage	1	0	SimBa
tweet-sno-1246	QO	vclaim-sno-pam-bondi-impeachment	1	0	SimBa
tweet-sno-1246	QO	vclaim-sno-pamela-anderson-death-hoax	1	0	SimBa
tweet-sno-1247	QO	vclaim-sno-immigrants-riot-italy	1	3	SimBa
tweet-sno-1247	QO	vclaim-sno-president-trump-gives-finger	1	3	SimBa
tweet-sno-1247	QO	vclaim-sno-italy-doctor-corona-not-flu	1	3	SimBa
tweet-sno-1247	QO	vclaim-sno-did-migrants-destroy-a-car-in-italy	1	3	SimBa
tweet-sno-1247	QO	vclaim-sno-italy-elderly-coronavirus	1	3	SimBa
tweet-sno-1248	QO	vclaim-sno-1-mcdonald39s-any-size-fries	1	0	SimBa
tweet-sno-1248	QO	vclaim-sno-pandora-black-lives-matter-protest	1	0	SimBa
tweet-sno-1248	QO	vclaim-sno-palm-sunday-miscarriage	1	0	SimBa
tweet-sno-1248	QO	vclaim-sno-pam-bondi-impeachment	1	0	SimBa
tweet-sno-1248	QO	vclaim-sno-pamela-anderson-death-hoax	1	0	SimBa
tweet-sno-1249	QO	vclaim-sno-pelosi-impeachment-two-years	1	1	SimBa
tweet-sno-1249	QO	vclaim-sno-sumatran-tsunami	1	1	SimBa
tweet-sno-1249	QO	vclaim-sno-sumatran-tsunami-2	1	1	SimBa
tweet-sno-1249	QO	vclaim-sno-1-mcdonald39s-any-size-fries	1	0	SimBa
tweet-sno-1249	QO	vclaim-sno-pandemicide-trump-covid	1	0	SimBa
tweet-sno-1250	QO	vclaim-sno-pennsylvania-judge-legal-win-trump	1	5	SimBa
tweet-sno-1250	QO	vclaim-sno-trump-fistpump-cancer-greeting	1	5	SimBa
tweet-sno-1250	QO	vclaim-sno-trump-wins-pennsylvania	1	5	SimBa
tweet-sno-1250	QO	vclaim-sno-dead-person-voting-pennsylvania	1	5	SimBa
tweet-sno-1250	QO	vclaim-sno-shell-trump-rally-pay	1	5	SimBa
tweet-sno-1251	QO	vclaim-sno-georgia-ballots-likely-ineligible	1	6	SimBa
tweet-sno-1251	QO	vclaim-sno-teamkraken-georgia-injunction	1	3	SimBa
tweet-sno-1251	QO	vclaim-sno-florida-heads-up	1	3	SimBa
tweet-sno-1251	QO	vclaim-sno-georgia-bans-muslim-culture	1	3	SimBa
tweet-sno-1251	QO	vclaim-sno-pennsylvania-205000-votes	1	3	SimBa
tweet-sno-1252	QO	vclaim-sno-flu-vaccine-covid-buttar	1	4	SimBa
tweet-sno-1252	QO	vclaim-sno-moist-coronavirus-image	1	4	SimBa
tweet-sno-1252	QO	vclaim-sno-dog-flu	1	3	SimBa
tweet-sno-1252	QO	vclaim-sno-meth-louisiana-zika	1	3	SimBa
tweet-sno-1252	QO	vclaim-sno-obama-wait-swine-flu-n1h1	1	3	SimBa
tweet-sno-1253	QO	vclaim-sno-trump_floyd_tweet	1	5	SimBa
tweet-sno-1253	QO	vclaim-sno-islamic-state-of-syria-and-lansing	1	3	SimBa
tweet-sno-1253	QO	vclaim-sno-sean-connery-net-worth	1	3	SimBa
tweet-sno-1253	QO	vclaim-sno-trumps-grandfather-bavaria-deport	1	3	SimBa
tweet-sno-1253	QO	vclaim-sno-white-house-reality-show	1	3	SimBa
tweet-sno-1254	QO	vclaim-sno-disney-matterhorn-basketball-court	1	3	SimBa
tweet-sno-1254	QO	vclaim-sno-swimming-pool-wonderful-life	1	3	SimBa
tweet-sno-1254	QO	vclaim-sno-fauci-nothing-to-worry-about	1	3	SimBa
tweet-sno-1254	QO	vclaim-sno-1-mcdonald39s-any-size-fries	1	0	SimBa
tweet-sno-1254	QO	vclaim-sno-pacu-testicle-biting-fish	1	0	SimBa
tweet-sno-1255	QO	vclaim-sno-disney-matterhorn-basketball-court	1	3	SimBa
tweet-sno-1255	QO	vclaim-sno-swimming-pool-wonderful-life	1	3	SimBa
tweet-sno-1255	QO	vclaim-sno-1-mcdonald39s-any-size-fries	1	0	SimBa
tweet-sno-1255	QO	vclaim-sno-package-delivery-failure-virus	1	0	SimBa
tweet-sno-1255	QO	vclaim-sno-palm-sunday-miscarriage	1	0	SimBa
tweet-sno-1256	QO	vclaim-sno-chip-shot-2	1	3	SimBa
tweet-sno-1256	QO	vclaim-sno-1-mcdonald39s-any-size-fries	1	0	SimBa
tweet-sno-1256	QO	vclaim-sno-pandora-black-lives-matter-protest	1	0	SimBa
tweet-sno-1256	QO	vclaim-sno-palm-sunday-miscarriage	1	0	SimBa
tweet-sno-1256	QO	vclaim-sno-pam-bondi-impeachment	1	0	SimBa
tweet-sno-1257	QO	vclaim-sno-niv-removed-bible-verses	1	3	SimBa
tweet-sno-1257	QO	vclaim-sno-obama-commissions-gender-neutral-bible	1	3	SimBa
tweet-sno-1257	QO	vclaim-sno-houston-hustle	1	3	SimBa
tweet-sno-1257	QO	vclaim-sno-vaccinations-may-cause-homosexuality	1	3	SimBa
tweet-sno-1257	QO	vclaim-sno-george-floyd-bible	1	3	SimBa
tweet-sno-1258	QO	vclaim-sno-tom-brady-ppp	1	6	SimBa
tweet-sno-1258	QO	vclaim-sno-can39t-read-me-nothing	1	3	SimBa
tweet-sno-1258	QO	vclaim-sno-joel-osteen-flood-tithing	1	3	SimBa
tweet-sno-1258	QO	vclaim-sno-donald-trump-appoints-kanye-west-to-cabinet-position	1	3	SimBa
tweet-sno-1258	QO	vclaim-sno-joel-osteen-apologizes-for-using-lords-name-in-sermon	1	3	SimBa
tweet-sno-1259	QO	vclaim-sno-vatican-nativity	1	6	SimBa
tweet-sno-1259	QO	vclaim-sno-belgian-town-removes-nativity-scene-appease-four-muslim-residents	1	3	SimBa
tweet-sno-1259	QO	vclaim-sno-vatican-diplomat-child-pornography	1	3	SimBa
tweet-sno-1259	QO	vclaim-sno-vatican-covid-vaccine	1	3	SimBa
tweet-sno-1259	QO	vclaim-sno-remains-buried-vatican	1	3	SimBa
tweet-sno-1260	QO	vclaim-sno-cyberpunk-2077-refunds	1	4	SimBa
tweet-sno-1260	QO	vclaim-sno-1-mcdonald39s-any-size-fries	1	0	SimBa
tweet-sno-1260	QO	vclaim-sno-paper-trail	1	0	SimBa
tweet-sno-1260	QO	vclaim-sno-palm-sunday-miscarriage	1	0	SimBa
tweet-sno-1260	QO	vclaim-sno-pam-bondi-impeachment	1	0	SimBa
tweet-sno-1261	QO	vclaim-sno-cyberpunk-2077-refunds	1	5	SimBa
tweet-sno-1261	QO	vclaim-sno-xbox-playstation-ps5-congrats	1	1	SimBa
tweet-sno-1261	QO	vclaim-sno-1-mcdonald39s-any-size-fries	1	0	SimBa
tweet-sno-1261	QO	vclaim-sno-pallets-of-bricks-protest-sites	1	0	SimBa
tweet-sno-1261	QO	vclaim-sno-palm-sunday-miscarriage	1	0	SimBa
tweet-sno-1262	QO	vclaim-sno-ivanka-trump-disavows-her-father	1	3	SimBa
tweet-sno-1262	QO	vclaim-sno-stockpile-website-change-kushner	1	3	SimBa
tweet-sno-1262	QO	vclaim-sno-ermey-press-conference	1	3	SimBa
tweet-sno-1262	QO	vclaim-sno-trump-white-nationalists-us-press-conference	1	3	SimBa
tweet-sno-1262	QO	vclaim-sno-goya-ceo-praise-trump	1	3	SimBa
tweet-sno-1263	QO	vclaim-sno-facebook-analytics-electoral-map-shows-trump-sweep	1	2	SimBa
tweet-sno-1263	QO	vclaim-sno-ginni-thomas-buses	1	2	SimBa
tweet-sno-1263	QO	vclaim-sno-rbg-first-woman-lie-in-state	1	2	SimBa
tweet-sno-1263	QO	vclaim-sno-pence-escorted	1	2	SimBa
tweet-sno-1263	QO	vclaim-sno-ocasio-cortez-electoral-college	1	2	SimBa
tweet-sno-1264	QO	vclaim-sno-1-mcdonald39s-any-size-fries	1	0	SimBa
tweet-sno-1264	QO	vclaim-sno-pandora-black-lives-matter-protest	1	0	SimBa
tweet-sno-1264	QO	vclaim-sno-palm-sunday-miscarriage	1	0	SimBa
tweet-sno-1264	QO	vclaim-sno-pam-bondi-impeachment	1	0	SimBa
tweet-sno-1264	QO	vclaim-sno-pamela-anderson-death-hoax	1	0	SimBa
tweet-sno-1265	QO	vclaim-sno-moira-rose-home-alone	1	4	SimBa
tweet-sno-1265	QO	vclaim-sno-cnn-lighten-seattle-photo	1	3	SimBa
tweet-sno-1265	QO	vclaim-sno-seattle-chaz-trash	1	3	SimBa
tweet-sno-1265	QO	vclaim-sno-hells-angels-seattle-antifa	1	3	SimBa
tweet-sno-1265	QO	vclaim-sno-seattle-tax-sweetened-drinks	1	3	SimBa
tweet-sno-1266	QO	vclaim-sno-news-of-the-weak	1	2	SimBa
tweet-sno-1266	QO	vclaim-sno-michele-bachmann-mexican-food	1	2	SimBa
tweet-sno-1266	QO	vclaim-sno-fox-news-russia-canceled	1	2	SimBa
tweet-sno-1266	QO	vclaim-sno-fox-news-satire	1	2	SimBa
tweet-sno-1266	QO	vclaim-sno-transcript-hannity-trump	1	2	SimBa
tweet-sno-1267	QO	vclaim-sno-1-mcdonald39s-any-size-fries	1	0	SimBa
tweet-sno-1267	QO	vclaim-sno-pandora-black-lives-matter-protest	1	0	SimBa
tweet-sno-1267	QO	vclaim-sno-palm-sunday-miscarriage	1	0	SimBa
tweet-sno-1267	QO	vclaim-sno-pam-bondi-impeachment	1	0	SimBa
tweet-sno-1267	QO	vclaim-sno-pamela-anderson-death-hoax	1	0	SimBa
tweet-sno-1268	QO	vclaim-sno-alex-jones-biden-removed	1	6	SimBa
tweet-sno-1268	QO	vclaim-sno-military-band-hit-the-road-jack	1	5	SimBa
tweet-sno-1268	QO	vclaim-sno-biden-hat-trump-maga	1	5	SimBa
tweet-sno-1268	QO	vclaim-sno-militia-bidens-inauguration	1	5	SimBa
tweet-sno-1268	QO	vclaim-sno-marines-corps-rebuke-pelosi	1	5	SimBa
tweet-sno-1269	QO	vclaim-sno-allstate-island-real	1	3	SimBa
tweet-sno-1269	QO	vclaim-sno-1-mcdonald39s-any-size-fries	1	0	SimBa
tweet-sno-1269	QO	vclaim-sno-palins-privilege	1	0	SimBa
tweet-sno-1269	QO	vclaim-sno-palm-sunday-miscarriage	1	0	SimBa
tweet-sno-1269	QO	vclaim-sno-pam-bondi-impeachment	1	0	SimBa
tweet-sno-1270	QO	vclaim-sno-smoked-out	1	3	SimBa
tweet-sno-1270	QO	vclaim-sno-allstate-island-real	1	3	SimBa
tweet-sno-1270	QO	vclaim-sno-maine-crematorium-free-cremations	1	3	SimBa
tweet-sno-1270	QO	vclaim-sno-purple-lobster-caught-in-maine	1	3	SimBa
tweet-sno-1270	QO	vclaim-sno-lewiston-middle-finger	1	3	SimBa
tweet-sno-1271	QO	vclaim-sno-trump-restricting-welfare-for-deadbeats	1	6	SimBa
tweet-sno-1271	QO	vclaim-sno-trump-social-media-order	1	6	SimBa
tweet-sno-1271	QO	vclaim-sno-trump-veterans-free-health-care	1	6	SimBa
tweet-sno-1271	QO	vclaim-sno-trump-wants-executive-order-abolishing-impeachment	1	6	SimBa
tweet-sno-1271	QO	vclaim-sno-trump-order-popular-vote-winner	1	6	SimBa
tweet-sno-1272	QO	vclaim-sno-disney-sister-act-3	1	4	SimBa
tweet-sno-1272	QO	vclaim-sno-alabamas-slice-of-pi	1	1	SimBa
tweet-sno-1272	QO	vclaim-sno-pacey-moore	1	1	SimBa
tweet-sno-1272	QO	vclaim-sno-deputy-muslim-refugees	1	1	SimBa
tweet-sno-1272	QO	vclaim-sno-joe-rogan-height-sky	1	1	SimBa
tweet-sno-1273	QO	vclaim-sno-when-is-hocus-pocus-2-coming-out	1	3	SimBa
tweet-sno-1273	QO	vclaim-sno-hocus-pocus-2	1	3	SimBa
tweet-sno-1273	QO	vclaim-sno-whipped-molestation-vigilantes	1	1	SimBa
tweet-sno-1273	QO	vclaim-sno-kaydance-bearden	1	1	SimBa
tweet-sno-1273	QO	vclaim-sno-teens-spread-covid-adults	1	1	SimBa
tweet-sno-1274	QO	vclaim-sno-chick-fil-a-sunday-tradition	1	6	SimBa
tweet-sno-1274	QO	vclaim-sno-chick-fil-a-long-lines-lawsuit	1	6	SimBa
tweet-sno-1274	QO	vclaim-sno-chick-fil-a-coupon-scam	1	6	SimBa
tweet-sno-1274	QO	vclaim-sno-putty-strife	1	3	SimBa
tweet-sno-1274	QO	vclaim-sno-white-front	1	3	SimBa
tweet-sno-1275	QO	vclaim-sno-costco-rotisserie-chicken-cheap	1	8	SimBa
tweet-sno-1275	QO	vclaim-sno-truth-costco-kirkland-meat	1	3	SimBa
tweet-sno-1275	QO	vclaim-sno-costco-toilet-paper-plumbing	1	3	SimBa
tweet-sno-1275	QO	vclaim-sno-costco-ceo	1	3	SimBa
tweet-sno-1275	QO	vclaim-sno-costco-closing-stores	1	3	SimBa
tweet-sno-1276	QO	vclaim-sno-ia-fl-oh-election-loss	1	9	SimBa
tweet-sno-1276	QO	vclaim-sno-won-both-ohio-florida-lost	1	6	SimBa
tweet-sno-1276	QO	vclaim-sno-back-to-the-future-prediction	1	3	SimBa
tweet-sno-1276	QO	vclaim-sno-reporter-cancer-viewer-spotted	1	3	SimBa
tweet-sno-1276	QO	vclaim-sno-were-stories-florida-shooting-before	1	3	SimBa
tweet-sno-1277	QO	vclaim-sno-fauci-blame-flu-deaths-1918	1	3	SimBa
tweet-sno-1277	QO	vclaim-sno-closures-during-spanish-flu	1	3	SimBa
tweet-sno-1277	QO	vclaim-sno-1918-quarantine-ad-for-phone	1	3	SimBa
tweet-sno-1277	QO	vclaim-sno-cat-spanish-flu-mask	1	3	SimBa
tweet-sno-1277	QO	vclaim-sno-nyc-firefighter-memorial	1	2	SimBa
tweet-sno-1278	QO	vclaim-sno-mcdonalds-breakfast-frozen-eggs	1	4	SimBa
tweet-sno-1278	QO	vclaim-sno-noodles-freeze-cold-weather	1	3	SimBa
tweet-sno-1278	QO	vclaim-sno-something-eggstra	1	3	SimBa
tweet-sno-1278	QO	vclaim-sno-wares-the-beef	1	2	SimBa
tweet-sno-1278	QO	vclaim-sno-mcdonalds-supports-chick-fil-a	1	2	SimBa
tweet-sno-1279	QO	vclaim-sno-gohmert-tooth-fall-out	1	5	SimBa
tweet-sno-1279	QO	vclaim-sno-kaepernick-wears-castro-t-shirt	1	3	SimBa
tweet-sno-1279	QO	vclaim-sno-goya-ceo-praise-trump	1	3	SimBa
tweet-sno-1279	QO	vclaim-sno-ivanka-trump-disavows-her-father	1	3	SimBa
tweet-sno-1279	QO	vclaim-sno-obama-reporter-press-conference	1	3	SimBa
tweet-sno-1280	QO	vclaim-sno-biden-harris-disease-disagreed	1	10	SimBa
tweet-sno-1280	QO	vclaim-sno-harris-biden-blog-post	1	6	SimBa
tweet-sno-1280	QO	vclaim-sno-biden-harris-burning-flag	1	6	SimBa
tweet-sno-1280	QO	vclaim-sno-biden-say-president-harris	1	6	SimBa
tweet-sno-1280	QO	vclaim-sno-biden-harris-crowd-face-mask	1	6	SimBa
tweet-sno-1281	QO	vclaim-sno-indiana-jones-saxophone	1	6	SimBa
tweet-sno-1281	QO	vclaim-sno-harrison-ford-trump-han-solo	1	3	SimBa
tweet-sno-1281	QO	vclaim-sno-police-saxophone-machine-gun	1	3	SimBa
tweet-sno-1281	QO	vclaim-sno-panera-bread-frozen	1	0	SimBa
tweet-sno-1281	QO	vclaim-sno-pam-bondi-impeachment	1	0	SimBa
tweet-sno-1282	QO	vclaim-sno-indiana-jones-saxophone	1	6	SimBa
tweet-sno-1282	QO	vclaim-sno-harrison-ford-trump-han-solo	1	3	SimBa
tweet-sno-1282	QO	vclaim-sno-police-saxophone-machine-gun	1	3	SimBa
tweet-sno-1282	QO	vclaim-sno-panera-bread-frozen	1	0	SimBa
tweet-sno-1282	QO	vclaim-sno-pam-bondi-impeachment	1	0	SimBa
tweet-sno-1283	QO	vclaim-sno-indiana-jones-saxophone	1	6	SimBa
tweet-sno-1283	QO	vclaim-sno-harrison-ford-trump-han-solo	1	3	SimBa
tweet-sno-1283	QO	vclaim-sno-police-saxophone-machine-gun	1	3	SimBa
tweet-sno-1283	QO	vclaim-sno-is-barack-obama-more-self-referential-than-donald-trump	1	1	SimBa
tweet-sno-1283	QO	vclaim-sno-trump-flies-sick-boy	1	1	SimBa
tweet-sno-1284	QO	vclaim-sno-indiana-jones-saxophone	1	9	SimBa
tweet-sno-1284	QO	vclaim-sno-harrison-ford-trump-han-solo	1	6	SimBa
tweet-sno-1284	QO	vclaim-sno-police-saxophone-machine-gun	1	3	SimBa
tweet-sno-1284	QO	vclaim-sno-harrison-ford-holding-a-trump-sign	1	3	SimBa
tweet-sno-1284	QO	vclaim-sno-1-mcdonald39s-any-size-fries	1	0	SimBa
tweet-sno-1285	QO	vclaim-sno-biden-work-visas-trump	1	1	SimBa
tweet-sno-1285	QO	vclaim-sno-85-babies-covid-texas-county	1	1	SimBa
tweet-sno-1285	QO	vclaim-sno-european-parental-leave-benefits	1	1	SimBa
tweet-sno-1285	QO	vclaim-sno-chimpanzee-rapidly-memorizes-locates-numbers-on-a-screen	1	1	SimBa
tweet-sno-1285	QO	vclaim-sno-united-way-covid-relief	1	1	SimBa
tweet-sno-1286	QO	vclaim-sno-nasa-sally-ride-100-tampons	1	9	SimBa
tweet-sno-1286	QO	vclaim-sno-nasa-confirms-existence-of-earths-second-moon	1	3	SimBa
tweet-sno-1286	QO	vclaim-sno-nasa-mission-to-destroy-asteroid	1	3	SimBa
tweet-sno-1286	QO	vclaim-sno-satellite-image-diwali	1	3	SimBa
tweet-sno-1286	QO	vclaim-sno-ufomitted	1	3	SimBa
tweet-sno-1287	QO	vclaim-sno-great-value	1	6	SimBa
tweet-sno-1287	QO	vclaim-sno-hands-up-don39t-scoop	1	5	SimBa
tweet-sno-1287	QO	vclaim-sno-facebook-cold-stone-pregnancy-discount	1	3	SimBa
tweet-sno-1287	QO	vclaim-sno-cone-of-silence	1	3	SimBa
tweet-sno-1287	QO	vclaim-sno-ice-cream-every-day	1	3	SimBa
tweet-sno-1288	QO	vclaim-sno-my-pleasure-chick-fil-a	1	5	SimBa
tweet-sno-1288	QO	vclaim-sno-ben-jerrys-impeachmint-ice-cream	1	3	SimBa
tweet-sno-1288	QO	vclaim-sno-facebook-cold-stone-pregnancy-discount	1	3	SimBa
tweet-sno-1288	QO	vclaim-sno-grape-ice-cream	1	3	SimBa
tweet-sno-1288	QO	vclaim-sno-fda-packaging-change	1	3	SimBa
tweet-sno-1289	QO	vclaim-sno-my-pleasure-chick-fil-a	1	5	SimBa
tweet-sno-1289	QO	vclaim-sno-ben-and-jerrys-latke-ice-cream	1	3	SimBa
tweet-sno-1289	QO	vclaim-sno-cone-of-silence	1	3	SimBa
tweet-sno-1289	QO	vclaim-sno-grape-ice-cream	1	3	SimBa
tweet-sno-1289	QO	vclaim-sno-fda-packaging-change	1	3	SimBa
tweet-sno-1290	QO	vclaim-sno-chick-fil-a-meal-promo	1	3	SimBa
tweet-sno-1290	QO	vclaim-sno-putty-strife	1	3	SimBa
tweet-sno-1290	QO	vclaim-sno-chick-fil-a-long-lines-lawsuit	1	3	SimBa
tweet-sno-1290	QO	vclaim-sno-chick-fil-a-anti-lgbt-donations	1	3	SimBa
tweet-sno-1290	QO	vclaim-sno-uganda-murder-gay-chick-fil-a	1	3	SimBa
tweet-sno-1291	QO	vclaim-sno-biden-covid-vaccine	1	7	SimBa
tweet-sno-1291	QO	vclaim-sno-biden-reopen-schools	1	6	SimBa
tweet-sno-1291	QO	vclaim-sno-trump-skip-biden-inauguration	1	6	SimBa
tweet-sno-1291	QO	vclaim-sno-alex-jones-biden-removed	1	6	SimBa
tweet-sno-1291	QO	vclaim-sno-trump-martial-law-imminent	1	6	SimBa
tweet-sno-1292	QO	vclaim-sno-blacks-dont-read	1	3	SimBa
tweet-sno-1292	QO	vclaim-sno-camp-david-conniption	1	3	SimBa
tweet-sno-1292	QO	vclaim-sno-ufo-new-jersey-tiktok	1	3	SimBa
tweet-sno-1292	QO	vclaim-sno-lindsay-ranch-raided	1	3	SimBa
tweet-sno-1292	QO	vclaim-sno-tom-brady-election-white-house	1	3	SimBa
tweet-sno-1293	QO	vclaim-sno-1-mcdonald39s-any-size-fries	1	0	SimBa
tweet-sno-1293	QO	vclaim-sno-pandora-black-lives-matter-protest	1	0	SimBa
tweet-sno-1293	QO	vclaim-sno-palm-sunday-miscarriage	1	0	SimBa
tweet-sno-1293	QO	vclaim-sno-pam-bondi-impeachment	1	0	SimBa
tweet-sno-1293	QO	vclaim-sno-pamela-anderson-death-hoax	1	0	SimBa
tweet-sno-1294	QO	vclaim-sno-drake-scented-candles	1	3	SimBa
tweet-sno-1294	QO	vclaim-sno-gwyneth-paltrow-vagina-candle	1	3	SimBa
tweet-sno-1294	QO	vclaim-sno-gwyneth-vagina-candle-explode	1	3	SimBa
tweet-sno-1294	QO	vclaim-sno-crayon-candle	1	3	SimBa
tweet-sno-1294	QO	vclaim-sno-kfc-really-create-chicken-scented-candle	1	3	SimBa
tweet-sno-1295	QO	vclaim-sno-flash-player-no-longer-supported	1	3	SimBa
tweet-sno-1295	QO	vclaim-sno-180-day-countdown-ufo	1	1	SimBa
tweet-sno-1295	QO	vclaim-sno-nigella-lawson-microwave	1	1	SimBa
tweet-sno-1295	QO	vclaim-sno-snow-los-angeles	1	1	SimBa
tweet-sno-1295	QO	vclaim-sno-att-nashville-dominion-audit	1	1	SimBa
tweet-sno-1296	QO	vclaim-sno-recurring-donation-dec	1	1	SimBa
tweet-sno-1296	QO	vclaim-sno-1-mcdonald39s-any-size-fries	1	0	SimBa
tweet-sno-1296	QO	vclaim-sno-pandemicide-trump-covid	1	0	SimBa
tweet-sno-1296	QO	vclaim-sno-pallets-of-bricks-protest-sites	1	0	SimBa
tweet-sno-1296	QO	vclaim-sno-palm-sunday-miscarriage	1	0	SimBa
tweet-sno-1297	QO	vclaim-sno-flash-player-no-longer-supported	1	5	SimBa
tweet-sno-1297	QO	vclaim-sno-boob-youtube	1	3	SimBa
tweet-sno-1297	QO	vclaim-sno-did-taylor-swift-say-we-should-forgive-logan-paul	1	3	SimBa
tweet-sno-1297	QO	vclaim-sno-jay-jon-dead	1	3	SimBa
tweet-sno-1297	QO	vclaim-sno-trump-ad-banned-facebook	1	3	SimBa
tweet-sno-1298	QO	vclaim-sno-santa-covid-exemption-ireland	1	5	SimBa
tweet-sno-1298	QO	vclaim-sno-trump-ireland-tax	1	3	SimBa
tweet-sno-1298	QO	vclaim-sno-second-wave-spanish-flu-wwi	1	3	SimBa
tweet-sno-1298	QO	vclaim-sno-tomi-lahren-little-mermaid	1	3	SimBa
tweet-sno-1298	QO	vclaim-sno-fauxtography-space-heavens-trail	1	3	SimBa
tweet-sno-1299	QO	vclaim-sno-1-mcdonald39s-any-size-fries	1	0	SimBa
tweet-sno-1299	QO	vclaim-sno-pandora-black-lives-matter-protest	1	0	SimBa
tweet-sno-1299	QO	vclaim-sno-palm-sunday-miscarriage	1	0	SimBa
tweet-sno-1299	QO	vclaim-sno-pam-bondi-impeachment	1	0	SimBa
tweet-sno-1299	QO	vclaim-sno-pamela-anderson-death-hoax	1	0	SimBa
tweet-sno-1300	QO	vclaim-sno-doctor-mourning-previously-infertile-mother	1	5	SimBa
tweet-sno-1300	QO	vclaim-sno-hillary-clinton-1-year-to-live	1	3	SimBa
tweet-sno-1300	QO	vclaim-sno-what-happiness-looks-like	1	3	SimBa
tweet-sno-1300	QO	vclaim-sno-centrifugal-birthing-apparatus	1	3	SimBa
tweet-sno-1300	QO	vclaim-sno-benadryl-challenge-tiktok-overdose	1	3	SimBa
tweet-sno-1301	QO	vclaim-sno-trump-diarrhea-golf-course	1	3	SimBa
tweet-sno-1301	QO	vclaim-sno-sean-connery-trump-golf-course	1	3	SimBa
tweet-sno-1301	QO	vclaim-sno-legend-in-his-own-mind	1	3	SimBa
tweet-sno-1301	QO	vclaim-sno-bikers-for-trump-tattoos	1	3	SimBa
tweet-sno-1301	QO	vclaim-sno-crew-of-air-force-one-refuses-to-fly-obama-6000-miles-just-to-play-golf	1	3	SimBa
tweet-sno-1302	QO	vclaim-sno-more-testing-more-cases-covid-19	1	4	SimBa
tweet-sno-1302	QO	vclaim-sno-covid-relief-funds-us-uk	1	4	SimBa
tweet-sno-1302	QO	vclaim-sno-fauci-masks-no-longer-needed	1	4	SimBa
tweet-sno-1302	QO	vclaim-sno-trump-ban-travel-china-pandemic	1	4	SimBa
tweet-sno-1302	QO	vclaim-sno-coughing-on-produce	1	4	SimBa
tweet-sno-1303	QO	vclaim-sno-1-mcdonald39s-any-size-fries	1	0	SimBa
tweet-sno-1303	QO	vclaim-sno-pandora-black-lives-matter-protest	1	0	SimBa
tweet-sno-1303	QO	vclaim-sno-palm-sunday-miscarriage	1	0	SimBa
tweet-sno-1303	QO	vclaim-sno-pam-bondi-impeachment	1	0	SimBa
tweet-sno-1303	QO	vclaim-sno-pamela-anderson-death-hoax	1	0	SimBa
tweet-sno-1304	QO	vclaim-sno-trump-politics-is-boring	1	1	SimBa
tweet-sno-1304	QO	vclaim-sno-pepsis-got-a-lot-to-give	1	1	SimBa
tweet-sno-1304	QO	vclaim-sno-playgirl-trump-contest	1	1	SimBa
tweet-sno-1304	QO	vclaim-sno-lev-parnas-eric-trump-birthday	1	1	SimBa
tweet-sno-1304	QO	vclaim-sno-home-alone-ticket-thrown-away	1	1	SimBa
tweet-sno-1305	QO	vclaim-sno-did-trump-say-he-loved-rioters	1	3	SimBa
tweet-sno-1305	QO	vclaim-sno-leonardo-dicaprio-woodstock-illinois	1	3	SimBa
tweet-sno-1305	QO	vclaim-sno-trump-ad-banned-facebook	1	3	SimBa
tweet-sno-1305	QO	vclaim-sno-youtube-ban-suspend-trump	1	3	SimBa
tweet-sno-1305	QO	vclaim-sno-jay-jon-dead	1	3	SimBa
tweet-sno-1306	QO	vclaim-sno-bad-day-atlanta-shooting	1	3	SimBa
tweet-sno-1306	QO	vclaim-sno-irs-impersonation-telephone-scam	1	3	SimBa
tweet-sno-1306	QO	vclaim-sno-biden-ossoff-warnock-checks-2000	1	3	SimBa
tweet-sno-1306	QO	vclaim-sno-georgia-primary-election-fraud	1	3	SimBa
tweet-sno-1306	QO	vclaim-sno-absentee-ballot-fraud-heritage	1	3	SimBa
tweet-sno-1307	QO	vclaim-sno-michigan-licenses-yellow-stars	1	3	SimBa
tweet-sno-1307	QO	vclaim-sno-hunter-nearly-killed-by-brutal-sexual-assault-from-moose	1	3	SimBa
tweet-sno-1307	QO	vclaim-sno-aborted-fetuses-dumpster-michigan	1	3	SimBa
tweet-sno-1307	QO	vclaim-sno-michigan-mall-encounter-trafficking	1	3	SimBa
tweet-sno-1307	QO	vclaim-sno-razor-blades-gas-pump-michigan	1	3	SimBa
tweet-sno-1308	QO	vclaim-sno-obama-refuse-white-house-blue	1	6	SimBa
tweet-sno-1308	QO	vclaim-sno-trump-vigo-the-carpathian	1	6	SimBa
tweet-sno-1308	QO	vclaim-sno-trump-fired-cecil-gaines	1	6	SimBa
tweet-sno-1308	QO	vclaim-sno-white-house-syria-publicity	1	6	SimBa
tweet-sno-1308	QO	vclaim-sno-obama-left-trump-a-white-house-full-of-roaches	1	6	SimBa
tweet-sno-1309	QO	vclaim-sno-smile-sun-bird-photo	1	3	SimBa
tweet-sno-1309	QO	vclaim-sno-does-donald-trump-own-a-stake-in-the-dakota-access-pipeline	1	1	SimBa
tweet-sno-1309	QO	vclaim-sno-muppet-animal-death-hoax	1	1	SimBa
tweet-sno-1309	QO	vclaim-sno-william-h-macy-death-hoax	1	1	SimBa
tweet-sno-1309	QO	vclaim-sno-pandora-black-lives-matter-protest	1	0	SimBa
tweet-sno-1310	QO	vclaim-sno-weaponized-ticks	1	2	SimBa
tweet-sno-1310	QO	vclaim-sno-golfing-robot-hit-a-hole-in-one	1	2	SimBa
tweet-sno-1310	QO	vclaim-sno-panasonic-farting-cat-robot	1	2	SimBa
tweet-sno-1310	QO	vclaim-sno-covfefe-secret-nuclear-code	1	2	SimBa
tweet-sno-1310	QO	vclaim-sno-lady-golfers-robot-trainer	1	2	SimBa
tweet-sno-1311	QO	vclaim-sno-20000-dead-voters-in-pennsylvania	1	7	SimBa
tweet-sno-1311	QO	vclaim-sno-huckabee-letter-biden-fraud	1	6	SimBa
tweet-sno-1311	QO	vclaim-sno-biden-admit-voter-fraud	1	6	SimBa
tweet-sno-1311	QO	vclaim-sno-real-clear-politics-biden	1	6	SimBa
tweet-sno-1311	QO	vclaim-sno-biden-120million-deaths-covid19	1	6	SimBa
tweet-sno-1312	QO	vclaim-sno-christmas-tree-owl	1	3	SimBa
tweet-sno-1312	QO	vclaim-sno-rainbow-owl	1	3	SimBa
tweet-sno-1312	QO	vclaim-sno-owl-having-an-orgasm	1	3	SimBa
tweet-sno-1312	QO	vclaim-sno-offended-muslims-attack-christmas-tree	1	2	SimBa
tweet-sno-1312	QO	vclaim-sno-tlaibs-son-arrested-christmas-tree	1	2	SimBa
tweet-sno-1313	QO	vclaim-sno-wisconsin-vote-dump	1	5	SimBa
tweet-sno-1313	QO	vclaim-sno-biden-kenosha-black-looting	1	5	SimBa
tweet-sno-1313	QO	vclaim-sno-hunter-biden-malia-obama-cocaine	1	3	SimBa
tweet-sno-1313	QO	vclaim-sno-biden-keystone-pipeline-find-a-job	1	3	SimBa
tweet-sno-1313	QO	vclaim-sno-biden-trump-inauguration-crowd	1	3	SimBa
tweet-sno-1314	QO	vclaim-sno-olive-foil	1	1	SimBa
tweet-sno-1314	QO	vclaim-sno-pelosi-letter-ted-wheeler-laptop	1	1	SimBa
tweet-sno-1314	QO	vclaim-sno-ted-cruz-trump-violence-quote	1	1	SimBa
tweet-sno-1314	QO	vclaim-sno-stephen-bannon-nobody-can-blame-you	1	1	SimBa
tweet-sno-1314	QO	vclaim-sno-does-a-snapple-lid-say-trump-lost	1	1	SimBa
tweet-sno-1315	QO	vclaim-sno-european-parental-leave-benefits	1	3	SimBa
tweet-sno-1315	QO	vclaim-sno-germany-covid-camps	1	3	SimBa
tweet-sno-1315	QO	vclaim-sno-defense-ministers-photo	1	3	SimBa
tweet-sno-1315	QO	vclaim-sno-merkels-hair-censored	1	3	SimBa
tweet-sno-1315	QO	vclaim-sno-hitler-1933-wsj-article	1	3	SimBa
tweet-sno-1316	QO	vclaim-sno-covid-vaccine-funded-by-trump	1	3	SimBa
tweet-sno-1316	QO	vclaim-sno-covid-vaccine-unprotected-sex	1	3	SimBa
tweet-sno-1316	QO	vclaim-sno-margaret-keenan-covid-vaccine	1	3	SimBa
tweet-sno-1316	QO	vclaim-sno-dr-rajendra-kapila-dies-covid-19	1	3	SimBa
tweet-sno-1316	QO	vclaim-sno-bolsonaro-covid-vaccine-crocodiles	1	3	SimBa
tweet-sno-1317	QO	vclaim-sno-are-marshalls-and-tj-maxx-still-paying-employees-in-puerto-rico	1	3	SimBa
tweet-sno-1317	QO	vclaim-sno-puerto-rico-teamsters	1	3	SimBa
tweet-sno-1317	QO	vclaim-sno-trump-puerto-rico-golf-course	1	3	SimBa
tweet-sno-1317	QO	vclaim-sno-cornyn-votes-puerto-rico	1	3	SimBa
tweet-sno-1317	QO	vclaim-sno-trump-pendejo-posters-puerto-rico	1	3	SimBa
tweet-sno-1318	QO	vclaim-sno-georgia-signature-audit	1	6	SimBa
tweet-sno-1318	QO	vclaim-sno-georgia-state-line-troopers	1	3	SimBa
tweet-sno-1318	QO	vclaim-sno-georgia-warhead	1	3	SimBa
tweet-sno-1318	QO	vclaim-sno-feds-tracking-support-audit-donald-trump	1	3	SimBa
tweet-sno-1318	QO	vclaim-sno-kennesaw-gun-law	1	3	SimBa
tweet-sno-1319	QO	vclaim-sno-marines-corps-rebuke-pelosi	1	6	SimBa
tweet-sno-1319	QO	vclaim-sno-lin-wood-biden-dead-trump	1	6	SimBa
tweet-sno-1319	QO	vclaim-sno-biden-306-electoral-votes	1	6	SimBa
tweet-sno-1319	QO	vclaim-sno-biden-insulin-epipen	1	6	SimBa
tweet-sno-1319	QO	vclaim-sno-biden-ossoff-warnock-checks-2000	1	6	SimBa
tweet-sno-1320	QO	vclaim-sno-biden-executive-order-dictator	1	5	SimBa
tweet-sno-1320	QO	vclaim-sno-obama-renzi-rig-election	1	3	SimBa
tweet-sno-1320	QO	vclaim-sno-white-house-inclusive-pronouns	1	3	SimBa
tweet-sno-1320	QO	vclaim-sno-biden-boot-wrong-foot-forgot	1	3	SimBa
tweet-sno-1320	QO	vclaim-sno-devos-schools-covid-19	1	3	SimBa
tweet-sno-1321	QO	vclaim-sno-obama-refuse-white-house-blue	1	6	SimBa
tweet-sno-1321	QO	vclaim-sno-crayola-retire-dandelion-crayon	1	6	SimBa
tweet-sno-1321	QO	vclaim-sno-white-house-syria-publicity	1	6	SimBa
tweet-sno-1321	QO	vclaim-sno-trump-vigo-the-carpathian	1	6	SimBa
tweet-sno-1321	QO	vclaim-sno-white-house-trump_photo-delete	1	6	SimBa
tweet-sno-1322	QO	vclaim-sno-crayola-retire-dandelion-crayon	1	6	SimBa
tweet-sno-1322	QO	vclaim-sno-feliz-navidad-white-house	1	6	SimBa
tweet-sno-1322	QO	vclaim-sno-trump-vigo-the-carpathian	1	6	SimBa
tweet-sno-1322	QO	vclaim-sno-trump-fired-cecil-gaines	1	6	SimBa
tweet-sno-1322	QO	vclaim-sno-white-house-syria-publicity	1	6	SimBa
tweet-sno-1323	QO	vclaim-sno-white-house-trump_photo-delete	1	6	SimBa
tweet-sno-1323	QO	vclaim-sno-white-house-syria-publicity	1	6	SimBa
tweet-sno-1323	QO	vclaim-sno-trump-vigo-the-carpathian	1	6	SimBa
tweet-sno-1323	QO	vclaim-sno-obama-refuse-white-house-blue	1	6	SimBa
tweet-sno-1323	QO	vclaim-sno-feliz-navidad-white-house	1	6	SimBa
tweet-sno-1324	QO	vclaim-sno-rnc-chairwoman-deleted-tweet	1	6	SimBa
tweet-sno-1324	QO	vclaim-sno-biden-kenosha-black-looting	1	5	SimBa
tweet-sno-1324	QO	vclaim-sno-fake-aoc-purge-tweet	1	5	SimBa
tweet-sno-1324	QO	vclaim-sno-twitter-biden-negative-news	1	5	SimBa
tweet-sno-1324	QO	vclaim-sno-biden-tweet-pandemic	1	5	SimBa
tweet-sno-1325	QO	vclaim-sno-raising-canes-chicken-bankruptcy	1	2	SimBa
tweet-sno-1325	QO	vclaim-sno-stanley-kubrick-letter	1	2	SimBa
tweet-sno-1325	QO	vclaim-sno-clark-gable-accident	1	2	SimBa
tweet-sno-1325	QO	vclaim-sno-dunkin-donuts-bankruptcy-prank	1	1	SimBa
tweet-sno-1325	QO	vclaim-sno-1-mcdonald39s-any-size-fries	1	0	SimBa
tweet-sno-1326	QO	vclaim-sno-marjorie-greene-jesus-english	1	3	SimBa
tweet-sno-1326	QO	vclaim-sno-gay-jesus-film	1	3	SimBa
tweet-sno-1326	QO	vclaim-sno-aoc-trump-con-artists	1	3	SimBa
tweet-sno-1326	QO	vclaim-sno-buried-treasures	1	3	SimBa
tweet-sno-1326	QO	vclaim-sno-trump-manson-image-real	1	3	SimBa
tweet-sno-1327	QO	vclaim-sno-steven-seagal-death-hoax	1	3	SimBa
tweet-sno-1327	QO	vclaim-sno-getting-the-hang-of-it	1	3	SimBa
tweet-sno-1327	QO	vclaim-sno-false-donald-trump-has-died-possible-heart-attack	1	3	SimBa
tweet-sno-1327	QO	vclaim-sno-clint-eastwood-death-hoax	1	3	SimBa
tweet-sno-1327	QO	vclaim-sno-michael-jordan-death-hoax	1	3	SimBa
tweet-sno-1328	QO	vclaim-sno-cyberpunk-2077-refunds	1	1	SimBa
tweet-sno-1328	QO	vclaim-sno-empty-ps5-boxes-ebay	1	1	SimBa
tweet-sno-1328	QO	vclaim-sno-all-work-and-no-playstation	1	1	SimBa
tweet-sno-1328	QO	vclaim-sno-xbox-playstation-ps5-congrats	1	1	SimBa
tweet-sno-1328	QO	vclaim-sno-pandemicide-trump-covid	1	0	SimBa
tweet-sno-1329	QO	vclaim-sno-1-mcdonald39s-any-size-fries	1	0	SimBa
tweet-sno-1329	QO	vclaim-sno-pandora-black-lives-matter-protest	1	0	SimBa
tweet-sno-1329	QO	vclaim-sno-palm-sunday-miscarriage	1	0	SimBa
tweet-sno-1329	QO	vclaim-sno-pam-bondi-impeachment	1	0	SimBa
tweet-sno-1329	QO	vclaim-sno-pamela-anderson-death-hoax	1	0	SimBa
tweet-sno-1330	QO	vclaim-sno-ice-twitter-account-disappear	1	4	SimBa
tweet-sno-1330	QO	vclaim-sno-jk-rowling-house-troll	1	3	SimBa
tweet-sno-1330	QO	vclaim-sno-chuck-woolery-son-covid-19	1	3	SimBa
tweet-sno-1330	QO	vclaim-sno-kfc-black-history	1	3	SimBa
tweet-sno-1330	QO	vclaim-sno-did-odonnell-offer-bribes-to-senators	1	3	SimBa
tweet-sno-1331	QO	vclaim-sno-ice-twitter-account-disappear	1	7	SimBa
tweet-sno-1331	QO	vclaim-sno-ice-citizens-academy-civilians	1	4	SimBa
tweet-sno-1331	QO	vclaim-sno-trump-my-blood-is-the-vaccine	1	3	SimBa
tweet-sno-1331	QO	vclaim-sno-removing-latest-tweets	1	3	SimBa
tweet-sno-1331	QO	vclaim-sno-trump-lose-followers-first-time	1	3	SimBa
tweet-sno-1332	QO	vclaim-sno-free-meals-for-veterans	1	5	SimBa
tweet-sno-1332	QO	vclaim-sno-veterans-day-tribute	1	3	SimBa
tweet-sno-1332	QO	vclaim-sno-jessica-biel-military-veteran	1	3	SimBa
tweet-sno-1332	QO	vclaim-sno-drink-and-a-nod	1	3	SimBa
tweet-sno-1332	QO	vclaim-sno-21-gun-reboot	1	3	SimBa
tweet-sno-1333	QO	vclaim-sno-abdu-sharkawy-coronavirus	1	4	SimBa
tweet-sno-1333	QO	vclaim-sno-dr-rajendra-kapila-dies-covid-19	1	4	SimBa
tweet-sno-1333	QO	vclaim-sno-blue-waffle-disease	1	3	SimBa
tweet-sno-1333	QO	vclaim-sno-red-cone-of-silence	1	3	SimBa
tweet-sno-1333	QO	vclaim-sno-covid-stimulus-check	1	3	SimBa
tweet-sno-1334	QO	vclaim-sno-covid-vaccine-funded-by-trump	1	4	SimBa
tweet-sno-1334	QO	vclaim-sno-covid-flu-tamiflu	1	3	SimBa
tweet-sno-1334	QO	vclaim-sno-coughing-on-produce	1	3	SimBa
tweet-sno-1334	QO	vclaim-sno-covid-good-news-list-accurate	1	3	SimBa
tweet-sno-1334	QO	vclaim-sno-trump-admin-seizing-ppe	1	3	SimBa
tweet-sno-1335	QO	vclaim-sno-tomi-lahren-biden-supporters-loot	1	3	SimBa
tweet-sno-1335	QO	vclaim-sno-antifa-redirect-joe-biden-website	1	3	SimBa
tweet-sno-1335	QO	vclaim-sno-biden-undocumented-healthcare	1	3	SimBa
tweet-sno-1335	QO	vclaim-sno-sam-elliott-endorse-biden	1	3	SimBa
tweet-sno-1335	QO	vclaim-sno-biden-vaccines-hurricane-protect	1	3	SimBa
tweet-sno-1336	QO	vclaim-sno-biden-major-dog-rescue-white-house	1	12	SimBa
tweet-sno-1336	QO	vclaim-sno-biden-team-statement-dog	1	8	SimBa
tweet-sno-1336	QO	vclaim-sno-military-band-hit-the-road-jack	1	8	SimBa
tweet-sno-1336	QO	vclaim-sno-floyd-county-georgia-votes	1	6	SimBa
tweet-sno-1336	QO	vclaim-sno-biden-306-electoral-votes	1	6	SimBa
tweet-sno-1337	QO	vclaim-sno-parents-deported-reunited	1	9	SimBa
tweet-sno-1337	QO	vclaim-sno-trump-more-testing-look-bad	1	8	SimBa
tweet-sno-1337	QO	vclaim-sno-trump-oldies-die-tweet-real	1	7	SimBa
tweet-sno-1337	QO	vclaim-sno-how-four-presidents-celebrated-4th-of-july	1	6	SimBa
tweet-sno-1337	QO	vclaim-sno-pelosi-trump-use-back-door	1	6	SimBa
tweet-sno-1338	QO	vclaim-sno-bannon-fauci-wray-head-pikes	1	7	SimBa
tweet-sno-1338	QO	vclaim-sno-steve-bannon-predicts-obama	1	6	SimBa
tweet-sno-1338	QO	vclaim-sno-moore-than-welcome	1	5	SimBa
tweet-sno-1338	QO	vclaim-sno-uss-mccain-trump	1	5	SimBa
tweet-sno-1338	QO	vclaim-sno-pelosi-escorted-out-white-house	1	5	SimBa
tweet-sno-1339	QO	vclaim-sno-gray-wolves-endangered-trump	1	3	SimBa
tweet-sno-1339	QO	vclaim-sno-zuckerberg-removing-pages	1	2	SimBa
tweet-sno-1339	QO	vclaim-sno-trump-searching-911-survivors	1	2	SimBa
tweet-sno-1339	QO	vclaim-sno-snl-writer-suspended-tweet-barron	1	2	SimBa
tweet-sno-1339	QO	vclaim-sno-trump-salary-military-cemeteries	1	2	SimBa
tweet-sno-1340	QO	vclaim-sno-trump-display-names-campaign-donors-state-union	1	2	SimBa
tweet-sno-1340	QO	vclaim-sno-1-mcdonald39s-any-size-fries	1	0	SimBa
tweet-sno-1340	QO	vclaim-sno-panda-solar-farm-china	1	0	SimBa
tweet-sno-1340	QO	vclaim-sno-palins-privilege	1	0	SimBa
tweet-sno-1340	QO	vclaim-sno-pallets-of-bricks-protest-sites	1	0	SimBa
tweet-sno-1341	QO	vclaim-sno-pat-robertson-global-warming-trump	1	1	SimBa
tweet-sno-1341	QO	vclaim-sno-does-a-snapple-lid-say-trump-lost	1	1	SimBa
tweet-sno-1341	QO	vclaim-sno-general-james-mattis-insulted-anti-war-protesters	1	1	SimBa
tweet-sno-1341	QO	vclaim-sno-trump-said-1326-times-debates	1	1	SimBa
tweet-sno-1341	QO	vclaim-sno-miriam-adelson-medal-of-freedom	1	1	SimBa
tweet-sno-1342	QO	vclaim-sno-trump-recount-battleground-states	1	7	SimBa
tweet-sno-1342	QO	vclaim-sno-ben-stein	1	4	SimBa
tweet-sno-1342	QO	vclaim-sno-netflix-sharing-passwords-warning	1	3	SimBa
tweet-sno-1342	QO	vclaim-sno-blacks-dont-read	1	3	SimBa
tweet-sno-1342	QO	vclaim-sno-dianne-feinstein	1	3	SimBa
tweet-sno-1343	QO	vclaim-sno-msnbc-pecker-chyron	1	3	SimBa
tweet-sno-1343	QO	vclaim-sno-did-melania-spell-help-tweet	1	3	SimBa
tweet-sno-1343	QO	vclaim-sno-did-trump-concede	1	3	SimBa
tweet-sno-1343	QO	vclaim-sno-spicer-weapons-germans	1	3	SimBa
tweet-sno-1343	QO	vclaim-sno-antifa-patriot-party	1	3	SimBa
tweet-sno-1344	QO	vclaim-sno-pat-robertson-global-warming-trump	1	1	SimBa
tweet-sno-1344	QO	vclaim-sno-does-a-snapple-lid-say-trump-lost	1	1	SimBa
tweet-sno-1344	QO	vclaim-sno-general-james-mattis-insulted-anti-war-protesters	1	1	SimBa
tweet-sno-1344	QO	vclaim-sno-trump-said-1326-times-debates	1	1	SimBa
tweet-sno-1344	QO	vclaim-sno-miriam-adelson-medal-of-freedom	1	1	SimBa
tweet-sno-1345	QO	vclaim-sno-biden-pandemic-statement	1	6	SimBa
tweet-sno-1345	QO	vclaim-sno-trump-tell-supporters-storm	1	6	SimBa
tweet-sno-1345	QO	vclaim-sno-did-trump-concede	1	6	SimBa
tweet-sno-1345	QO	vclaim-sno-ivanka-trump-hunter-biden	1	6	SimBa
tweet-sno-1345	QO	vclaim-sno-biden-trump-inauguration-crowd	1	5	SimBa
tweet-sno-1346	QO	vclaim-sno-whale-surfer-photo	1	3	SimBa
tweet-sno-1346	QO	vclaim-sno-photograph-kayak-orcas	1	3	SimBa
tweet-sno-1346	QO	vclaim-sno-whale-tail-shaka-photo	1	3	SimBa
tweet-sno-1346	QO	vclaim-sno-whale-of-a-tale	1	3	SimBa
tweet-sno-1346	QO	vclaim-sno-whale-mackinac-great-lakes	1	3	SimBa
tweet-sno-1347	QO	vclaim-sno-whale-surfer-photo	1	3	SimBa
tweet-sno-1347	QO	vclaim-sno-photograph-kayak-orcas	1	3	SimBa
tweet-sno-1347	QO	vclaim-sno-whale-tail-shaka-photo	1	3	SimBa
tweet-sno-1347	QO	vclaim-sno-whale-of-a-tale	1	3	SimBa
tweet-sno-1347	QO	vclaim-sno-whale-mackinac-great-lakes	1	3	SimBa
tweet-sno-1348	QO	vclaim-sno-biden-black-athletes-green-mile	1	5	SimBa
tweet-sno-1348	QO	vclaim-sno-parents-deported-reunited	1	3	SimBa
tweet-sno-1348	QO	vclaim-sno-skinny-joey-merlino-biden	1	3	SimBa
tweet-sno-1348	QO	vclaim-sno-fbi-trump-biden-bus	1	3	SimBa
tweet-sno-1348	QO	vclaim-sno-biden-keystone-pipeline-find-a-job	1	3	SimBa
tweet-sno-1349	QO	vclaim-sno-fbi-trump-biden-bus	1	3	SimBa
tweet-sno-1349	QO	vclaim-sno-huckabee-trump-biden-meme	1	3	SimBa
tweet-sno-1349	QO	vclaim-sno-check-from-a-stranger-for-real	1	3	SimBa
tweet-sno-1349	QO	vclaim-sno-blacks-dont-read	1	3	SimBa
tweet-sno-1349	QO	vclaim-sno-taco-blue-fray	1	3	SimBa
tweet-sno-1350	QO	vclaim-sno-amish-community-puppy-mills	1	3	SimBa
tweet-sno-1350	QO	vclaim-sno-michigan-county-amish-homes	1	3	SimBa
tweet-sno-1350	QO	vclaim-sno-amish-buggies-trump	1	3	SimBa
tweet-sno-1350	QO	vclaim-sno-amish-dobergoat-fighting-ring-busted	1	3	SimBa
tweet-sno-1350	QO	vclaim-sno-amish-trump-presidential-victory	1	3	SimBa
tweet-sno-1351	QO	vclaim-sno-trump-paper-shoe	1	3	SimBa
tweet-sno-1351	QO	vclaim-sno-miss-me-yet	1	3	SimBa
tweet-sno-1351	QO	vclaim-sno-blacks-dont-read	1	3	SimBa
tweet-sno-1351	QO	vclaim-sno-bedside-companion	1	3	SimBa
tweet-sno-1351	QO	vclaim-sno-wells-fargo-ceo-coronavirus	1	3	SimBa
tweet-sno-1352	QO	vclaim-sno-hunter-biden-malia-obama-cocaine	1	6	SimBa
tweet-sno-1352	QO	vclaim-sno-biden-trump-inauguration-crowd	1	4	SimBa
tweet-sno-1352	QO	vclaim-sno-joe-biden-rolling-to-remember	1	4	SimBa
tweet-sno-1352	QO	vclaim-sno-democrats-nuclear-weapons	1	4	SimBa
tweet-sno-1352	QO	vclaim-sno-lin-wood-biden-dead-trump	1	4	SimBa
tweet-sno-1353	QO	vclaim-sno-seth-conrad-rich	1	3	SimBa
tweet-sno-1353	QO	vclaim-sno-fbi-50-states-armed-protest	1	3	SimBa
tweet-sno-1353	QO	vclaim-sno-fbi-revealed-the-most-dangerous-zodiac-signs	1	3	SimBa
tweet-sno-1353	QO	vclaim-sno-fbi-report-kavanaugh-allegations-not-true	1	3	SimBa
tweet-sno-1353	QO	vclaim-sno-fbi-raids-cdc-vaccine-data	1	3	SimBa
tweet-sno-1354	QO	vclaim-sno-fbi-agents-hunter-biden	1	3	SimBa
tweet-sno-1354	QO	vclaim-sno-bidens-golfing-burisma-head	1	3	SimBa
tweet-sno-1354	QO	vclaim-sno-hunter-biden-dead-overdose-hoax	1	3	SimBa
tweet-sno-1354	QO	vclaim-sno-hunter-biden-malia-obama-cocaine	1	3	SimBa
tweet-sno-1354	QO	vclaim-sno-1-mcdonald39s-any-size-fries	1	0	SimBa
tweet-sno-1355	QO	vclaim-sno-fbi-agents-hunter-biden	1	3	SimBa
tweet-sno-1355	QO	vclaim-sno-hunter-biden-dead-overdose-hoax	1	3	SimBa
tweet-sno-1355	QO	vclaim-sno-bidens-golfing-burisma-head	1	3	SimBa
tweet-sno-1355	QO	vclaim-sno-hunter-biden-malia-obama-cocaine	1	3	SimBa
tweet-sno-1355	QO	vclaim-sno-ashley-lewis	1	1	SimBa
tweet-sno-1356	QO	vclaim-sno-parents-deported-reunited	1	3	SimBa
tweet-sno-1356	QO	vclaim-sno-biden-russian-flag	1	3	SimBa
tweet-sno-1356	QO	vclaim-sno-trump-biden-resident-meme	1	3	SimBa
tweet-sno-1356	QO	vclaim-sno-biden-boot-wrong-foot-forgot	1	3	SimBa
tweet-sno-1356	QO	vclaim-sno-lin-wood-biden-dead-trump	1	3	SimBa
tweet-sno-1357	QO	vclaim-sno-fbi-trump-biden-bus	1	9	SimBa
tweet-sno-1357	QO	vclaim-sno-cbs-latinos-trump-biden	1	6	SimBa
tweet-sno-1357	QO	vclaim-sno-parents-deported-reunited	1	6	SimBa
tweet-sno-1357	QO	vclaim-sno-huckabee-trump-biden-meme	1	6	SimBa
tweet-sno-1357	QO	vclaim-sno-obama-renzi-rig-election	1	6	SimBa
tweet-sno-1358	QO	vclaim-sno-fbi-trump-biden-bus	1	10	SimBa
tweet-sno-1358	QO	vclaim-sno-huckabee-trump-biden-meme	1	6	SimBa
tweet-sno-1358	QO	vclaim-sno-obama-renzi-rig-election	1	6	SimBa
tweet-sno-1358	QO	vclaim-sno-parents-deported-reunited	1	6	SimBa
tweet-sno-1358	QO	vclaim-sno-cbs-latinos-trump-biden	1	6	SimBa
tweet-sno-1359	QO	vclaim-sno-melania-trump-ron-jeremy-photo	1	3	SimBa
tweet-sno-1359	QO	vclaim-sno-trump-letter-to-erdogan-turkey	1	3	SimBa
tweet-sno-1359	QO	vclaim-sno-trump-tweet-harris	1	3	SimBa
tweet-sno-1359	QO	vclaim-sno-kellyanne-conway-simplicity-pattern	1	3	SimBa
tweet-sno-1359	QO	vclaim-sno-mcconnell-trump-attack-capitol	1	3	SimBa
tweet-sno-1360	QO	vclaim-sno-obama-renzi-rig-election	1	6	SimBa
tweet-sno-1360	QO	vclaim-sno-huckabee-trump-biden-meme	1	6	SimBa
tweet-sno-1360	QO	vclaim-sno-cbs-latinos-trump-biden	1	6	SimBa
tweet-sno-1360	QO	vclaim-sno-parents-deported-reunited	1	6	SimBa
tweet-sno-1360	QO	vclaim-sno-fbi-trump-biden-bus	1	6	SimBa
tweet-sno-1361	QO	vclaim-sno-parents-deported-reunited	1	3	SimBa
tweet-sno-1361	QO	vclaim-sno-biden-russian-flag	1	3	SimBa
tweet-sno-1361	QO	vclaim-sno-trump-biden-resident-meme	1	3	SimBa
tweet-sno-1361	QO	vclaim-sno-biden-boot-wrong-foot-forgot	1	3	SimBa
tweet-sno-1361	QO	vclaim-sno-lin-wood-biden-dead-trump	1	3	SimBa
tweet-sno-1362	QO	vclaim-sno-sean-connery-trump-golf-course	1	8	SimBa
tweet-sno-1362	QO	vclaim-sno-sean-connery-slap-women	1	3	SimBa
tweet-sno-1362	QO	vclaim-sno-scotland-gritter-names	1	3	SimBa
tweet-sno-1362	QO	vclaim-sno-donald-trump-removed-pro-life-from-his-policies	1	3	SimBa
tweet-sno-1362	QO	vclaim-sno-dunblane-school-shootings-ban	1	3	SimBa
tweet-sno-1363	QO	vclaim-sno-incurable-mexican-blood-flu	1	3	SimBa
tweet-sno-1363	QO	vclaim-sno-burger-king-customers-manager	1	3	SimBa
tweet-sno-1363	QO	vclaim-sno-nieto-democrats-open-borders	1	3	SimBa
tweet-sno-1363	QO	vclaim-sno-mexico-charter-buses-migrants	1	3	SimBa
tweet-sno-1363	QO	vclaim-sno-drug-money	1	3	SimBa
tweet-sno-1364	QO	vclaim-sno-el-indio-rancher	1	3	SimBa
tweet-sno-1364	QO	vclaim-sno-el-chapo-escapes-again	1	3	SimBa
tweet-sno-1364	QO	vclaim-sno-baby-dies-of-vicks-vaporub-poisoning	1	3	SimBa
tweet-sno-1364	QO	vclaim-sno-michele-bachmann-mexican-food	1	2	SimBa
tweet-sno-1364	QO	vclaim-sno-caravan-organizer-photo	1	1	SimBa
tweet-sno-1365	QO	vclaim-sno-incurable-mexican-blood-flu	1	3	SimBa
tweet-sno-1365	QO	vclaim-sno-burger-king-customers-manager	1	3	SimBa
tweet-sno-1365	QO	vclaim-sno-nieto-democrats-open-borders	1	3	SimBa
tweet-sno-1365	QO	vclaim-sno-mexico-charter-buses-migrants	1	3	SimBa
tweet-sno-1365	QO	vclaim-sno-drug-money	1	3	SimBa
tweet-sno-1366	QO	vclaim-sno-taco-bell-waldorf-maryland	1	2	SimBa
tweet-sno-1366	QO	vclaim-sno-baby-dies-of-vicks-vaporub-poisoning	1	2	SimBa
tweet-sno-1366	QO	vclaim-sno-does-restaurant-tattoo-guarantee-food	1	2	SimBa
tweet-sno-1366	QO	vclaim-sno-taco-bell-menu-change	1	2	SimBa
tweet-sno-1366	QO	vclaim-sno-cockroach-eggs	1	2	SimBa
tweet-sno-1367	QO	vclaim-sno-incurable-mexican-blood-flu	1	3	SimBa
tweet-sno-1367	QO	vclaim-sno-burger-king-customers-manager	1	3	SimBa
tweet-sno-1367	QO	vclaim-sno-nieto-democrats-open-borders	1	3	SimBa
tweet-sno-1367	QO	vclaim-sno-mexico-charter-buses-migrants	1	3	SimBa
tweet-sno-1367	QO	vclaim-sno-drug-money	1	3	SimBa
tweet-sno-1368	QO	vclaim-sno-cheesecake-factory-receipt	1	2	SimBa
tweet-sno-1368	QO	vclaim-sno-cheesecake-factory-gift-card	1	2	SimBa
tweet-sno-1368	QO	vclaim-sno-cheesecake-factory-closing-rumor	1	2	SimBa
tweet-sno-1368	QO	vclaim-sno-1-mcdonald39s-any-size-fries	1	0	SimBa
tweet-sno-1368	QO	vclaim-sno-panda-solar-farm-china	1	0	SimBa
tweet-sno-1369	QO	vclaim-sno-expired-cake-mix	1	3	SimBa
tweet-sno-1369	QO	vclaim-sno-anti-gay-bakers-lottery-payout	1	3	SimBa
tweet-sno-1369	QO	vclaim-sno-cheesecake-factory-receipt	1	2	SimBa
tweet-sno-1369	QO	vclaim-sno-cheesecake-factory-gift-card	1	2	SimBa
tweet-sno-1369	QO	vclaim-sno-cheesecake-factory-closing-rumor	1	2	SimBa
tweet-sno-1370	QO	vclaim-sno-did-odonnell-offer-bribes-to-senators	1	3	SimBa
tweet-sno-1370	QO	vclaim-sno-blacks-dont-read	1	3	SimBa
tweet-sno-1370	QO	vclaim-sno-kochs-contributed-ryan-after-tax	1	3	SimBa
tweet-sno-1370	QO	vclaim-sno-confessions-of-a-republican	1	3	SimBa
tweet-sno-1370	QO	vclaim-sno-wells-fargo-ceo-coronavirus	1	3	SimBa
tweet-sno-1371	QO	vclaim-sno-cheesecake-factory-receipt	1	2	SimBa
tweet-sno-1371	QO	vclaim-sno-cheesecake-factory-gift-card	1	2	SimBa
tweet-sno-1371	QO	vclaim-sno-cheesecake-factory-closing-rumor	1	2	SimBa
tweet-sno-1371	QO	vclaim-sno-1-mcdonald39s-any-size-fries	1	0	SimBa
tweet-sno-1371	QO	vclaim-sno-panda-solar-farm-china	1	0	SimBa
tweet-sno-1372	QO	vclaim-sno-cheesecake-factory-receipt	1	2	SimBa
tweet-sno-1372	QO	vclaim-sno-cheesecake-factory-gift-card	1	2	SimBa
tweet-sno-1372	QO	vclaim-sno-cheesecake-factory-closing-rumor	1	2	SimBa
tweet-sno-1372	QO	vclaim-sno-1-mcdonald39s-any-size-fries	1	0	SimBa
tweet-sno-1372	QO	vclaim-sno-panda-solar-farm-china	1	0	SimBa
tweet-sno-1373	QO	vclaim-sno-unsweetened-caroline	1	3	SimBa
tweet-sno-1373	QO	vclaim-sno-bumblebees-cant-fly	1	3	SimBa
tweet-sno-1373	QO	vclaim-sno-devos-schools-covid-19	1	3	SimBa
tweet-sno-1373	QO	vclaim-sno-rachel-arlington	1	3	SimBa
tweet-sno-1373	QO	vclaim-sno-dianne-feinstein	1	3	SimBa
tweet-sno-1374	QO	vclaim-sno-cheesecake-factory-closing-rumor	1	3	SimBa
tweet-sno-1374	QO	vclaim-sno-cheesecake-factory-receipt	1	2	SimBa
tweet-sno-1374	QO	vclaim-sno-cheesecake-factory-gift-card	1	2	SimBa
tweet-sno-1374	QO	vclaim-sno-1-mcdonald39s-any-size-fries	1	0	SimBa
tweet-sno-1374	QO	vclaim-sno-panda-solar-farm-china	1	0	SimBa
tweet-sno-1375	QO	vclaim-sno-1-mcdonald39s-any-size-fries	1	0	SimBa
tweet-sno-1375	QO	vclaim-sno-pandora-black-lives-matter-protest	1	0	SimBa
tweet-sno-1375	QO	vclaim-sno-palm-sunday-miscarriage	1	0	SimBa
tweet-sno-1375	QO	vclaim-sno-pam-bondi-impeachment	1	0	SimBa
tweet-sno-1375	QO	vclaim-sno-pamela-anderson-death-hoax	1	0	SimBa
tweet-sno-1376	QO	vclaim-sno-texas-governor-tweet-rapist	1	3	SimBa
tweet-sno-1376	QO	vclaim-sno-betsy-devos-america-tweet	1	3	SimBa
tweet-sno-1376	QO	vclaim-sno-rosie-odonnell-arrested-bribery	1	3	SimBa
tweet-sno-1376	QO	vclaim-sno-alexandria-shooter-james-hodgkinson-protested-with-sign-rand-paul-tweet	1	3	SimBa
tweet-sno-1376	QO	vclaim-sno-donald-trump-sentence	1	3	SimBa
tweet-sno-1377	QO	vclaim-sno-confessions-of-a-republican	1	4	SimBa
tweet-sno-1377	QO	vclaim-sno-mitch-mcconnell-blocked-investigating-russian-hacks	1	3	SimBa
tweet-sno-1377	QO	vclaim-sno-scott-desjarlais-abortions	1	3	SimBa
tweet-sno-1377	QO	vclaim-sno-does-the-republican-tax-bill-include-a-loophole-benefitting-golf-course-owners	1	3	SimBa
tweet-sno-1377	QO	vclaim-sno-mike-pence-opposes-vice	1	3	SimBa
tweet-sno-1378	QO	vclaim-sno-pat-robertson-global-warming-trump	1	1	SimBa
tweet-sno-1378	QO	vclaim-sno-does-a-snapple-lid-say-trump-lost	1	1	SimBa
tweet-sno-1378	QO	vclaim-sno-general-james-mattis-insulted-anti-war-protesters	1	1	SimBa
tweet-sno-1378	QO	vclaim-sno-trump-said-1326-times-debates	1	1	SimBa
tweet-sno-1378	QO	vclaim-sno-miriam-adelson-medal-of-freedom	1	1	SimBa
tweet-sno-1379	QO	vclaim-sno-huckabee-letter-biden-fraud	1	6	SimBa
tweet-sno-1379	QO	vclaim-sno-dallas-jones-voter-fraud	1	6	SimBa
tweet-sno-1379	QO	vclaim-sno-biden-admit-voter-fraud	1	6	SimBa
tweet-sno-1379	QO	vclaim-sno-gallup-poll-electoral-fraud	1	5	SimBa
tweet-sno-1379	QO	vclaim-sno-obama-renzi-rig-election	1	5	SimBa
tweet-sno-1380	QO	vclaim-sno-trump-covid-19-deadlier-than-flu	1	4	SimBa
tweet-sno-1380	QO	vclaim-sno-marine-white-house-detail	1	4	SimBa
tweet-sno-1380	QO	vclaim-sno-obama-urges-soldiers-question-trumps-authority	1	4	SimBa
tweet-sno-1380	QO	vclaim-sno-no-matter-what	1	3	SimBa
tweet-sno-1380	QO	vclaim-sno-trump-immigration-order-obama	1	3	SimBa
tweet-sno-1381	QO	vclaim-sno-california-pedophilia-school	1	2	SimBa
tweet-sno-1381	QO	vclaim-sno-texas-social-workers	1	2	SimBa
tweet-sno-1381	QO	vclaim-sno-tedx-pedophilia-sexual-orientation	1	2	SimBa
tweet-sno-1381	QO	vclaim-sno-trump-administration-fire-lgbtq	1	2	SimBa
tweet-sno-1381	QO	vclaim-sno-1-mcdonald39s-any-size-fries	1	0	SimBa
tweet-sno-1382	QO	vclaim-sno-young-fdr-photo	1	3	SimBa
tweet-sno-1382	QO	vclaim-sno-netanyahu-2016-2	1	3	SimBa
tweet-sno-1382	QO	vclaim-sno-president-for-a-day	1	3	SimBa
tweet-sno-1382	QO	vclaim-sno-black-americans-super-predators	1	3	SimBa
tweet-sno-1382	QO	vclaim-sno-do-police-kill-more-whites-than-black-people	1	3	SimBa
tweet-sno-1383	QO	vclaim-sno-mitch-mcconnell-debate-female	1	3	SimBa
tweet-sno-1383	QO	vclaim-sno-did-c-span-insult-mitch-mcconnell	1	3	SimBa
tweet-sno-1383	QO	vclaim-sno-mitch-mcconnell-supreme-court	1	3	SimBa
tweet-sno-1383	QO	vclaim-sno-mitch-mcconnell-blow-off-trump-haircut	1	3	SimBa
tweet-sno-1383	QO	vclaim-sno-mitch-mcconnell-blocked-investigating-russian-hacks	1	3	SimBa
tweet-sno-1384	QO	vclaim-sno-nurse-gop-convention-shooting	1	3	SimBa
tweet-sno-1384	QO	vclaim-sno-nurse-passes-out	1	3	SimBa
tweet-sno-1384	QO	vclaim-sno-alabama-nurse-covid	1	3	SimBa
tweet-sno-1384	QO	vclaim-sno-portuguese-nurse-dies-vaccine	1	3	SimBa
tweet-sno-1384	QO	vclaim-sno-fiercefemtivist-nurse-racist-parents	1	3	SimBa
tweet-sno-1385	QO	vclaim-sno-jane-fonda-covid-gods-gift	1	7	SimBa
tweet-sno-1385	QO	vclaim-sno-biden-120million-deaths-covid19	1	6	SimBa
tweet-sno-1385	QO	vclaim-sno-jlo-spanish-inauguration	1	4	SimBa
tweet-sno-1385	QO	vclaim-sno-joe-biden-n-word-recorded-speech	1	3	SimBa
tweet-sno-1385	QO	vclaim-sno-biden-ron-burgundy	1	3	SimBa
tweet-sno-1386	QO	vclaim-sno-biden-harris-crowd-face-mask	1	6	SimBa
tweet-sno-1386	QO	vclaim-sno-soros-harris-vice-president	1	6	SimBa
tweet-sno-1386	QO	vclaim-sno-rnc-chairwoman-deleted-tweet	1	6	SimBa
tweet-sno-1386	QO	vclaim-sno-joe-hoe-kamala-harris-billboard	1	6	SimBa
tweet-sno-1386	QO	vclaim-sno-harris-biden-blog-post	1	6	SimBa
tweet-sno-1387	QO	vclaim-sno-83-mail-in-ballots-voter-fraud	1	3	SimBa
tweet-sno-1387	QO	vclaim-sno-los-angeles-gas-price	1	3	SimBa
tweet-sno-1387	QO	vclaim-sno-false-mans-roast-friend	1	3	SimBa
tweet-sno-1387	QO	vclaim-sno-power-outages-la-sf-nyc	1	3	SimBa
tweet-sno-1387	QO	vclaim-sno-did-hugh-hefner-pay-to-be-buried-next-to-marilyn-monroe	1	3	SimBa
tweet-sno-1388	QO	vclaim-sno-karen-pence-school-lgbt	1	3	SimBa
tweet-sno-1388	QO	vclaim-sno-karen-pence-mask-debate	1	3	SimBa
tweet-sno-1388	QO	vclaim-sno-1-mcdonald39s-any-size-fries	1	0	SimBa
tweet-sno-1388	QO	vclaim-sno-pantene-hair-products-causing-highlight-foils-to-catch-fire	1	0	SimBa
tweet-sno-1388	QO	vclaim-sno-pamela-anderson-death-hoax	1	0	SimBa
tweet-sno-1389	QO	vclaim-sno-1-mcdonald39s-any-size-fries	1	0	SimBa
tweet-sno-1389	QO	vclaim-sno-pandora-black-lives-matter-protest	1	0	SimBa
tweet-sno-1389	QO	vclaim-sno-palm-sunday-miscarriage	1	0	SimBa
tweet-sno-1389	QO	vclaim-sno-pam-bondi-impeachment	1	0	SimBa
tweet-sno-1389	QO	vclaim-sno-pamela-anderson-death-hoax	1	0	SimBa
tweet-sno-1390	QO	vclaim-sno-kamala-harris-protests	1	5	SimBa
tweet-sno-1390	QO	vclaim-sno-ohio-black-abortion-exclude	1	3	SimBa
tweet-sno-1390	QO	vclaim-sno-house-committee-oath-god	1	3	SimBa
tweet-sno-1390	QO	vclaim-sno-cesar-sayoc-party-registration	1	3	SimBa
tweet-sno-1390	QO	vclaim-sno-pelosi-stage-vaccine-photo	1	3	SimBa
tweet-sno-1391	QO	vclaim-sno-obama-renzi-rig-election	1	6	SimBa
tweet-sno-1391	QO	vclaim-sno-lin-wood-biden-dead-trump	1	6	SimBa
tweet-sno-1391	QO	vclaim-sno-ivanka-trump-hunter-biden	1	6	SimBa
tweet-sno-1391	QO	vclaim-sno-huckabee-trump-biden-meme	1	6	SimBa
tweet-sno-1391	QO	vclaim-sno-biden-trump-inauguration-crowd	1	6	SimBa
tweet-sno-1392	QO	vclaim-sno-parents-deported-reunited	1	3	SimBa
tweet-sno-1392	QO	vclaim-sno-biden-russian-flag	1	3	SimBa
tweet-sno-1392	QO	vclaim-sno-trump-biden-resident-meme	1	3	SimBa
tweet-sno-1392	QO	vclaim-sno-biden-boot-wrong-foot-forgot	1	3	SimBa
tweet-sno-1392	QO	vclaim-sno-lin-wood-biden-dead-trump	1	3	SimBa
tweet-sno-1393	QO	vclaim-sno-clinton-mccabe-donation	1	7	SimBa
tweet-sno-1393	QO	vclaim-sno-huma-abedin-insurance	1	6	SimBa
tweet-sno-1393	QO	vclaim-sno-seth-conrad-rich	1	6	SimBa
tweet-sno-1393	QO	vclaim-sno-hillary-clinton-killed-fbi-raid	1	6	SimBa
tweet-sno-1393	QO	vclaim-sno-hillary-clinton-smash-phone-hammer	1	6	SimBa
tweet-sno-1394	QO	vclaim-sno-taco-bell-refried-beans	1	3	SimBa
tweet-sno-1394	QO	vclaim-sno-aoc-dua-lipa-ocasio-cortez	1	3	SimBa
tweet-sno-1394	QO	vclaim-sno-bts-band-meal-mcdonalds	1	3	SimBa
tweet-sno-1394	QO	vclaim-sno-iphone-12-tiktok-scam	1	3	SimBa
tweet-sno-1394	QO	vclaim-sno-musically-tiktok-warning	1	3	SimBa
tweet-sno-1395	QO	vclaim-sno-gay-men-proud-boys-hashtag	1	8	SimBa
tweet-sno-1395	QO	vclaim-sno-can-you-vote-online-with-a-hashtag	1	6	SimBa
tweet-sno-1395	QO	vclaim-sno-kohls-facebook-coupon-scam	1	3	SimBa
tweet-sno-1395	QO	vclaim-sno-facts-about-dreamers-meme	1	3	SimBa
tweet-sno-1395	QO	vclaim-sno-parasite-fish-tongue-mouth	1	3	SimBa
tweet-sno-1396	QO	vclaim-sno-obamas-50-lies	1	1	SimBa
tweet-sno-1396	QO	vclaim-sno-lbj-voting-democratic	1	1	SimBa
tweet-sno-1396	QO	vclaim-sno-quirky-president-auction	1	1	SimBa
tweet-sno-1396	QO	vclaim-sno-biden-inaugural-speech	1	1	SimBa
tweet-sno-1396	QO	vclaim-sno-zimbabwait-what	1	1	SimBa
tweet-sno-1397	QO	vclaim-sno-email-google-plus-settlement	1	3	SimBa
tweet-sno-1397	QO	vclaim-sno-trump-army-fundraising-email	1	3	SimBa
tweet-sno-1397	QO	vclaim-sno-dick-smith-halal-email	1	3	SimBa
tweet-sno-1397	QO	vclaim-sno-hillary-sand-wikileaks-dump	1	3	SimBa
tweet-sno-1397	QO	vclaim-sno-trump-selling-inauguration-tickets	1	3	SimBa
tweet-sno-1398	QO	vclaim-sno-amy-coney-barrett-rhodes-scholar	1	6	SimBa
tweet-sno-1398	QO	vclaim-sno-amy-coney-barrett-women-property	1	3	SimBa
tweet-sno-1398	QO	vclaim-sno-amy-coney-barrett-breastfeeding	1	3	SimBa
tweet-sno-1398	QO	vclaim-sno-barrett-nword-opinion	1	3	SimBa
tweet-sno-1398	QO	vclaim-sno-trump-healthcare-lesley-stahl	1	3	SimBa
tweet-sno-1399	QO	vclaim-sno-biden-antifa-courageous-americans	1	4	SimBa
tweet-sno-1399	QO	vclaim-sno-antifa-manual-online	1	3	SimBa
tweet-sno-1399	QO	vclaim-sno-antifa-flyers-call-for-the-murder-of-white-children	1	3	SimBa
tweet-sno-1399	QO	vclaim-sno-mariah-carey-dead-kennedys-antifa	1	3	SimBa
tweet-sno-1399	QO	vclaim-sno-antifa-nazi-flags	1	3	SimBa
tweet-sno-1400	QO	vclaim-sno-trump-condemn-white-supremacists	1	4	SimBa
tweet-sno-1400	QO	vclaim-sno-america-first-ku-klux-klan-slogan	1	4	SimBa
tweet-sno-1400	QO	vclaim-sno-trump-terror-watch-program	1	4	SimBa
tweet-sno-1400	QO	vclaim-sno-intern-white-power-hand-gesture	1	4	SimBa
tweet-sno-1400	QO	vclaim-sno-trump-flies-sick-boy	1	4	SimBa
tweet-sno-1401	QO	vclaim-sno-trump-bloomberg-clinton-golf-photo	1	3	SimBa
tweet-sno-1401	QO	vclaim-sno-bloomberg-elderly-cancer	1	3	SimBa
tweet-sno-1401	QO	vclaim-sno-clint-eastwood-bloomberg	1	3	SimBa
tweet-sno-1401	QO	vclaim-sno-trump-quote-kim-jong-un-biden	1	3	SimBa
tweet-sno-1401	QO	vclaim-sno-bloomberg-farmers-gray-matter	1	3	SimBa
