tweet-sno-1200	QO	vclaim-sno-canned-pumpkin-isnt-actually-pumpkin	1	13.114754098360656	SimBa
tweet-sno-1200	QO	vclaim-sno-atf-reclassifies-wetted-nitrocellulose	1	12.903225806451612	SimBa
tweet-sno-1200	QO	vclaim-sno-disney-pixar-boo	1	12.698412698412698	SimBa
tweet-sno-1200	QO	vclaim-sno-carmex-addiction	1	11.940298507462687	SimBa
tweet-sno-1200	QO	vclaim-sno-ny-lawmaker-anti-harassment	1	11.940298507462687	SimBa
tweet-sno-1201	QO	vclaim-sno-blm-euthanize-44000-horses	1	11.594202898550725	SimBa
tweet-sno-1201	QO	vclaim-sno-woman-births-octopus	1	11.594202898550725	SimBa
tweet-sno-1201	QO	vclaim-sno-canned-pumpkin-isnt-actually-pumpkin	1	11.267605633802816	SimBa
tweet-sno-1201	QO	vclaim-sno-atf-reclassifies-wetted-nitrocellulose	1	11.11111111111111	SimBa
tweet-sno-1201	QO	vclaim-sno-anonymous-masks-illegal	1	11.11111111111111	SimBa
tweet-sno-1202	QO	vclaim-sno-footie-loose	1	11.494252873563218	SimBa
tweet-sno-1202	QO	vclaim-sno-ps-and-qs	1	11.009174311926607	SimBa
tweet-sno-1202	QO	vclaim-sno-notre-dame-barrett-nomination	1	11.009174311926607	SimBa
tweet-sno-1202	QO	vclaim-sno-carmex-addiction	1	10.869565217391305	SimBa
tweet-sno-1202	QO	vclaim-sno-george-orwell-people-accomplices	1	10.75268817204301	SimBa
tweet-sno-1203	QO	vclaim-sno-blm-euthanize-44000-horses	1	12.121212121212121	SimBa
tweet-sno-1203	QO	vclaim-sno-woman-births-octopus	1	12.121212121212121	SimBa
tweet-sno-1203	QO	vclaim-sno-canned-pumpkin-isnt-actually-pumpkin	1	11.764705882352942	SimBa
tweet-sno-1203	QO	vclaim-sno-anonymous-masks-illegal	1	11.594202898550725	SimBa
tweet-sno-1203	QO	vclaim-sno-atf-reclassifies-wetted-nitrocellulose	1	11.594202898550725	SimBa
tweet-sno-1204	QO	vclaim-sno-canned-pumpkin-isnt-actually-pumpkin	1	21.73913043478261	SimBa
tweet-sno-1204	QO	vclaim-sno-disney-pixar-boo	1	20.833333333333336	SimBa
tweet-sno-1204	QO	vclaim-sno-bernie-sanders-loser-meme	1	19.047619047619047	SimBa
tweet-sno-1204	QO	vclaim-sno-72-hour-challenge	1	18.867924528301888	SimBa
tweet-sno-1204	QO	vclaim-sno-biden-antifa-courageous-americans	1	18.867924528301888	SimBa
tweet-sno-1205	QO	vclaim-sno-carmex-addiction	1	18.867924528301888	SimBa
tweet-sno-1205	QO	vclaim-sno-cdc-ted-cruz-mexico	1	18.51851851851852	SimBa
tweet-sno-1205	QO	vclaim-sno-cdc-zombie-preparedness-guide-2	1	17.391304347826086	SimBa
tweet-sno-1205	QO	vclaim-sno-schumer-erection-senate-floor	1	16.94915254237288	SimBa
tweet-sno-1205	QO	vclaim-sno-steep-risk	1	16.666666666666668	SimBa
tweet-sno-1206	QO	vclaim-sno-canned-pumpkin-isnt-actually-pumpkin	1	14.08450704225352	SimBa
tweet-sno-1206	QO	vclaim-sno-disney-pixar-boo	1	13.698630136986301	SimBa
tweet-sno-1206	QO	vclaim-sno-72-hour-challenge	1	12.820512820512821	SimBa
tweet-sno-1206	QO	vclaim-sno-biden-antifa-courageous-americans	1	12.820512820512821	SimBa
tweet-sno-1206	QO	vclaim-sno-tiktok-oh-no-song	1	12.5	SimBa
tweet-sno-1207	QO	vclaim-sno-woman-births-octopus	1	13.636363636363637	SimBa
tweet-sno-1207	QO	vclaim-sno-blm-euthanize-44000-horses	1	13.636363636363637	SimBa
tweet-sno-1207	QO	vclaim-sno-canned-pumpkin-isnt-actually-pumpkin	1	13.043478260869565	SimBa
tweet-sno-1207	QO	vclaim-sno-atf-reclassifies-wetted-nitrocellulose	1	12.76595744680851	SimBa
tweet-sno-1207	QO	vclaim-sno-anonymous-masks-illegal	1	12.76595744680851	SimBa
tweet-sno-1208	QO	vclaim-sno-cdc-ted-cruz-mexico	1	14.432989690721648	SimBa
tweet-sno-1208	QO	vclaim-sno-schumer-erection-senate-floor	1	13.72549019607843	SimBa
tweet-sno-1208	QO	vclaim-sno-shark-prank	1	13.333333333333332	SimBa
tweet-sno-1208	QO	vclaim-sno-footie-loose	1	13.186813186813188	SimBa
tweet-sno-1208	QO	vclaim-sno-ted-cruz-texas-freezes-over	1	12.903225806451612	SimBa
tweet-sno-1209	QO	vclaim-sno-blm-euthanize-44000-horses	1	14.285714285714285	SimBa
tweet-sno-1209	QO	vclaim-sno-woman-births-octopus	1	14.285714285714285	SimBa
tweet-sno-1209	QO	vclaim-sno-canned-pumpkin-isnt-actually-pumpkin	1	13.636363636363637	SimBa
tweet-sno-1209	QO	vclaim-sno-atf-reclassifies-wetted-nitrocellulose	1	13.333333333333334	SimBa
tweet-sno-1209	QO	vclaim-sno-anonymous-masks-illegal	1	13.333333333333334	SimBa
tweet-sno-1210	QO	vclaim-sno-woman-births-octopus	1	14.285714285714286	SimBa
tweet-sno-1210	QO	vclaim-sno-blm-euthanize-44000-horses	1	14.285714285714286	SimBa
tweet-sno-1210	QO	vclaim-sno-canned-pumpkin-isnt-actually-pumpkin	1	13.793103448275861	SimBa
tweet-sno-1210	QO	vclaim-sno-anonymous-masks-illegal	1	13.559322033898304	SimBa
tweet-sno-1210	QO	vclaim-sno-atf-reclassifies-wetted-nitrocellulose	1	13.559322033898304	SimBa
tweet-sno-1211	QO	vclaim-sno-blm-euthanize-44000-horses	1	9.375	SimBa
tweet-sno-1211	QO	vclaim-sno-woman-births-octopus	1	9.375	SimBa
tweet-sno-1211	QO	vclaim-sno-canned-pumpkin-isnt-actually-pumpkin	1	9.09090909090909	SimBa
tweet-sno-1211	QO	vclaim-sno-atf-reclassifies-wetted-nitrocellulose	1	8.955223880597016	SimBa
tweet-sno-1211	QO	vclaim-sno-anonymous-masks-illegal	1	8.955223880597016	SimBa
tweet-sno-1212	QO	vclaim-sno-blm-euthanize-44000-horses	1	16.0	SimBa
tweet-sno-1212	QO	vclaim-sno-woman-births-octopus	1	16.0	SimBa
tweet-sno-1212	QO	vclaim-sno-canned-pumpkin-isnt-actually-pumpkin	1	15.384615384615385	SimBa
tweet-sno-1212	QO	vclaim-sno-anonymous-masks-illegal	1	15.09433962264151	SimBa
tweet-sno-1212	QO	vclaim-sno-atf-reclassifies-wetted-nitrocellulose	1	15.09433962264151	SimBa
tweet-sno-1213	QO	vclaim-sno-carmex-addiction	1	14.457831325301207	SimBa
tweet-sno-1213	QO	vclaim-sno-cdc-ted-cruz-mexico	1	14.285714285714285	SimBa
tweet-sno-1213	QO	vclaim-sno-schumer-erection-senate-floor	1	13.483146067415731	SimBa
tweet-sno-1213	QO	vclaim-sno-cdc-zombie-preparedness-guide-2	1	13.157894736842106	SimBa
tweet-sno-1213	QO	vclaim-sno-shark-prank	1	13.043478260869565	SimBa
tweet-sno-1214	QO	vclaim-sno-carmex-addiction	1	18.461538461538463	SimBa
tweet-sno-1214	QO	vclaim-sno-cdc-ted-cruz-mexico	1	18.18181818181818	SimBa
tweet-sno-1214	QO	vclaim-sno-cdc-zombie-preparedness-guide-2	1	17.241379310344826	SimBa
tweet-sno-1214	QO	vclaim-sno-schumer-erection-senate-floor	1	16.901408450704224	SimBa
tweet-sno-1214	QO	vclaim-sno-footie-loose	1	16.666666666666668	SimBa
tweet-sno-1215	QO	vclaim-sno-footie-loose	1	17.241379310344826	SimBa
tweet-sno-1215	QO	vclaim-sno-carmex-addiction	1	15.873015873015872	SimBa
tweet-sno-1215	QO	vclaim-sno-cdc-ted-cruz-mexico	1	15.625	SimBa
tweet-sno-1215	QO	vclaim-sno-ps-and-qs	1	15.0	SimBa
tweet-sno-1215	QO	vclaim-sno-schumer-erection-senate-floor	1	14.492753623188406	SimBa
tweet-sno-1216	QO	vclaim-sno-carmex-addiction	1	12.631578947368421	SimBa
tweet-sno-1216	QO	vclaim-sno-cdc-ted-cruz-mexico	1	12.5	SimBa
tweet-sno-1216	QO	vclaim-sno-schumer-erection-senate-floor	1	11.881188118811881	SimBa
tweet-sno-1216	QO	vclaim-sno-shark-prank	1	11.538461538461538	SimBa
tweet-sno-1216	QO	vclaim-sno-ice-citizens-academy-civilians	1	11.428571428571427	SimBa
tweet-sno-1217	QO	vclaim-sno-woman-births-octopus	1	13.636363636363637	SimBa
tweet-sno-1217	QO	vclaim-sno-blm-euthanize-44000-horses	1	13.636363636363637	SimBa
tweet-sno-1217	QO	vclaim-sno-canned-pumpkin-isnt-actually-pumpkin	1	13.043478260869565	SimBa
tweet-sno-1217	QO	vclaim-sno-atf-reclassifies-wetted-nitrocellulose	1	12.76595744680851	SimBa
tweet-sno-1217	QO	vclaim-sno-anonymous-masks-illegal	1	12.76595744680851	SimBa
tweet-sno-1218	QO	vclaim-sno-blm-euthanize-44000-horses	1	10.0	SimBa
tweet-sno-1218	QO	vclaim-sno-woman-births-octopus	1	10.0	SimBa
tweet-sno-1218	QO	vclaim-sno-canned-pumpkin-isnt-actually-pumpkin	1	9.75609756097561	SimBa
tweet-sno-1218	QO	vclaim-sno-anonymous-masks-illegal	1	9.63855421686747	SimBa
tweet-sno-1218	QO	vclaim-sno-atf-reclassifies-wetted-nitrocellulose	1	9.63855421686747	SimBa
tweet-sno-1219	QO	vclaim-sno-blm-euthanize-44000-horses	1	10.95890410958904	SimBa
tweet-sno-1219	QO	vclaim-sno-woman-births-octopus	1	10.95890410958904	SimBa
tweet-sno-1219	QO	vclaim-sno-canned-pumpkin-isnt-actually-pumpkin	1	10.666666666666666	SimBa
tweet-sno-1219	QO	vclaim-sno-anonymous-masks-illegal	1	10.526315789473685	SimBa
tweet-sno-1219	QO	vclaim-sno-atf-reclassifies-wetted-nitrocellulose	1	10.526315789473685	SimBa
tweet-sno-1220	QO	vclaim-sno-woman-births-octopus	1	7.792207792207792	SimBa
tweet-sno-1220	QO	vclaim-sno-blm-euthanize-44000-horses	1	7.792207792207792	SimBa
tweet-sno-1220	QO	vclaim-sno-canned-pumpkin-isnt-actually-pumpkin	1	7.59493670886076	SimBa
tweet-sno-1220	QO	vclaim-sno-atf-reclassifies-wetted-nitrocellulose	1	7.5	SimBa
tweet-sno-1220	QO	vclaim-sno-anonymous-masks-illegal	1	7.5	SimBa
tweet-sno-1221	QO	vclaim-sno-blm-euthanize-44000-horses	1	16.666666666666668	SimBa
tweet-sno-1221	QO	vclaim-sno-woman-births-octopus	1	16.666666666666668	SimBa
tweet-sno-1221	QO	vclaim-sno-canned-pumpkin-isnt-actually-pumpkin	1	16.0	SimBa
tweet-sno-1221	QO	vclaim-sno-anonymous-masks-illegal	1	15.686274509803921	SimBa
tweet-sno-1221	QO	vclaim-sno-atf-reclassifies-wetted-nitrocellulose	1	15.686274509803921	SimBa
tweet-sno-1222	QO	vclaim-sno-blm-euthanize-44000-horses	1	13.333333333333334	SimBa
tweet-sno-1222	QO	vclaim-sno-woman-births-octopus	1	13.333333333333334	SimBa
tweet-sno-1222	QO	vclaim-sno-canned-pumpkin-isnt-actually-pumpkin	1	12.76595744680851	SimBa
tweet-sno-1222	QO	vclaim-sno-anonymous-masks-illegal	1	12.5	SimBa
tweet-sno-1222	QO	vclaim-sno-atf-reclassifies-wetted-nitrocellulose	1	12.5	SimBa
tweet-sno-1223	QO	vclaim-sno-blm-euthanize-44000-horses	1	18.6046511627907	SimBa
tweet-sno-1223	QO	vclaim-sno-woman-births-octopus	1	18.6046511627907	SimBa
tweet-sno-1223	QO	vclaim-sno-canned-pumpkin-isnt-actually-pumpkin	1	17.77777777777778	SimBa
tweet-sno-1223	QO	vclaim-sno-anonymous-masks-illegal	1	17.391304347826086	SimBa
tweet-sno-1223	QO	vclaim-sno-atf-reclassifies-wetted-nitrocellulose	1	17.391304347826086	SimBa
tweet-sno-1224	QO	vclaim-sno-uss-constitution	1	15.384615384615387	SimBa
tweet-sno-1224	QO	vclaim-sno-the-privilege-of-ladies	1	15.151515151515152	SimBa
tweet-sno-1224	QO	vclaim-sno-sean-penn-vincent-donofrio	1	15.151515151515152	SimBa
tweet-sno-1224	QO	vclaim-sno-canned-pumpkin-isnt-actually-pumpkin	1	15.151515151515152	SimBa
tweet-sno-1224	QO	vclaim-sno-disney-pixar-boo	1	14.705882352941178	SimBa
tweet-sno-1225	QO	vclaim-sno-blm-euthanize-44000-horses	1	12.698412698412698	SimBa
tweet-sno-1225	QO	vclaim-sno-woman-births-octopus	1	12.698412698412698	SimBa
tweet-sno-1225	QO	vclaim-sno-canned-pumpkin-isnt-actually-pumpkin	1	12.307692307692308	SimBa
tweet-sno-1225	QO	vclaim-sno-atf-reclassifies-wetted-nitrocellulose	1	12.121212121212121	SimBa
tweet-sno-1225	QO	vclaim-sno-anonymous-masks-illegal	1	12.121212121212121	SimBa
tweet-sno-1226	QO	vclaim-sno-carmex-addiction	1	11.764705882352942	SimBa
tweet-sno-1226	QO	vclaim-sno-cdc-ted-cruz-mexico	1	11.627906976744187	SimBa
tweet-sno-1226	QO	vclaim-sno-schumer-erection-senate-floor	1	10.989010989010989	SimBa
tweet-sno-1226	QO	vclaim-sno-shark-prank	1	10.638297872340425	SimBa
tweet-sno-1226	QO	vclaim-sno-ice-citizens-academy-civilians	1	10.526315789473683	SimBa
tweet-sno-1227	QO	vclaim-sno-carmex-addiction	1	15.625	SimBa
tweet-sno-1227	QO	vclaim-sno-cdc-ted-cruz-mexico	1	15.384615384615385	SimBa
tweet-sno-1227	QO	vclaim-sno-schumer-erection-senate-floor	1	14.285714285714286	SimBa
tweet-sno-1227	QO	vclaim-sno-cdc-zombie-preparedness-guide-2	1	14.035087719298245	SimBa
tweet-sno-1227	QO	vclaim-sno-shark-prank	1	13.698630136986301	SimBa
tweet-sno-1228	QO	vclaim-sno-footie-loose	1	16.216216216216218	SimBa
tweet-sno-1228	QO	vclaim-sno-carmex-addiction	1	15.18987341772152	SimBa
tweet-sno-1228	QO	vclaim-sno-cdc-ted-cruz-mexico	1	15.0	SimBa
tweet-sno-1228	QO	vclaim-sno-giant-george	1	14.705882352941178	SimBa
tweet-sno-1228	QO	vclaim-sno-ps-and-qs	1	14.583333333333334	SimBa
tweet-sno-1229	QO	vclaim-sno-blm-euthanize-44000-horses	1	13.793103448275861	SimBa
tweet-sno-1229	QO	vclaim-sno-woman-births-octopus	1	13.793103448275861	SimBa
tweet-sno-1229	QO	vclaim-sno-canned-pumpkin-isnt-actually-pumpkin	1	13.333333333333334	SimBa
tweet-sno-1229	QO	vclaim-sno-rashida-tlaib-bring-jihad	1	13.114754098360656	SimBa
tweet-sno-1229	QO	vclaim-sno-anonymous-masks-illegal	1	13.114754098360656	SimBa
tweet-sno-1230	QO	vclaim-sno-62-degree-celsius-kuwait-tree-fire	1	10.526315789473685	SimBa
tweet-sno-1230	QO	vclaim-sno-sargento-recall-fake-news	1	10.526315789473685	SimBa
tweet-sno-1230	QO	vclaim-sno-72-hour-challenge	1	10.126582278481013	SimBa
tweet-sno-1230	QO	vclaim-sno-biden-antifa-courageous-americans	1	10.126582278481013	SimBa
tweet-sno-1230	QO	vclaim-sno-criminal-aliens-gang-members	1	10.126582278481013	SimBa
tweet-sno-1231	QO	vclaim-sno-62-degree-celsius-kuwait-tree-fire	1	10.869565217391305	SimBa
tweet-sno-1231	QO	vclaim-sno-criminal-aliens-gang-members	1	10.526315789473683	SimBa
tweet-sno-1231	QO	vclaim-sno-does-donald-trump-own-a-stake-in-the-dakota-access-pipeline	1	10.309278350515463	SimBa
tweet-sno-1231	QO	vclaim-sno-capitol-riot-podium	1	10.309278350515463	SimBa
tweet-sno-1231	QO	vclaim-sno-audit-the-vote	1	10.101010101010102	SimBa
tweet-sno-1232	QO	vclaim-sno-62-degree-celsius-kuwait-tree-fire	1	11.494252873563218	SimBa
tweet-sno-1232	QO	vclaim-sno-sargento-recall-fake-news	1	11.494252873563218	SimBa
tweet-sno-1232	QO	vclaim-sno-criminal-aliens-gang-members	1	11.11111111111111	SimBa
tweet-sno-1232	QO	vclaim-sno-72-hour-challenge	1	11.11111111111111	SimBa
tweet-sno-1232	QO	vclaim-sno-biden-antifa-courageous-americans	1	11.11111111111111	SimBa
tweet-sno-1233	QO	vclaim-sno-footie-loose	1	15.0	SimBa
tweet-sno-1233	QO	vclaim-sno-carmex-addiction	1	14.117647058823529	SimBa
tweet-sno-1233	QO	vclaim-sno-cdc-ted-cruz-mexico	1	13.953488372093023	SimBa
tweet-sno-1233	QO	vclaim-sno-new-constitution	1	13.88888888888889	SimBa
tweet-sno-1233	QO	vclaim-sno-ps-and-qs	1	13.72549019607843	SimBa
tweet-sno-1234	QO	vclaim-sno-62-degree-celsius-kuwait-tree-fire	1	15.384615384615385	SimBa
tweet-sno-1234	QO	vclaim-sno-criminal-aliens-gang-members	1	14.705882352941178	SimBa
tweet-sno-1234	QO	vclaim-sno-capitol-riot-podium	1	14.285714285714286	SimBa
tweet-sno-1234	QO	vclaim-sno-does-donald-trump-own-a-stake-in-the-dakota-access-pipeline	1	14.285714285714286	SimBa
tweet-sno-1234	QO	vclaim-sno-ice-twitter-account-disappear	1	14.08450704225352	SimBa
tweet-sno-1235	QO	vclaim-sno-sargento-recall-fake-news	1	12.5	SimBa
tweet-sno-1235	QO	vclaim-sno-62-degree-celsius-kuwait-tree-fire	1	12.5	SimBa
tweet-sno-1235	QO	vclaim-sno-72-hour-challenge	1	12.048192771084338	SimBa
tweet-sno-1235	QO	vclaim-sno-criminal-aliens-gang-members	1	12.048192771084338	SimBa
tweet-sno-1235	QO	vclaim-sno-biden-antifa-courageous-americans	1	12.048192771084338	SimBa
tweet-sno-1236	QO	vclaim-sno-biden-antifa-courageous-americans	1	12.903225806451612	SimBa
tweet-sno-1236	QO	vclaim-sno-72-hour-challenge	1	12.903225806451612	SimBa
tweet-sno-1236	QO	vclaim-sno-uss-constitution	1	12.244897959183675	SimBa
tweet-sno-1236	QO	vclaim-sno-canned-pumpkin-isnt-actually-pumpkin	1	11.627906976744187	SimBa
tweet-sno-1236	QO	vclaim-sno-disney-pixar-boo	1	11.363636363636365	SimBa
tweet-sno-1237	QO	vclaim-sno-62-degree-celsius-kuwait-tree-fire	1	18.51851851851852	SimBa
tweet-sno-1237	QO	vclaim-sno-criminal-aliens-gang-members	1	17.543859649122805	SimBa
tweet-sno-1237	QO	vclaim-sno-emoji-charges-cell-phone	1	17.02127659574468	SimBa
tweet-sno-1237	QO	vclaim-sno-capitol-riot-podium	1	16.94915254237288	SimBa
tweet-sno-1237	QO	vclaim-sno-does-donald-trump-own-a-stake-in-the-dakota-access-pipeline	1	16.94915254237288	SimBa
tweet-sno-1238	QO	vclaim-sno-62-degree-celsius-kuwait-tree-fire	1	16.129032258064516	SimBa
tweet-sno-1238	QO	vclaim-sno-sargento-recall-fake-news	1	16.129032258064516	SimBa
tweet-sno-1238	QO	vclaim-sno-criminal-aliens-gang-members	1	15.384615384615385	SimBa
tweet-sno-1238	QO	vclaim-sno-72-hour-challenge	1	15.384615384615385	SimBa
tweet-sno-1238	QO	vclaim-sno-biden-antifa-courageous-americans	1	15.384615384615385	SimBa
tweet-sno-1239	QO	vclaim-sno-62-degree-celsius-kuwait-tree-fire	1	10.526315789473683	SimBa
tweet-sno-1239	QO	vclaim-sno-criminal-aliens-gang-members	1	10.204081632653061	SimBa
tweet-sno-1239	QO	vclaim-sno-capitol-riot-podium	1	10.0	SimBa
tweet-sno-1239	QO	vclaim-sno-does-donald-trump-own-a-stake-in-the-dakota-access-pipeline	1	10.0	SimBa
tweet-sno-1239	QO	vclaim-sno-audit-the-vote	1	9.80392156862745	SimBa
tweet-sno-1240	QO	vclaim-sno-62-degree-celsius-kuwait-tree-fire	1	14.035087719298245	SimBa
tweet-sno-1240	QO	vclaim-sno-criminal-aliens-gang-members	1	13.333333333333334	SimBa
tweet-sno-1240	QO	vclaim-sno-capitol-riot-podium	1	12.903225806451612	SimBa
tweet-sno-1240	QO	vclaim-sno-does-donald-trump-own-a-stake-in-the-dakota-access-pipeline	1	12.903225806451612	SimBa
tweet-sno-1240	QO	vclaim-sno-audit-the-vote	1	12.5	SimBa
tweet-sno-1241	QO	vclaim-sno-ice-twitter-account-disappear	1	10.638297872340425	SimBa
tweet-sno-1241	QO	vclaim-sno-woman-births-octopus	1	9.75609756097561	SimBa
tweet-sno-1241	QO	vclaim-sno-blm-euthanize-44000-horses	1	9.75609756097561	SimBa
tweet-sno-1241	QO	vclaim-sno-canned-pumpkin-isnt-actually-pumpkin	1	9.523809523809524	SimBa
tweet-sno-1241	QO	vclaim-sno-anonymous-masks-illegal	1	9.411764705882353	SimBa
tweet-sno-1242	QO	vclaim-sno-62-degree-celsius-kuwait-tree-fire	1	17.391304347826086	SimBa
tweet-sno-1242	QO	vclaim-sno-criminal-aliens-gang-members	1	16.3265306122449	SimBa
tweet-sno-1242	QO	vclaim-sno-capitol-riot-podium	1	15.686274509803921	SimBa
tweet-sno-1242	QO	vclaim-sno-does-donald-trump-own-a-stake-in-the-dakota-access-pipeline	1	15.686274509803921	SimBa
tweet-sno-1242	QO	vclaim-sno-emoji-charges-cell-phone	1	15.384615384615387	SimBa
tweet-sno-1243	QO	vclaim-sno-62-degree-celsius-kuwait-tree-fire	1	19.23076923076923	SimBa
tweet-sno-1243	QO	vclaim-sno-criminal-aliens-gang-members	1	18.18181818181818	SimBa
tweet-sno-1243	QO	vclaim-sno-emoji-charges-cell-phone	1	17.77777777777778	SimBa
tweet-sno-1243	QO	vclaim-sno-capitol-riot-podium	1	17.543859649122805	SimBa
tweet-sno-1243	QO	vclaim-sno-does-donald-trump-own-a-stake-in-the-dakota-access-pipeline	1	17.543859649122805	SimBa
tweet-sno-1244	QO	vclaim-sno-62-degree-celsius-kuwait-tree-fire	1	17.391304347826086	SimBa
tweet-sno-1244	QO	vclaim-sno-criminal-aliens-gang-members	1	16.3265306122449	SimBa
tweet-sno-1244	QO	vclaim-sno-capitol-riot-podium	1	15.686274509803921	SimBa
tweet-sno-1244	QO	vclaim-sno-does-donald-trump-own-a-stake-in-the-dakota-access-pipeline	1	15.686274509803921	SimBa
tweet-sno-1244	QO	vclaim-sno-emoji-charges-cell-phone	1	15.384615384615387	SimBa
tweet-sno-1245	QO	vclaim-sno-62-degree-celsius-kuwait-tree-fire	1	10.666666666666666	SimBa
tweet-sno-1245	QO	vclaim-sno-criminal-aliens-gang-members	1	10.256410256410257	SimBa
tweet-sno-1245	QO	vclaim-sno-does-donald-trump-own-a-stake-in-the-dakota-access-pipeline	1	10.0	SimBa
tweet-sno-1245	QO	vclaim-sno-capitol-riot-podium	1	10.0	SimBa
tweet-sno-1245	QO	vclaim-sno-audit-the-vote	1	9.75609756097561	SimBa
tweet-sno-1246	QO	vclaim-sno-62-degree-celsius-kuwait-tree-fire	1	17.02127659574468	SimBa
tweet-sno-1246	QO	vclaim-sno-criminal-aliens-gang-members	1	16.0	SimBa
tweet-sno-1246	QO	vclaim-sno-does-donald-trump-own-a-stake-in-the-dakota-access-pipeline	1	15.384615384615385	SimBa
tweet-sno-1246	QO	vclaim-sno-capitol-riot-podium	1	15.384615384615385	SimBa
tweet-sno-1246	QO	vclaim-sno-emoji-charges-cell-phone	1	15.0	SimBa
tweet-sno-1247	QO	vclaim-sno-woman-births-octopus	1	9.523809523809524	SimBa
tweet-sno-1247	QO	vclaim-sno-blm-euthanize-44000-horses	1	9.523809523809524	SimBa
tweet-sno-1247	QO	vclaim-sno-canned-pumpkin-isnt-actually-pumpkin	1	9.30232558139535	SimBa
tweet-sno-1247	QO	vclaim-sno-anonymous-masks-illegal	1	9.195402298850574	SimBa
tweet-sno-1247	QO	vclaim-sno-atf-reclassifies-wetted-nitrocellulose	1	9.195402298850574	SimBa
tweet-sno-1248	QO	vclaim-sno-blm-euthanize-44000-horses	1	12.121212121212121	SimBa
tweet-sno-1248	QO	vclaim-sno-woman-births-octopus	1	12.121212121212121	SimBa
tweet-sno-1248	QO	vclaim-sno-canned-pumpkin-isnt-actually-pumpkin	1	11.764705882352942	SimBa
tweet-sno-1248	QO	vclaim-sno-atf-reclassifies-wetted-nitrocellulose	1	11.594202898550725	SimBa
tweet-sno-1248	QO	vclaim-sno-anonymous-masks-illegal	1	11.594202898550725	SimBa
tweet-sno-1249	QO	vclaim-sno-woman-births-octopus	1	11.11111111111111	SimBa
tweet-sno-1249	QO	vclaim-sno-blm-euthanize-44000-horses	1	11.11111111111111	SimBa
tweet-sno-1249	QO	vclaim-sno-canned-pumpkin-isnt-actually-pumpkin	1	10.81081081081081	SimBa
tweet-sno-1249	QO	vclaim-sno-anonymous-masks-illegal	1	10.666666666666666	SimBa
tweet-sno-1249	QO	vclaim-sno-atf-reclassifies-wetted-nitrocellulose	1	10.666666666666666	SimBa
tweet-sno-1250	QO	vclaim-sno-carmex-addiction	1	19.354838709677416	SimBa
tweet-sno-1250	QO	vclaim-sno-cdc-ted-cruz-mexico	1	19.047619047619047	SimBa
tweet-sno-1250	QO	vclaim-sno-cdc-zombie-preparedness-guide-2	1	18.18181818181818	SimBa
tweet-sno-1250	QO	vclaim-sno-schumer-erection-senate-floor	1	17.647058823529413	SimBa
tweet-sno-1250	QO	vclaim-sno-steep-risk	1	17.543859649122805	SimBa
tweet-sno-1251	QO	vclaim-sno-woman-births-octopus	1	10.81081081081081	SimBa
tweet-sno-1251	QO	vclaim-sno-blm-euthanize-44000-horses	1	10.81081081081081	SimBa
tweet-sno-1251	QO	vclaim-sno-canned-pumpkin-isnt-actually-pumpkin	1	10.526315789473685	SimBa
tweet-sno-1251	QO	vclaim-sno-atf-reclassifies-wetted-nitrocellulose	1	10.38961038961039	SimBa
tweet-sno-1251	QO	vclaim-sno-anonymous-masks-illegal	1	10.38961038961039	SimBa
tweet-sno-1252	QO	vclaim-sno-cdc-ted-cruz-mexico	1	14.583333333333334	SimBa
tweet-sno-1252	QO	vclaim-sno-medical-device-excise-tax	1	13.953488372093023	SimBa
tweet-sno-1252	QO	vclaim-sno-schumer-erection-senate-floor	1	13.861386138613861	SimBa
tweet-sno-1252	QO	vclaim-sno-dr-creep-predict-coronavirus-2013	1	13.592233009708739	SimBa
tweet-sno-1252	QO	vclaim-sno-62-degree-celsius-kuwait-tree-fire	1	12.903225806451612	SimBa
tweet-sno-1253	QO	vclaim-sno-woman-births-octopus	1	8.98876404494382	SimBa
tweet-sno-1253	QO	vclaim-sno-blm-euthanize-44000-horses	1	8.98876404494382	SimBa
tweet-sno-1253	QO	vclaim-sno-canned-pumpkin-isnt-actually-pumpkin	1	8.791208791208792	SimBa
tweet-sno-1253	QO	vclaim-sno-atf-reclassifies-wetted-nitrocellulose	1	8.695652173913043	SimBa
tweet-sno-1253	QO	vclaim-sno-anonymous-masks-illegal	1	8.695652173913043	SimBa
tweet-sno-1254	QO	vclaim-sno-blm-euthanize-44000-horses	1	17.857142857142858	SimBa
tweet-sno-1254	QO	vclaim-sno-woman-births-octopus	1	17.857142857142858	SimBa
tweet-sno-1254	QO	vclaim-sno-canned-pumpkin-isnt-actually-pumpkin	1	17.241379310344826	SimBa
tweet-sno-1254	QO	vclaim-sno-atf-reclassifies-wetted-nitrocellulose	1	16.94915254237288	SimBa
tweet-sno-1254	QO	vclaim-sno-anonymous-masks-illegal	1	16.94915254237288	SimBa
tweet-sno-1255	QO	vclaim-sno-blm-euthanize-44000-horses	1	13.793103448275861	SimBa
tweet-sno-1255	QO	vclaim-sno-woman-births-octopus	1	13.793103448275861	SimBa
tweet-sno-1255	QO	vclaim-sno-canned-pumpkin-isnt-actually-pumpkin	1	13.333333333333334	SimBa
tweet-sno-1255	QO	vclaim-sno-anonymous-masks-illegal	1	13.114754098360656	SimBa
tweet-sno-1255	QO	vclaim-sno-atf-reclassifies-wetted-nitrocellulose	1	13.114754098360656	SimBa
tweet-sno-1256	QO	vclaim-sno-woman-births-octopus	1	14.285714285714286	SimBa
tweet-sno-1256	QO	vclaim-sno-blm-euthanize-44000-horses	1	14.285714285714286	SimBa
tweet-sno-1256	QO	vclaim-sno-canned-pumpkin-isnt-actually-pumpkin	1	13.793103448275861	SimBa
tweet-sno-1256	QO	vclaim-sno-atf-reclassifies-wetted-nitrocellulose	1	13.559322033898304	SimBa
tweet-sno-1256	QO	vclaim-sno-anonymous-masks-illegal	1	13.559322033898304	SimBa
tweet-sno-1257	QO	vclaim-sno-ice-twitter-account-disappear	1	10.204081632653061	SimBa
tweet-sno-1257	QO	vclaim-sno-blm-euthanize-44000-horses	1	9.30232558139535	SimBa
tweet-sno-1257	QO	vclaim-sno-woman-births-octopus	1	9.30232558139535	SimBa
tweet-sno-1257	QO	vclaim-sno-canned-pumpkin-isnt-actually-pumpkin	1	9.090909090909092	SimBa
tweet-sno-1257	QO	vclaim-sno-ps-and-qs	1	9.00900900900901	SimBa
tweet-sno-1258	QO	vclaim-sno-goes-around-litigates-around	1	16.94915254237288	SimBa
tweet-sno-1258	QO	vclaim-sno-house-25-million-raise-covid	1	15.873015873015872	SimBa
tweet-sno-1258	QO	vclaim-sno-dakota-access-pipeline-continuing-despite-denied-easement	1	15.384615384615385	SimBa
tweet-sno-1258	QO	vclaim-sno-woman-births-octopus	1	15.384615384615385	SimBa
tweet-sno-1258	QO	vclaim-sno-blm-euthanize-44000-horses	1	15.384615384615385	SimBa
tweet-sno-1259	QO	vclaim-sno-canned-pumpkin-isnt-actually-pumpkin	1	18.6046511627907	SimBa
tweet-sno-1259	QO	vclaim-sno-disney-pixar-boo	1	17.77777777777778	SimBa
tweet-sno-1259	QO	vclaim-sno-biden-antifa-courageous-americans	1	16.0	SimBa
tweet-sno-1259	QO	vclaim-sno-72-hour-challenge	1	16.0	SimBa
tweet-sno-1259	QO	vclaim-sno-bernie-sanders-loser-meme	1	15.384615384615387	SimBa
tweet-sno-1260	QO	vclaim-sno-blm-euthanize-44000-horses	1	10.256410256410257	SimBa
tweet-sno-1260	QO	vclaim-sno-woman-births-octopus	1	10.256410256410257	SimBa
tweet-sno-1260	QO	vclaim-sno-canned-pumpkin-isnt-actually-pumpkin	1	10.0	SimBa
tweet-sno-1260	QO	vclaim-sno-anonymous-masks-illegal	1	9.876543209876543	SimBa
tweet-sno-1260	QO	vclaim-sno-atf-reclassifies-wetted-nitrocellulose	1	9.876543209876543	SimBa
tweet-sno-1261	QO	vclaim-sno-woman-births-octopus	1	10.526315789473685	SimBa
tweet-sno-1261	QO	vclaim-sno-blm-euthanize-44000-horses	1	10.526315789473685	SimBa
tweet-sno-1261	QO	vclaim-sno-canned-pumpkin-isnt-actually-pumpkin	1	10.256410256410257	SimBa
tweet-sno-1261	QO	vclaim-sno-anonymous-masks-illegal	1	10.126582278481013	SimBa
tweet-sno-1261	QO	vclaim-sno-atf-reclassifies-wetted-nitrocellulose	1	10.126582278481013	SimBa
tweet-sno-1262	QO	vclaim-sno-ice-twitter-account-disappear	1	11.764705882352942	SimBa
tweet-sno-1262	QO	vclaim-sno-blm-euthanize-44000-horses	1	10.714285714285715	SimBa
tweet-sno-1262	QO	vclaim-sno-woman-births-octopus	1	10.714285714285715	SimBa
tweet-sno-1262	QO	vclaim-sno-canned-pumpkin-isnt-actually-pumpkin	1	10.344827586206897	SimBa
tweet-sno-1262	QO	vclaim-sno-footie-loose	1	10.169491525423728	SimBa
tweet-sno-1263	QO	vclaim-sno-woman-births-octopus	1	8.0	SimBa
tweet-sno-1263	QO	vclaim-sno-blm-euthanize-44000-horses	1	8.0	SimBa
tweet-sno-1263	QO	vclaim-sno-canned-pumpkin-isnt-actually-pumpkin	1	7.792207792207792	SimBa
tweet-sno-1263	QO	vclaim-sno-anonymous-masks-illegal	1	7.692307692307693	SimBa
tweet-sno-1263	QO	vclaim-sno-atf-reclassifies-wetted-nitrocellulose	1	7.692307692307693	SimBa
tweet-sno-1264	QO	vclaim-sno-blm-euthanize-44000-horses	1	9.836065573770492	SimBa
tweet-sno-1264	QO	vclaim-sno-woman-births-octopus	1	9.836065573770492	SimBa
tweet-sno-1264	QO	vclaim-sno-canned-pumpkin-isnt-actually-pumpkin	1	9.523809523809524	SimBa
tweet-sno-1264	QO	vclaim-sno-atf-reclassifies-wetted-nitrocellulose	1	9.375	SimBa
tweet-sno-1264	QO	vclaim-sno-anonymous-masks-illegal	1	9.375	SimBa
tweet-sno-1265	QO	vclaim-sno-woman-births-octopus	1	9.411764705882353	SimBa
tweet-sno-1265	QO	vclaim-sno-blm-euthanize-44000-horses	1	9.411764705882353	SimBa
tweet-sno-1265	QO	vclaim-sno-canned-pumpkin-isnt-actually-pumpkin	1	9.195402298850574	SimBa
tweet-sno-1265	QO	vclaim-sno-rashida-tlaib-bring-jihad	1	9.090909090909092	SimBa
tweet-sno-1265	QO	vclaim-sno-anonymous-masks-illegal	1	9.090909090909092	SimBa
tweet-sno-1266	QO	vclaim-sno-woman-births-octopus	1	10.81081081081081	SimBa
tweet-sno-1266	QO	vclaim-sno-blm-euthanize-44000-horses	1	10.81081081081081	SimBa
tweet-sno-1266	QO	vclaim-sno-canned-pumpkin-isnt-actually-pumpkin	1	10.526315789473685	SimBa
tweet-sno-1266	QO	vclaim-sno-atf-reclassifies-wetted-nitrocellulose	1	10.38961038961039	SimBa
tweet-sno-1266	QO	vclaim-sno-anonymous-masks-illegal	1	10.38961038961039	SimBa
tweet-sno-1267	QO	vclaim-sno-woman-births-octopus	1	15.686274509803921	SimBa
tweet-sno-1267	QO	vclaim-sno-blm-euthanize-44000-horses	1	15.686274509803921	SimBa
tweet-sno-1267	QO	vclaim-sno-canned-pumpkin-isnt-actually-pumpkin	1	15.09433962264151	SimBa
tweet-sno-1267	QO	vclaim-sno-anonymous-masks-illegal	1	14.814814814814815	SimBa
tweet-sno-1267	QO	vclaim-sno-atf-reclassifies-wetted-nitrocellulose	1	14.814814814814815	SimBa
tweet-sno-1268	QO	vclaim-sno-woman-births-octopus	1	10.0	SimBa
tweet-sno-1268	QO	vclaim-sno-blm-euthanize-44000-horses	1	10.0	SimBa
tweet-sno-1268	QO	vclaim-sno-canned-pumpkin-isnt-actually-pumpkin	1	9.677419354838708	SimBa
tweet-sno-1268	QO	vclaim-sno-atf-reclassifies-wetted-nitrocellulose	1	9.523809523809524	SimBa
tweet-sno-1268	QO	vclaim-sno-anonymous-masks-illegal	1	9.523809523809524	SimBa
tweet-sno-1269	QO	vclaim-sno-blm-euthanize-44000-horses	1	12.5	SimBa
tweet-sno-1269	QO	vclaim-sno-woman-births-octopus	1	12.5	SimBa
tweet-sno-1269	QO	vclaim-sno-canned-pumpkin-isnt-actually-pumpkin	1	12.0	SimBa
tweet-sno-1269	QO	vclaim-sno-atf-reclassifies-wetted-nitrocellulose	1	11.76470588235294	SimBa
tweet-sno-1269	QO	vclaim-sno-anonymous-masks-illegal	1	11.76470588235294	SimBa
tweet-sno-1270	QO	vclaim-sno-kaleb-shriners-hospitals-death	1	12.5	SimBa
tweet-sno-1270	QO	vclaim-sno-disney-pixar-boo	1	12.5	SimBa
tweet-sno-1270	QO	vclaim-sno-sargento-recall-fake-news	1	12.121212121212121	SimBa
tweet-sno-1270	QO	vclaim-sno-62-degree-celsius-kuwait-tree-fire	1	12.121212121212121	SimBa
tweet-sno-1270	QO	vclaim-sno-cdc-ted-cruz-mexico	1	11.594202898550725	SimBa
tweet-sno-1271	QO	vclaim-sno-blm-euthanize-44000-horses	1	15.686274509803921	SimBa
tweet-sno-1271	QO	vclaim-sno-woman-births-octopus	1	15.686274509803921	SimBa
tweet-sno-1271	QO	vclaim-sno-canned-pumpkin-isnt-actually-pumpkin	1	15.09433962264151	SimBa
tweet-sno-1271	QO	vclaim-sno-anonymous-masks-illegal	1	14.814814814814815	SimBa
tweet-sno-1271	QO	vclaim-sno-atf-reclassifies-wetted-nitrocellulose	1	14.814814814814815	SimBa
tweet-sno-1272	QO	vclaim-sno-62-degree-celsius-kuwait-tree-fire	1	15.151515151515152	SimBa
tweet-sno-1272	QO	vclaim-sno-goes-around-litigates-around	1	14.925373134328359	SimBa
tweet-sno-1272	QO	vclaim-sno-criminal-aliens-gang-members	1	14.492753623188406	SimBa
tweet-sno-1272	QO	vclaim-sno-blm-euthanize-44000-horses	1	13.333333333333334	SimBa
tweet-sno-1272	QO	vclaim-sno-woman-births-octopus	1	13.333333333333334	SimBa
tweet-sno-1273	QO	vclaim-sno-disney-pixar-boo	1	17.543859649122805	SimBa
tweet-sno-1273	QO	vclaim-sno-kaleb-shriners-hospitals-death	1	17.543859649122805	SimBa
tweet-sno-1273	QO	vclaim-sno-sargento-recall-fake-news	1	16.94915254237288	SimBa
tweet-sno-1273	QO	vclaim-sno-62-degree-celsius-kuwait-tree-fire	1	16.94915254237288	SimBa
tweet-sno-1273	QO	vclaim-sno-dmx-death-hoax	1	16.666666666666668	SimBa
tweet-sno-1274	QO	vclaim-sno-creepy-abandoned-train-tunnel	1	12.048192771084338	SimBa
tweet-sno-1274	QO	vclaim-sno-house-25-million-raise-covid	1	11.904761904761905	SimBa
tweet-sno-1274	QO	vclaim-sno-ice-twitter-account-disappear	1	11.764705882352942	SimBa
tweet-sno-1274	QO	vclaim-sno-dakota-access-pipeline-continuing-despite-denied-easement	1	11.627906976744187	SimBa
tweet-sno-1274	QO	vclaim-sno-244-inmates-fijian-prison	1	11.594202898550725	SimBa
tweet-sno-1275	QO	vclaim-sno-house-25-million-raise-covid	1	16.666666666666664	SimBa
tweet-sno-1275	QO	vclaim-sno-dakota-access-pipeline-continuing-despite-denied-easement	1	16.216216216216218	SimBa
tweet-sno-1275	QO	vclaim-sno-red-ensign-scare	1	14.925373134328359	SimBa
tweet-sno-1275	QO	vclaim-sno-goes-around-litigates-around	1	14.705882352941178	SimBa
tweet-sno-1275	QO	vclaim-sno-black-tax-credit	1	14.285714285714286	SimBa
tweet-sno-1276	QO	vclaim-sno-woman-births-octopus	1	14.035087719298245	SimBa
tweet-sno-1276	QO	vclaim-sno-blm-euthanize-44000-horses	1	14.035087719298245	SimBa
tweet-sno-1276	QO	vclaim-sno-canned-pumpkin-isnt-actually-pumpkin	1	13.559322033898304	SimBa
tweet-sno-1276	QO	vclaim-sno-anonymous-masks-illegal	1	13.333333333333334	SimBa
tweet-sno-1276	QO	vclaim-sno-atf-reclassifies-wetted-nitrocellulose	1	13.333333333333334	SimBa
tweet-sno-1277	QO	vclaim-sno-criminal-aliens-gang-members	1	8.791208791208792	SimBa
tweet-sno-1277	QO	vclaim-sno-uss-constitution	1	8.333333333333334	SimBa
tweet-sno-1277	QO	vclaim-sno-dmx-death-hoax	1	7.792207792207792	SimBa
tweet-sno-1277	QO	vclaim-sno-real-video-arrow-always-points-right	1	7.766990291262136	SimBa
tweet-sno-1277	QO	vclaim-sno-244-inmates-fijian-prison	1	7.692307692307693	SimBa
tweet-sno-1278	QO	vclaim-sno-sargento-recall-fake-news	1	13.559322033898304	SimBa
tweet-sno-1278	QO	vclaim-sno-trump-admin-seizing-ppe	1	12.903225806451612	SimBa
tweet-sno-1278	QO	vclaim-sno-creepy-abandoned-train-tunnel	1	12.698412698412698	SimBa
tweet-sno-1278	QO	vclaim-sno-trump-deport-aoc-omar	1	12.307692307692308	SimBa
tweet-sno-1278	QO	vclaim-sno-europe-visa-etias	1	12.121212121212121	SimBa
tweet-sno-1279	QO	vclaim-sno-dmx-death-hoax	1	21.05263157894737	SimBa
tweet-sno-1279	QO	vclaim-sno-244-inmates-fijian-prison	1	20.512820512820515	SimBa
tweet-sno-1279	QO	vclaim-sno-criminal-aliens-gang-members	1	19.23076923076923	SimBa
tweet-sno-1279	QO	vclaim-sno-blm-euthanize-44000-horses	1	18.6046511627907	SimBa
tweet-sno-1279	QO	vclaim-sno-woman-births-octopus	1	18.6046511627907	SimBa
tweet-sno-1280	QO	vclaim-sno-blm-euthanize-44000-horses	1	12.5	SimBa
tweet-sno-1280	QO	vclaim-sno-62-degree-celsius-kuwait-tree-fire	1	11.627906976744187	SimBa
tweet-sno-1280	QO	vclaim-sno-cdc-admits-98-million-got-cancer-polio-vaccine	1	10.989010989010989	SimBa
tweet-sno-1280	QO	vclaim-sno-ice-detain-michigan-doctor-40-years-u-s	1	10.869565217391305	SimBa
tweet-sno-1280	QO	vclaim-sno-244-inmates-fijian-prison	1	10.526315789473685	SimBa
tweet-sno-1281	QO	vclaim-sno-blm-euthanize-44000-horses	1	19.51219512195122	SimBa
tweet-sno-1281	QO	vclaim-sno-woman-births-octopus	1	19.51219512195122	SimBa
tweet-sno-1281	QO	vclaim-sno-canned-pumpkin-isnt-actually-pumpkin	1	18.6046511627907	SimBa
tweet-sno-1281	QO	vclaim-sno-atf-reclassifies-wetted-nitrocellulose	1	18.181818181818183	SimBa
tweet-sno-1281	QO	vclaim-sno-anonymous-masks-illegal	1	18.181818181818183	SimBa
tweet-sno-1282	QO	vclaim-sno-blm-euthanize-44000-horses	1	14.814814814814815	SimBa
tweet-sno-1282	QO	vclaim-sno-woman-births-octopus	1	14.814814814814815	SimBa
tweet-sno-1282	QO	vclaim-sno-canned-pumpkin-isnt-actually-pumpkin	1	14.285714285714286	SimBa
tweet-sno-1282	QO	vclaim-sno-anonymous-masks-illegal	1	14.035087719298245	SimBa
tweet-sno-1282	QO	vclaim-sno-atf-reclassifies-wetted-nitrocellulose	1	14.035087719298245	SimBa
tweet-sno-1283	QO	vclaim-sno-62-degree-celsius-kuwait-tree-fire	1	23.52941176470588	SimBa
tweet-sno-1283	QO	vclaim-sno-criminal-aliens-gang-members	1	22.22222222222222	SimBa
tweet-sno-1283	QO	vclaim-sno-roy-moore-doug-jones-and-more-votes-than-voters	1	21.27659574468085	SimBa
tweet-sno-1283	QO	vclaim-sno-wisconsin-more-votes-than-voters	1	20.512820512820515	SimBa
tweet-sno-1283	QO	vclaim-sno-disney-pixar-boo	1	20.408163265306122	SimBa
tweet-sno-1284	QO	vclaim-sno-blm-euthanize-44000-horses	1	10.95890410958904	SimBa
tweet-sno-1284	QO	vclaim-sno-woman-births-octopus	1	10.95890410958904	SimBa
tweet-sno-1284	QO	vclaim-sno-canned-pumpkin-isnt-actually-pumpkin	1	10.666666666666666	SimBa
tweet-sno-1284	QO	vclaim-sno-atf-reclassifies-wetted-nitrocellulose	1	10.526315789473685	SimBa
tweet-sno-1284	QO	vclaim-sno-anonymous-masks-illegal	1	10.526315789473685	SimBa
tweet-sno-1285	QO	vclaim-sno-62-degree-celsius-kuwait-tree-fire	1	10.869565217391305	SimBa
tweet-sno-1285	QO	vclaim-sno-sargento-recall-fake-news	1	10.869565217391305	SimBa
tweet-sno-1285	QO	vclaim-sno-72-hour-challenge	1	10.526315789473683	SimBa
tweet-sno-1285	QO	vclaim-sno-criminal-aliens-gang-members	1	10.526315789473683	SimBa
tweet-sno-1285	QO	vclaim-sno-biden-antifa-courageous-americans	1	10.526315789473683	SimBa
tweet-sno-1286	QO	vclaim-sno-ice-twitter-account-disappear	1	11.627906976744187	SimBa
tweet-sno-1286	QO	vclaim-sno-blm-euthanize-44000-horses	1	10.81081081081081	SimBa
tweet-sno-1286	QO	vclaim-sno-woman-births-octopus	1	10.81081081081081	SimBa
tweet-sno-1286	QO	vclaim-sno-canned-pumpkin-isnt-actually-pumpkin	1	10.526315789473685	SimBa
tweet-sno-1286	QO	vclaim-sno-atf-reclassifies-wetted-nitrocellulose	1	10.38961038961039	SimBa
tweet-sno-1287	QO	vclaim-sno-footie-loose	1	14.285714285714285	SimBa
tweet-sno-1287	QO	vclaim-sno-carmex-addiction	1	13.483146067415731	SimBa
tweet-sno-1287	QO	vclaim-sno-cdc-ted-cruz-mexico	1	13.333333333333334	SimBa
tweet-sno-1287	QO	vclaim-sno-ps-and-qs	1	13.20754716981132	SimBa
tweet-sno-1287	QO	vclaim-sno-trump-mouth-musical-instrument	1	12.76595744680851	SimBa
tweet-sno-1288	QO	vclaim-sno-carmex-addiction	1	17.142857142857142	SimBa
tweet-sno-1288	QO	vclaim-sno-cdc-ted-cruz-mexico	1	16.901408450704224	SimBa
tweet-sno-1288	QO	vclaim-sno-cdc-zombie-preparedness-guide-2	1	15.873015873015872	SimBa
tweet-sno-1288	QO	vclaim-sno-schumer-erection-senate-floor	1	15.789473684210527	SimBa
tweet-sno-1288	QO	vclaim-sno-steep-risk	1	15.384615384615385	SimBa
tweet-sno-1289	QO	vclaim-sno-62-degree-celsius-kuwait-tree-fire	1	14.035087719298245	SimBa
tweet-sno-1289	QO	vclaim-sno-goes-around-litigates-around	1	13.793103448275861	SimBa
tweet-sno-1289	QO	vclaim-sno-criminal-aliens-gang-members	1	13.333333333333334	SimBa
tweet-sno-1289	QO	vclaim-sno-woman-births-octopus	1	11.76470588235294	SimBa
tweet-sno-1289	QO	vclaim-sno-blm-euthanize-44000-horses	1	11.76470588235294	SimBa
tweet-sno-1290	QO	vclaim-sno-carmex-addiction	1	13.513513513513512	SimBa
tweet-sno-1290	QO	vclaim-sno-cdc-ted-cruz-mexico	1	13.333333333333332	SimBa
tweet-sno-1290	QO	vclaim-sno-cdc-report-majority-wore-masks	1	12.631578947368421	SimBa
tweet-sno-1290	QO	vclaim-sno-schumer-erection-senate-floor	1	12.5	SimBa
tweet-sno-1290	QO	vclaim-sno-shark-prank	1	12.048192771084338	SimBa
tweet-sno-1291	QO	vclaim-sno-blm-euthanize-44000-horses	1	11.235955056179776	SimBa
tweet-sno-1291	QO	vclaim-sno-62-degree-celsius-kuwait-tree-fire	1	10.526315789473683	SimBa
tweet-sno-1291	QO	vclaim-sno-cdc-admits-98-million-got-cancer-polio-vaccine	1	10.0	SimBa
tweet-sno-1291	QO	vclaim-sno-ice-detain-michigan-doctor-40-years-u-s	1	9.900990099009901	SimBa
tweet-sno-1291	QO	vclaim-sno-244-inmates-fijian-prison	1	9.411764705882353	SimBa
tweet-sno-1292	QO	vclaim-sno-blm-euthanize-44000-horses	1	12.658227848101266	SimBa
tweet-sno-1292	QO	vclaim-sno-62-degree-celsius-kuwait-tree-fire	1	11.764705882352942	SimBa
tweet-sno-1292	QO	vclaim-sno-cdc-admits-98-million-got-cancer-polio-vaccine	1	11.11111111111111	SimBa
tweet-sno-1292	QO	vclaim-sno-ice-twitter-account-disappear	1	10.989010989010989	SimBa
tweet-sno-1292	QO	vclaim-sno-ice-detain-michigan-doctor-40-years-u-s	1	10.989010989010989	SimBa
tweet-sno-1293	QO	vclaim-sno-blm-euthanize-44000-horses	1	10.909090909090908	SimBa
tweet-sno-1293	QO	vclaim-sno-woman-births-octopus	1	10.909090909090908	SimBa
tweet-sno-1293	QO	vclaim-sno-canned-pumpkin-isnt-actually-pumpkin	1	10.526315789473683	SimBa
tweet-sno-1293	QO	vclaim-sno-anonymous-masks-illegal	1	10.344827586206897	SimBa
tweet-sno-1293	QO	vclaim-sno-atf-reclassifies-wetted-nitrocellulose	1	10.344827586206897	SimBa
tweet-sno-1294	QO	vclaim-sno-house-25-million-raise-covid	1	19.354838709677416	SimBa
tweet-sno-1294	QO	vclaim-sno-us-millionaires-stimulus-checks	1	18.461538461538463	SimBa
tweet-sno-1294	QO	vclaim-sno-disney-pixar-boo	1	18.18181818181818	SimBa
tweet-sno-1294	QO	vclaim-sno-kaleb-shriners-hospitals-death	1	18.18181818181818	SimBa
tweet-sno-1294	QO	vclaim-sno-colin-kaepernick-arrest	1	17.77777777777778	SimBa
tweet-sno-1295	QO	vclaim-sno-blm-euthanize-44000-horses	1	12.5	SimBa
tweet-sno-1295	QO	vclaim-sno-woman-births-octopus	1	12.5	SimBa
tweet-sno-1295	QO	vclaim-sno-canned-pumpkin-isnt-actually-pumpkin	1	12.0	SimBa
tweet-sno-1295	QO	vclaim-sno-atf-reclassifies-wetted-nitrocellulose	1	11.76470588235294	SimBa
tweet-sno-1295	QO	vclaim-sno-anonymous-masks-illegal	1	11.76470588235294	SimBa
tweet-sno-1296	QO	vclaim-sno-blm-euthanize-44000-horses	1	15.0	SimBa
tweet-sno-1296	QO	vclaim-sno-woman-births-octopus	1	15.0	SimBa
tweet-sno-1296	QO	vclaim-sno-canned-pumpkin-isnt-actually-pumpkin	1	14.285714285714285	SimBa
tweet-sno-1296	QO	vclaim-sno-atf-reclassifies-wetted-nitrocellulose	1	13.953488372093023	SimBa
tweet-sno-1296	QO	vclaim-sno-anonymous-masks-illegal	1	13.953488372093023	SimBa
tweet-sno-1297	QO	vclaim-sno-ice-twitter-account-disappear	1	8.602150537634408	SimBa
tweet-sno-1297	QO	vclaim-sno-ps-and-qs	1	7.547169811320755	SimBa
tweet-sno-1297	QO	vclaim-sno-blm-euthanize-44000-horses	1	7.4074074074074066	SimBa
tweet-sno-1297	QO	vclaim-sno-woman-births-octopus	1	7.4074074074074066	SimBa
tweet-sno-1297	QO	vclaim-sno-canned-pumpkin-isnt-actually-pumpkin	1	7.2289156626506035	SimBa
tweet-sno-1298	QO	vclaim-sno-woman-births-octopus	1	11.940298507462687	SimBa
tweet-sno-1298	QO	vclaim-sno-blm-euthanize-44000-horses	1	11.940298507462687	SimBa
tweet-sno-1298	QO	vclaim-sno-canned-pumpkin-isnt-actually-pumpkin	1	11.594202898550725	SimBa
tweet-sno-1298	QO	vclaim-sno-atf-reclassifies-wetted-nitrocellulose	1	11.428571428571429	SimBa
tweet-sno-1298	QO	vclaim-sno-anonymous-masks-illegal	1	11.428571428571429	SimBa
tweet-sno-1299	QO	vclaim-sno-disney-pixar-boo	1	13.333333333333334	SimBa
tweet-sno-1299	QO	vclaim-sno-kaleb-shriners-hospitals-death	1	13.333333333333334	SimBa
tweet-sno-1299	QO	vclaim-sno-62-degree-celsius-kuwait-tree-fire	1	12.903225806451612	SimBa
tweet-sno-1299	QO	vclaim-sno-sargento-recall-fake-news	1	12.903225806451612	SimBa
tweet-sno-1299	QO	vclaim-sno-72-hour-challenge	1	12.307692307692308	SimBa
tweet-sno-1300	QO	vclaim-sno-ice-twitter-account-disappear	1	10.0	SimBa
tweet-sno-1300	QO	vclaim-sno-woman-births-octopus	1	9.090909090909092	SimBa
tweet-sno-1300	QO	vclaim-sno-blm-euthanize-44000-horses	1	9.090909090909092	SimBa
tweet-sno-1300	QO	vclaim-sno-canned-pumpkin-isnt-actually-pumpkin	1	8.88888888888889	SimBa
tweet-sno-1300	QO	vclaim-sno-ps-and-qs	1	8.849557522123895	SimBa
tweet-sno-1301	QO	vclaim-sno-ice-twitter-account-disappear	1	11.940298507462687	SimBa
tweet-sno-1301	QO	vclaim-sno-blm-euthanize-44000-horses	1	10.909090909090908	SimBa
tweet-sno-1301	QO	vclaim-sno-woman-births-octopus	1	10.909090909090908	SimBa
tweet-sno-1301	QO	vclaim-sno-canned-pumpkin-isnt-actually-pumpkin	1	10.526315789473683	SimBa
tweet-sno-1301	QO	vclaim-sno-anonymous-masks-illegal	1	10.344827586206897	SimBa
tweet-sno-1302	QO	vclaim-sno-carmex-addiction	1	18.461538461538463	SimBa
tweet-sno-1302	QO	vclaim-sno-cdc-ted-cruz-mexico	1	18.18181818181818	SimBa
tweet-sno-1302	QO	vclaim-sno-cdc-zombie-preparedness-guide-2	1	17.241379310344826	SimBa
tweet-sno-1302	QO	vclaim-sno-schumer-erection-senate-floor	1	16.901408450704224	SimBa
tweet-sno-1302	QO	vclaim-sno-steep-risk	1	16.666666666666668	SimBa
tweet-sno-1303	QO	vclaim-sno-blm-euthanize-44000-horses	1	17.77777777777778	SimBa
tweet-sno-1303	QO	vclaim-sno-woman-births-octopus	1	17.77777777777778	SimBa
tweet-sno-1303	QO	vclaim-sno-canned-pumpkin-isnt-actually-pumpkin	1	17.02127659574468	SimBa
tweet-sno-1303	QO	vclaim-sno-anonymous-masks-illegal	1	16.666666666666668	SimBa
tweet-sno-1303	QO	vclaim-sno-atf-reclassifies-wetted-nitrocellulose	1	16.666666666666668	SimBa
tweet-sno-1304	QO	vclaim-sno-blm-euthanize-44000-horses	1	8.955223880597016	SimBa
tweet-sno-1304	QO	vclaim-sno-woman-births-octopus	1	8.955223880597016	SimBa
tweet-sno-1304	QO	vclaim-sno-canned-pumpkin-isnt-actually-pumpkin	1	8.695652173913043	SimBa
tweet-sno-1304	QO	vclaim-sno-anonymous-masks-illegal	1	8.571428571428571	SimBa
tweet-sno-1304	QO	vclaim-sno-atf-reclassifies-wetted-nitrocellulose	1	8.571428571428571	SimBa
tweet-sno-1305	QO	vclaim-sno-blm-euthanize-44000-horses	1	11.538461538461538	SimBa
tweet-sno-1305	QO	vclaim-sno-woman-births-octopus	1	11.538461538461538	SimBa
tweet-sno-1305	QO	vclaim-sno-canned-pumpkin-isnt-actually-pumpkin	1	11.11111111111111	SimBa
tweet-sno-1305	QO	vclaim-sno-atf-reclassifies-wetted-nitrocellulose	1	10.909090909090908	SimBa
tweet-sno-1305	QO	vclaim-sno-anonymous-masks-illegal	1	10.909090909090908	SimBa
tweet-sno-1306	QO	vclaim-sno-footie-loose	1	13.043478260869565	SimBa
tweet-sno-1306	QO	vclaim-sno-carmex-addiction	1	12.371134020618555	SimBa
tweet-sno-1306	QO	vclaim-sno-ps-and-qs	1	12.280701754385964	SimBa
tweet-sno-1306	QO	vclaim-sno-cdc-ted-cruz-mexico	1	12.244897959183675	SimBa
tweet-sno-1306	QO	vclaim-sno-schumer-erection-senate-floor	1	11.650485436893204	SimBa
tweet-sno-1307	QO	vclaim-sno-woman-births-octopus	1	14.814814814814815	SimBa
tweet-sno-1307	QO	vclaim-sno-blm-euthanize-44000-horses	1	14.814814814814815	SimBa
tweet-sno-1307	QO	vclaim-sno-canned-pumpkin-isnt-actually-pumpkin	1	14.285714285714286	SimBa
tweet-sno-1307	QO	vclaim-sno-anonymous-masks-illegal	1	14.035087719298245	SimBa
tweet-sno-1307	QO	vclaim-sno-atf-reclassifies-wetted-nitrocellulose	1	14.035087719298245	SimBa
tweet-sno-1308	QO	vclaim-sno-woman-births-octopus	1	10.666666666666666	SimBa
tweet-sno-1308	QO	vclaim-sno-blm-euthanize-44000-horses	1	10.666666666666666	SimBa
tweet-sno-1308	QO	vclaim-sno-canned-pumpkin-isnt-actually-pumpkin	1	10.38961038961039	SimBa
tweet-sno-1308	QO	vclaim-sno-anonymous-masks-illegal	1	10.256410256410257	SimBa
tweet-sno-1308	QO	vclaim-sno-atf-reclassifies-wetted-nitrocellulose	1	10.256410256410257	SimBa
tweet-sno-1309	QO	vclaim-sno-woman-births-octopus	1	12.5	SimBa
tweet-sno-1309	QO	vclaim-sno-blm-euthanize-44000-horses	1	12.5	SimBa
tweet-sno-1309	QO	vclaim-sno-canned-pumpkin-isnt-actually-pumpkin	1	12.121212121212121	SimBa
tweet-sno-1309	QO	vclaim-sno-anonymous-masks-illegal	1	11.940298507462687	SimBa
tweet-sno-1309	QO	vclaim-sno-atf-reclassifies-wetted-nitrocellulose	1	11.940298507462687	SimBa
tweet-sno-1310	QO	vclaim-sno-ice-twitter-account-disappear	1	15.873015873015872	SimBa
tweet-sno-1310	QO	vclaim-sno-blm-euthanize-44000-horses	1	15.686274509803921	SimBa
tweet-sno-1310	QO	vclaim-sno-woman-births-octopus	1	15.686274509803921	SimBa
tweet-sno-1310	QO	vclaim-sno-canned-pumpkin-isnt-actually-pumpkin	1	15.09433962264151	SimBa
tweet-sno-1310	QO	vclaim-sno-anonymous-masks-illegal	1	14.814814814814815	SimBa
tweet-sno-1311	QO	vclaim-sno-carmex-addiction	1	14.814814814814813	SimBa
tweet-sno-1311	QO	vclaim-sno-cdc-ted-cruz-mexico	1	14.634146341463413	SimBa
tweet-sno-1311	QO	vclaim-sno-schumer-erection-senate-floor	1	13.793103448275861	SimBa
tweet-sno-1311	QO	vclaim-sno-cdc-zombie-preparedness-guide-2	1	13.513513513513512	SimBa
tweet-sno-1311	QO	vclaim-sno-shark-prank	1	13.333333333333334	SimBa
tweet-sno-1312	QO	vclaim-sno-woman-births-octopus	1	15.384615384615385	SimBa
tweet-sno-1312	QO	vclaim-sno-blm-euthanize-44000-horses	1	15.384615384615385	SimBa
tweet-sno-1312	QO	vclaim-sno-canned-pumpkin-isnt-actually-pumpkin	1	14.814814814814815	SimBa
tweet-sno-1312	QO	vclaim-sno-atf-reclassifies-wetted-nitrocellulose	1	14.545454545454545	SimBa
tweet-sno-1312	QO	vclaim-sno-anonymous-masks-illegal	1	14.545454545454545	SimBa
tweet-sno-1313	QO	vclaim-sno-blm-euthanize-44000-horses	1	12.5	SimBa
tweet-sno-1313	QO	vclaim-sno-woman-births-octopus	1	12.5	SimBa
tweet-sno-1313	QO	vclaim-sno-canned-pumpkin-isnt-actually-pumpkin	1	12.121212121212121	SimBa
tweet-sno-1313	QO	vclaim-sno-atf-reclassifies-wetted-nitrocellulose	1	11.940298507462687	SimBa
tweet-sno-1313	QO	vclaim-sno-anonymous-masks-illegal	1	11.940298507462687	SimBa
tweet-sno-1314	QO	vclaim-sno-woman-births-octopus	1	7.317073170731707	SimBa
tweet-sno-1314	QO	vclaim-sno-blm-euthanize-44000-horses	1	7.317073170731707	SimBa
tweet-sno-1314	QO	vclaim-sno-canned-pumpkin-isnt-actually-pumpkin	1	7.142857142857142	SimBa
tweet-sno-1314	QO	vclaim-sno-anonymous-masks-illegal	1	7.0588235294117645	SimBa
tweet-sno-1314	QO	vclaim-sno-atf-reclassifies-wetted-nitrocellulose	1	7.0588235294117645	SimBa
tweet-sno-1315	QO	vclaim-sno-woman-births-octopus	1	15.384615384615387	SimBa
tweet-sno-1315	QO	vclaim-sno-blm-euthanize-44000-horses	1	15.384615384615387	SimBa
tweet-sno-1315	QO	vclaim-sno-canned-pumpkin-isnt-actually-pumpkin	1	14.634146341463413	SimBa
tweet-sno-1315	QO	vclaim-sno-anonymous-masks-illegal	1	14.285714285714285	SimBa
tweet-sno-1315	QO	vclaim-sno-atf-reclassifies-wetted-nitrocellulose	1	14.285714285714285	SimBa
tweet-sno-1316	QO	vclaim-sno-footie-loose	1	13.333333333333332	SimBa
tweet-sno-1316	QO	vclaim-sno-carmex-addiction	1	12.5	SimBa
tweet-sno-1316	QO	vclaim-sno-ps-and-qs	1	12.371134020618555	SimBa
tweet-sno-1316	QO	vclaim-sno-cdc-ted-cruz-mexico	1	12.345679012345679	SimBa
tweet-sno-1316	QO	vclaim-sno-cdc-report-majority-wore-masks	1	11.881188118811881	SimBa
tweet-sno-1317	QO	vclaim-sno-woman-births-octopus	1	10.169491525423728	SimBa
tweet-sno-1317	QO	vclaim-sno-blm-euthanize-44000-horses	1	10.169491525423728	SimBa
tweet-sno-1317	QO	vclaim-sno-canned-pumpkin-isnt-actually-pumpkin	1	9.836065573770492	SimBa
tweet-sno-1317	QO	vclaim-sno-anonymous-masks-illegal	1	9.677419354838708	SimBa
tweet-sno-1317	QO	vclaim-sno-atf-reclassifies-wetted-nitrocellulose	1	9.677419354838708	SimBa
tweet-sno-1318	QO	vclaim-sno-blm-euthanize-44000-horses	1	11.940298507462687	SimBa
tweet-sno-1318	QO	vclaim-sno-woman-births-octopus	1	11.940298507462687	SimBa
tweet-sno-1318	QO	vclaim-sno-canned-pumpkin-isnt-actually-pumpkin	1	11.594202898550725	SimBa
tweet-sno-1318	QO	vclaim-sno-anonymous-masks-illegal	1	11.428571428571429	SimBa
tweet-sno-1318	QO	vclaim-sno-atf-reclassifies-wetted-nitrocellulose	1	11.428571428571429	SimBa
tweet-sno-1319	QO	vclaim-sno-ice-twitter-account-disappear	1	12.345679012345679	SimBa
tweet-sno-1319	QO	vclaim-sno-blm-euthanize-44000-horses	1	11.594202898550725	SimBa
tweet-sno-1319	QO	vclaim-sno-woman-births-octopus	1	11.594202898550725	SimBa
tweet-sno-1319	QO	vclaim-sno-canned-pumpkin-isnt-actually-pumpkin	1	11.267605633802816	SimBa
tweet-sno-1319	QO	vclaim-sno-anonymous-masks-illegal	1	11.11111111111111	SimBa
tweet-sno-1320	QO	vclaim-sno-ice-twitter-account-disappear	1	13.513513513513512	SimBa
tweet-sno-1320	QO	vclaim-sno-woman-births-octopus	1	12.903225806451612	SimBa
tweet-sno-1320	QO	vclaim-sno-blm-euthanize-44000-horses	1	12.903225806451612	SimBa
tweet-sno-1320	QO	vclaim-sno-canned-pumpkin-isnt-actually-pumpkin	1	12.5	SimBa
tweet-sno-1320	QO	vclaim-sno-anonymous-masks-illegal	1	12.307692307692308	SimBa
tweet-sno-1321	QO	vclaim-sno-woman-births-octopus	1	10.126582278481013	SimBa
tweet-sno-1321	QO	vclaim-sno-blm-euthanize-44000-horses	1	10.126582278481013	SimBa
tweet-sno-1321	QO	vclaim-sno-canned-pumpkin-isnt-actually-pumpkin	1	9.876543209876543	SimBa
tweet-sno-1321	QO	vclaim-sno-atf-reclassifies-wetted-nitrocellulose	1	9.75609756097561	SimBa
tweet-sno-1321	QO	vclaim-sno-anonymous-masks-illegal	1	9.75609756097561	SimBa
tweet-sno-1322	QO	vclaim-sno-footie-loose	1	12.345679012345679	SimBa
tweet-sno-1322	QO	vclaim-sno-ps-and-qs	1	11.650485436893204	SimBa
tweet-sno-1322	QO	vclaim-sno-carmex-addiction	1	11.627906976744187	SimBa
tweet-sno-1322	QO	vclaim-sno-cdc-ted-cruz-mexico	1	11.494252873563218	SimBa
tweet-sno-1322	QO	vclaim-sno-schumer-erection-senate-floor	1	10.869565217391305	SimBa
tweet-sno-1323	QO	vclaim-sno-woman-births-octopus	1	11.267605633802816	SimBa
tweet-sno-1323	QO	vclaim-sno-blm-euthanize-44000-horses	1	11.267605633802816	SimBa
tweet-sno-1323	QO	vclaim-sno-canned-pumpkin-isnt-actually-pumpkin	1	10.95890410958904	SimBa
tweet-sno-1323	QO	vclaim-sno-anonymous-masks-illegal	1	10.81081081081081	SimBa
tweet-sno-1323	QO	vclaim-sno-atf-reclassifies-wetted-nitrocellulose	1	10.81081081081081	SimBa
tweet-sno-1324	QO	vclaim-sno-blm-euthanize-44000-horses	1	14.545454545454545	SimBa
tweet-sno-1324	QO	vclaim-sno-woman-births-octopus	1	14.545454545454545	SimBa
tweet-sno-1324	QO	vclaim-sno-canned-pumpkin-isnt-actually-pumpkin	1	14.035087719298245	SimBa
tweet-sno-1324	QO	vclaim-sno-anonymous-masks-illegal	1	13.793103448275861	SimBa
tweet-sno-1324	QO	vclaim-sno-atf-reclassifies-wetted-nitrocellulose	1	13.793103448275861	SimBa
tweet-sno-1325	QO	vclaim-sno-woman-births-octopus	1	16.666666666666664	SimBa
tweet-sno-1325	QO	vclaim-sno-blm-euthanize-44000-horses	1	16.666666666666664	SimBa
tweet-sno-1325	QO	vclaim-sno-canned-pumpkin-isnt-actually-pumpkin	1	15.789473684210527	SimBa
tweet-sno-1325	QO	vclaim-sno-atf-reclassifies-wetted-nitrocellulose	1	15.384615384615387	SimBa
tweet-sno-1325	QO	vclaim-sno-anonymous-masks-illegal	1	15.384615384615387	SimBa
tweet-sno-1326	QO	vclaim-sno-sargento-recall-fake-news	1	15.686274509803921	SimBa
tweet-sno-1326	QO	vclaim-sno-trump-admin-seizing-ppe	1	14.814814814814815	SimBa
tweet-sno-1326	QO	vclaim-sno-creepy-abandoned-train-tunnel	1	14.545454545454545	SimBa
tweet-sno-1326	QO	vclaim-sno-trump-deport-aoc-omar	1	14.035087719298245	SimBa
tweet-sno-1326	QO	vclaim-sno-europe-visa-etias	1	13.793103448275861	SimBa
tweet-sno-1327	QO	vclaim-sno-woman-births-octopus	1	15.384615384615387	SimBa
tweet-sno-1327	QO	vclaim-sno-blm-euthanize-44000-horses	1	15.384615384615387	SimBa
tweet-sno-1327	QO	vclaim-sno-canned-pumpkin-isnt-actually-pumpkin	1	14.634146341463413	SimBa
tweet-sno-1327	QO	vclaim-sno-atf-reclassifies-wetted-nitrocellulose	1	14.285714285714285	SimBa
tweet-sno-1327	QO	vclaim-sno-anonymous-masks-illegal	1	14.285714285714285	SimBa
tweet-sno-1328	QO	vclaim-sno-blm-euthanize-44000-horses	1	16.666666666666668	SimBa
tweet-sno-1328	QO	vclaim-sno-woman-births-octopus	1	16.666666666666668	SimBa
tweet-sno-1328	QO	vclaim-sno-canned-pumpkin-isnt-actually-pumpkin	1	16.0	SimBa
tweet-sno-1328	QO	vclaim-sno-anonymous-masks-illegal	1	15.686274509803921	SimBa
tweet-sno-1328	QO	vclaim-sno-atf-reclassifies-wetted-nitrocellulose	1	15.686274509803921	SimBa
tweet-sno-1329	QO	vclaim-sno-woman-births-octopus	1	15.789473684210527	SimBa
tweet-sno-1329	QO	vclaim-sno-blm-euthanize-44000-horses	1	15.789473684210527	SimBa
tweet-sno-1329	QO	vclaim-sno-canned-pumpkin-isnt-actually-pumpkin	1	15.0	SimBa
tweet-sno-1329	QO	vclaim-sno-atf-reclassifies-wetted-nitrocellulose	1	14.634146341463413	SimBa
tweet-sno-1329	QO	vclaim-sno-anonymous-masks-illegal	1	14.634146341463413	SimBa
tweet-sno-1330	QO	vclaim-sno-woman-births-octopus	1	14.634146341463413	SimBa
tweet-sno-1330	QO	vclaim-sno-blm-euthanize-44000-horses	1	14.634146341463413	SimBa
tweet-sno-1330	QO	vclaim-sno-canned-pumpkin-isnt-actually-pumpkin	1	13.953488372093023	SimBa
tweet-sno-1330	QO	vclaim-sno-anonymous-masks-illegal	1	13.636363636363637	SimBa
tweet-sno-1330	QO	vclaim-sno-atf-reclassifies-wetted-nitrocellulose	1	13.636363636363637	SimBa
tweet-sno-1331	QO	vclaim-sno-blm-euthanize-44000-horses	1	12.76595744680851	SimBa
tweet-sno-1331	QO	vclaim-sno-woman-births-octopus	1	12.76595744680851	SimBa
tweet-sno-1331	QO	vclaim-sno-canned-pumpkin-isnt-actually-pumpkin	1	12.244897959183675	SimBa
tweet-sno-1331	QO	vclaim-sno-atf-reclassifies-wetted-nitrocellulose	1	12.0	SimBa
tweet-sno-1331	QO	vclaim-sno-anonymous-masks-illegal	1	12.0	SimBa
tweet-sno-1332	QO	vclaim-sno-woman-births-octopus	1	10.666666666666666	SimBa
tweet-sno-1332	QO	vclaim-sno-blm-euthanize-44000-horses	1	10.666666666666666	SimBa
tweet-sno-1332	QO	vclaim-sno-canned-pumpkin-isnt-actually-pumpkin	1	10.38961038961039	SimBa
tweet-sno-1332	QO	vclaim-sno-anonymous-masks-illegal	1	10.256410256410257	SimBa
tweet-sno-1332	QO	vclaim-sno-atf-reclassifies-wetted-nitrocellulose	1	10.256410256410257	SimBa
tweet-sno-1333	QO	vclaim-sno-sargento-recall-fake-news	1	14.925373134328359	SimBa
tweet-sno-1333	QO	vclaim-sno-trump-admin-seizing-ppe	1	14.285714285714286	SimBa
tweet-sno-1333	QO	vclaim-sno-creepy-abandoned-train-tunnel	1	14.08450704225352	SimBa
tweet-sno-1333	QO	vclaim-sno-trump-deport-aoc-omar	1	13.698630136986301	SimBa
tweet-sno-1333	QO	vclaim-sno-europe-visa-etias	1	13.513513513513512	SimBa
tweet-sno-1334	QO	vclaim-sno-sargento-recall-fake-news	1	11.627906976744187	SimBa
tweet-sno-1334	QO	vclaim-sno-trump-admin-seizing-ppe	1	11.235955056179776	SimBa
tweet-sno-1334	QO	vclaim-sno-creepy-abandoned-train-tunnel	1	11.11111111111111	SimBa
tweet-sno-1334	QO	vclaim-sno-trump-deport-aoc-omar	1	10.869565217391305	SimBa
tweet-sno-1334	QO	vclaim-sno-europe-visa-etias	1	10.75268817204301	SimBa
tweet-sno-1335	QO	vclaim-sno-sargento-recall-fake-news	1	18.867924528301888	SimBa
tweet-sno-1335	QO	vclaim-sno-trump-admin-seizing-ppe	1	17.857142857142858	SimBa
tweet-sno-1335	QO	vclaim-sno-creepy-abandoned-train-tunnel	1	17.543859649122805	SimBa
tweet-sno-1335	QO	vclaim-sno-blm-euthanize-44000-horses	1	17.02127659574468	SimBa
tweet-sno-1335	QO	vclaim-sno-woman-births-octopus	1	17.02127659574468	SimBa
tweet-sno-1336	QO	vclaim-sno-criminal-aliens-gang-members	1	12.195121951219512	SimBa
tweet-sno-1336	QO	vclaim-sno-dmx-death-hoax	1	11.764705882352942	SimBa
tweet-sno-1336	QO	vclaim-sno-244-inmates-fijian-prison	1	11.594202898550725	SimBa
tweet-sno-1336	QO	vclaim-sno-uss-constitution	1	11.494252873563218	SimBa
tweet-sno-1336	QO	vclaim-sno-woman-births-octopus	1	10.95890410958904	SimBa
tweet-sno-1337	QO	vclaim-sno-sargento-recall-fake-news	1	12.048192771084338	SimBa
tweet-sno-1337	QO	vclaim-sno-62-degree-celsius-kuwait-tree-fire	1	12.048192771084338	SimBa
tweet-sno-1337	QO	vclaim-sno-72-hour-challenge	1	11.627906976744187	SimBa
tweet-sno-1337	QO	vclaim-sno-biden-antifa-courageous-americans	1	11.627906976744187	SimBa
tweet-sno-1337	QO	vclaim-sno-criminal-aliens-gang-members	1	11.627906976744187	SimBa
tweet-sno-1338	QO	vclaim-sno-creepy-abandoned-train-tunnel	1	12.195121951219512	SimBa
tweet-sno-1338	QO	vclaim-sno-house-25-million-raise-covid	1	12.048192771084338	SimBa
tweet-sno-1338	QO	vclaim-sno-dakota-access-pipeline-continuing-despite-denied-easement	1	11.764705882352942	SimBa
tweet-sno-1338	QO	vclaim-sno-244-inmates-fijian-prison	1	11.764705882352942	SimBa
tweet-sno-1338	QO	vclaim-sno-uss-constitution	1	11.627906976744187	SimBa
tweet-sno-1339	QO	vclaim-sno-ice-twitter-account-disappear	1	11.764705882352942	SimBa
tweet-sno-1339	QO	vclaim-sno-woman-births-octopus	1	10.95890410958904	SimBa
tweet-sno-1339	QO	vclaim-sno-blm-euthanize-44000-horses	1	10.95890410958904	SimBa
tweet-sno-1339	QO	vclaim-sno-canned-pumpkin-isnt-actually-pumpkin	1	10.666666666666666	SimBa
tweet-sno-1339	QO	vclaim-sno-footie-loose	1	10.526315789473685	SimBa
tweet-sno-1340	QO	vclaim-sno-62-degree-celsius-kuwait-tree-fire	1	17.857142857142858	SimBa
tweet-sno-1340	QO	vclaim-sno-criminal-aliens-gang-members	1	16.94915254237288	SimBa
tweet-sno-1340	QO	vclaim-sno-capitol-riot-podium	1	16.393442622950822	SimBa
tweet-sno-1340	QO	vclaim-sno-does-donald-trump-own-a-stake-in-the-dakota-access-pipeline	1	16.393442622950822	SimBa
tweet-sno-1340	QO	vclaim-sno-emoji-charges-cell-phone	1	16.3265306122449	SimBa
tweet-sno-1341	QO	vclaim-sno-creepy-abandoned-train-tunnel	1	13.333333333333334	SimBa
tweet-sno-1341	QO	vclaim-sno-house-25-million-raise-covid	1	13.114754098360656	SimBa
tweet-sno-1341	QO	vclaim-sno-244-inmates-fijian-prison	1	13.043478260869565	SimBa
tweet-sno-1341	QO	vclaim-sno-dakota-access-pipeline-continuing-despite-denied-easement	1	12.698412698412698	SimBa
tweet-sno-1341	QO	vclaim-sno-uss-constitution	1	12.5	SimBa
tweet-sno-1342	QO	vclaim-sno-blm-euthanize-44000-horses	1	16.94915254237288	SimBa
tweet-sno-1342	QO	vclaim-sno-62-degree-celsius-kuwait-tree-fire	1	15.384615384615385	SimBa
tweet-sno-1342	QO	vclaim-sno-244-inmates-fijian-prison	1	14.545454545454545	SimBa
tweet-sno-1342	QO	vclaim-sno-cdc-admits-98-million-got-cancer-polio-vaccine	1	14.285714285714286	SimBa
tweet-sno-1342	QO	vclaim-sno-ice-twitter-account-disappear	1	14.08450704225352	SimBa
tweet-sno-1343	QO	vclaim-sno-blm-euthanize-44000-horses	1	13.559322033898304	SimBa
tweet-sno-1343	QO	vclaim-sno-62-degree-celsius-kuwait-tree-fire	1	12.307692307692308	SimBa
tweet-sno-1343	QO	vclaim-sno-cdc-admits-98-million-got-cancer-polio-vaccine	1	11.428571428571429	SimBa
tweet-sno-1343	QO	vclaim-sno-ice-detain-michigan-doctor-40-years-u-s	1	11.267605633802816	SimBa
tweet-sno-1343	QO	vclaim-sno-244-inmates-fijian-prison	1	10.909090909090908	SimBa
tweet-sno-1344	QO	vclaim-sno-blm-euthanize-44000-horses	1	16.94915254237288	SimBa
tweet-sno-1344	QO	vclaim-sno-62-degree-celsius-kuwait-tree-fire	1	15.384615384615385	SimBa
tweet-sno-1344	QO	vclaim-sno-244-inmates-fijian-prison	1	14.545454545454545	SimBa
tweet-sno-1344	QO	vclaim-sno-cdc-admits-98-million-got-cancer-polio-vaccine	1	14.285714285714286	SimBa
tweet-sno-1344	QO	vclaim-sno-ice-detain-michigan-doctor-40-years-u-s	1	14.08450704225352	SimBa
tweet-sno-1345	QO	vclaim-sno-blm-euthanize-44000-horses	1	13.88888888888889	SimBa
tweet-sno-1345	QO	vclaim-sno-62-degree-celsius-kuwait-tree-fire	1	12.820512820512821	SimBa
tweet-sno-1345	QO	vclaim-sno-absentee-ballot-fraud-heritage	1	12.5	SimBa
tweet-sno-1345	QO	vclaim-sno-cdc-admits-98-million-got-cancer-polio-vaccine	1	12.048192771084338	SimBa
tweet-sno-1345	QO	vclaim-sno-ice-twitter-account-disappear	1	11.904761904761905	SimBa
tweet-sno-1346	QO	vclaim-sno-62-degree-celsius-kuwait-tree-fire	1	11.764705882352942	SimBa
tweet-sno-1346	QO	vclaim-sno-goes-around-litigates-around	1	11.627906976744187	SimBa
tweet-sno-1346	QO	vclaim-sno-criminal-aliens-gang-members	1	11.363636363636365	SimBa
tweet-sno-1346	QO	vclaim-sno-new-twilight-movie-jacob-renesmee	1	10.256410256410257	SimBa
tweet-sno-1346	QO	vclaim-sno-woman-births-octopus	1	10.126582278481013	SimBa
tweet-sno-1347	QO	vclaim-sno-62-degree-celsius-kuwait-tree-fire	1	10.989010989010989	SimBa
tweet-sno-1347	QO	vclaim-sno-goes-around-litigates-around	1	10.869565217391305	SimBa
tweet-sno-1347	QO	vclaim-sno-criminal-aliens-gang-members	1	10.638297872340425	SimBa
tweet-sno-1347	QO	vclaim-sno-new-twilight-movie-jacob-renesmee	1	9.523809523809524	SimBa
tweet-sno-1347	QO	vclaim-sno-real-video-arrow-always-points-right	1	9.433962264150944	SimBa
tweet-sno-1348	QO	vclaim-sno-62-degree-celsius-kuwait-tree-fire	1	9.345794392523365	SimBa
tweet-sno-1348	QO	vclaim-sno-goes-around-litigates-around	1	9.25925925925926	SimBa
tweet-sno-1348	QO	vclaim-sno-criminal-aliens-gang-members	1	9.09090909090909	SimBa
tweet-sno-1348	QO	vclaim-sno-ice-twitter-account-disappear	1	8.849557522123895	SimBa
tweet-sno-1348	QO	vclaim-sno-real-video-arrow-always-points-right	1	8.196721311475411	SimBa
tweet-sno-1349	QO	vclaim-sno-62-degree-celsius-kuwait-tree-fire	1	12.698412698412698	SimBa
tweet-sno-1349	QO	vclaim-sno-goes-around-litigates-around	1	12.5	SimBa
tweet-sno-1349	QO	vclaim-sno-criminal-aliens-gang-members	1	12.121212121212121	SimBa
tweet-sno-1349	QO	vclaim-sno-ice-twitter-account-disappear	1	11.594202898550725	SimBa
tweet-sno-1349	QO	vclaim-sno-woman-births-octopus	1	10.526315789473683	SimBa
tweet-sno-1350	QO	vclaim-sno-62-degree-celsius-kuwait-tree-fire	1	14.035087719298245	SimBa
tweet-sno-1350	QO	vclaim-sno-goes-around-litigates-around	1	13.793103448275861	SimBa
tweet-sno-1350	QO	vclaim-sno-criminal-aliens-gang-members	1	13.333333333333334	SimBa
tweet-sno-1350	QO	vclaim-sno-ice-twitter-account-disappear	1	12.698412698412698	SimBa
tweet-sno-1350	QO	vclaim-sno-woman-births-octopus	1	11.76470588235294	SimBa
tweet-sno-1351	QO	vclaim-sno-62-degree-celsius-kuwait-tree-fire	1	10.95890410958904	SimBa
tweet-sno-1351	QO	vclaim-sno-goes-around-litigates-around	1	10.81081081081081	SimBa
tweet-sno-1351	QO	vclaim-sno-criminal-aliens-gang-members	1	10.526315789473685	SimBa
tweet-sno-1351	QO	vclaim-sno-ice-twitter-account-disappear	1	10.126582278481013	SimBa
tweet-sno-1351	QO	vclaim-sno-real-video-arrow-always-points-right	1	9.090909090909092	SimBa
tweet-sno-1352	QO	vclaim-sno-goes-around-litigates-around	1	8.98876404494382	SimBa
tweet-sno-1352	QO	vclaim-sno-house-25-million-raise-covid	1	8.602150537634408	SimBa
tweet-sno-1352	QO	vclaim-sno-dakota-access-pipeline-continuing-despite-denied-easement	1	8.421052631578947	SimBa
tweet-sno-1352	QO	vclaim-sno-us-millionaires-stimulus-checks	1	8.333333333333334	SimBa
tweet-sno-1352	QO	vclaim-sno-drug-law-lobbying-by-corrections-corporation-of-america	1	8.333333333333334	SimBa
tweet-sno-1353	QO	vclaim-sno-blm-euthanize-44000-horses	1	12.121212121212121	SimBa
tweet-sno-1353	QO	vclaim-sno-woman-births-octopus	1	12.121212121212121	SimBa
tweet-sno-1353	QO	vclaim-sno-canned-pumpkin-isnt-actually-pumpkin	1	11.764705882352942	SimBa
tweet-sno-1353	QO	vclaim-sno-anonymous-masks-illegal	1	11.594202898550725	SimBa
tweet-sno-1353	QO	vclaim-sno-atf-reclassifies-wetted-nitrocellulose	1	11.594202898550725	SimBa
tweet-sno-1354	QO	vclaim-sno-blm-euthanize-44000-horses	1	17.647058823529413	SimBa
tweet-sno-1354	QO	vclaim-sno-woman-births-octopus	1	17.647058823529413	SimBa
tweet-sno-1354	QO	vclaim-sno-canned-pumpkin-isnt-actually-pumpkin	1	16.666666666666664	SimBa
tweet-sno-1354	QO	vclaim-sno-anonymous-masks-illegal	1	16.216216216216218	SimBa
tweet-sno-1354	QO	vclaim-sno-atf-reclassifies-wetted-nitrocellulose	1	16.216216216216218	SimBa
tweet-sno-1355	QO	vclaim-sno-blm-euthanize-44000-horses	1	15.0	SimBa
tweet-sno-1355	QO	vclaim-sno-woman-births-octopus	1	15.0	SimBa
tweet-sno-1355	QO	vclaim-sno-canned-pumpkin-isnt-actually-pumpkin	1	14.285714285714285	SimBa
tweet-sno-1355	QO	vclaim-sno-atf-reclassifies-wetted-nitrocellulose	1	13.953488372093023	SimBa
tweet-sno-1355	QO	vclaim-sno-anonymous-masks-illegal	1	13.953488372093023	SimBa
tweet-sno-1356	QO	vclaim-sno-woman-births-octopus	1	16.666666666666664	SimBa
tweet-sno-1356	QO	vclaim-sno-blm-euthanize-44000-horses	1	16.666666666666664	SimBa
tweet-sno-1356	QO	vclaim-sno-canned-pumpkin-isnt-actually-pumpkin	1	15.789473684210527	SimBa
tweet-sno-1356	QO	vclaim-sno-anonymous-masks-illegal	1	15.384615384615387	SimBa
tweet-sno-1356	QO	vclaim-sno-atf-reclassifies-wetted-nitrocellulose	1	15.384615384615387	SimBa
tweet-sno-1357	QO	vclaim-sno-carmex-addiction	1	12.658227848101266	SimBa
tweet-sno-1357	QO	vclaim-sno-cdc-ted-cruz-mexico	1	12.5	SimBa
tweet-sno-1357	QO	vclaim-sno-words-of-wisdom	1	12.195121951219512	SimBa
tweet-sno-1357	QO	vclaim-sno-schumer-erection-senate-floor	1	11.764705882352942	SimBa
tweet-sno-1357	QO	vclaim-sno-shark-prank	1	11.363636363636365	SimBa
tweet-sno-1358	QO	vclaim-sno-blm-euthanize-44000-horses	1	13.114754098360656	SimBa
tweet-sno-1358	QO	vclaim-sno-woman-births-octopus	1	13.114754098360656	SimBa
tweet-sno-1358	QO	vclaim-sno-canned-pumpkin-isnt-actually-pumpkin	1	12.698412698412698	SimBa
tweet-sno-1358	QO	vclaim-sno-atf-reclassifies-wetted-nitrocellulose	1	12.5	SimBa
tweet-sno-1358	QO	vclaim-sno-anonymous-masks-illegal	1	12.5	SimBa
tweet-sno-1359	QO	vclaim-sno-ice-twitter-account-disappear	1	12.048192771084338	SimBa
tweet-sno-1359	QO	vclaim-sno-woman-births-octopus	1	11.267605633802816	SimBa
tweet-sno-1359	QO	vclaim-sno-blm-euthanize-44000-horses	1	11.267605633802816	SimBa
tweet-sno-1359	QO	vclaim-sno-canned-pumpkin-isnt-actually-pumpkin	1	10.95890410958904	SimBa
tweet-sno-1359	QO	vclaim-sno-anonymous-masks-illegal	1	10.81081081081081	SimBa
tweet-sno-1360	QO	vclaim-sno-blm-euthanize-44000-horses	1	15.384615384615385	SimBa
tweet-sno-1360	QO	vclaim-sno-woman-births-octopus	1	15.384615384615385	SimBa
tweet-sno-1360	QO	vclaim-sno-canned-pumpkin-isnt-actually-pumpkin	1	14.814814814814815	SimBa
tweet-sno-1360	QO	vclaim-sno-anonymous-masks-illegal	1	14.545454545454545	SimBa
tweet-sno-1360	QO	vclaim-sno-atf-reclassifies-wetted-nitrocellulose	1	14.545454545454545	SimBa
tweet-sno-1361	QO	vclaim-sno-kaleb-shriners-hospitals-death	1	16.393442622950822	SimBa
tweet-sno-1361	QO	vclaim-sno-sargento-recall-fake-news	1	15.873015873015872	SimBa
tweet-sno-1361	QO	vclaim-sno-62-degree-celsius-kuwait-tree-fire	1	15.873015873015872	SimBa
tweet-sno-1361	QO	vclaim-sno-dmx-death-hoax	1	15.384615384615385	SimBa
tweet-sno-1361	QO	vclaim-sno-trump-admin-seizing-ppe	1	15.151515151515152	SimBa
tweet-sno-1362	QO	vclaim-sno-cdc-ted-cruz-mexico	1	8.9171974522293	SimBa
tweet-sno-1362	QO	vclaim-sno-schumer-erection-senate-floor	1	8.641975308641975	SimBa
tweet-sno-1362	QO	vclaim-sno-shark-prank	1	8.484848484848484	SimBa
tweet-sno-1362	QO	vclaim-sno-sag-letter-president-trump	1	8.092485549132949	SimBa
tweet-sno-1362	QO	vclaim-sno-california-ethnic-studies-genocide	1	7.909604519774011	SimBa
tweet-sno-1363	QO	vclaim-sno-woman-births-octopus	1	13.043478260869565	SimBa
tweet-sno-1363	QO	vclaim-sno-blm-euthanize-44000-horses	1	13.043478260869565	SimBa
tweet-sno-1363	QO	vclaim-sno-canned-pumpkin-isnt-actually-pumpkin	1	12.5	SimBa
tweet-sno-1363	QO	vclaim-sno-atf-reclassifies-wetted-nitrocellulose	1	12.244897959183675	SimBa
tweet-sno-1363	QO	vclaim-sno-anonymous-masks-illegal	1	12.244897959183675	SimBa
tweet-sno-1364	QO	vclaim-sno-woman-births-octopus	1	13.953488372093023	SimBa
tweet-sno-1364	QO	vclaim-sno-blm-euthanize-44000-horses	1	13.953488372093023	SimBa
tweet-sno-1364	QO	vclaim-sno-canned-pumpkin-isnt-actually-pumpkin	1	13.333333333333334	SimBa
tweet-sno-1364	QO	vclaim-sno-atf-reclassifies-wetted-nitrocellulose	1	13.043478260869565	SimBa
tweet-sno-1364	QO	vclaim-sno-anonymous-masks-illegal	1	13.043478260869565	SimBa
tweet-sno-1365	QO	vclaim-sno-ice-twitter-account-disappear	1	13.793103448275861	SimBa
tweet-sno-1365	QO	vclaim-sno-woman-births-octopus	1	13.043478260869565	SimBa
tweet-sno-1365	QO	vclaim-sno-blm-euthanize-44000-horses	1	13.043478260869565	SimBa
tweet-sno-1365	QO	vclaim-sno-canned-pumpkin-isnt-actually-pumpkin	1	12.5	SimBa
tweet-sno-1365	QO	vclaim-sno-footie-loose	1	12.244897959183675	SimBa
tweet-sno-1366	QO	vclaim-sno-woman-births-octopus	1	16.666666666666664	SimBa
tweet-sno-1366	QO	vclaim-sno-blm-euthanize-44000-horses	1	16.666666666666664	SimBa
tweet-sno-1366	QO	vclaim-sno-canned-pumpkin-isnt-actually-pumpkin	1	15.789473684210527	SimBa
tweet-sno-1366	QO	vclaim-sno-atf-reclassifies-wetted-nitrocellulose	1	15.384615384615387	SimBa
tweet-sno-1366	QO	vclaim-sno-anonymous-masks-illegal	1	15.384615384615387	SimBa
tweet-sno-1367	QO	vclaim-sno-woman-births-octopus	1	13.953488372093023	SimBa
tweet-sno-1367	QO	vclaim-sno-blm-euthanize-44000-horses	1	13.953488372093023	SimBa
tweet-sno-1367	QO	vclaim-sno-canned-pumpkin-isnt-actually-pumpkin	1	13.333333333333334	SimBa
tweet-sno-1367	QO	vclaim-sno-anonymous-masks-illegal	1	13.043478260869565	SimBa
tweet-sno-1367	QO	vclaim-sno-atf-reclassifies-wetted-nitrocellulose	1	13.043478260869565	SimBa
tweet-sno-1368	QO	vclaim-sno-blm-euthanize-44000-horses	1	16.0	SimBa
tweet-sno-1368	QO	vclaim-sno-woman-births-octopus	1	16.0	SimBa
tweet-sno-1368	QO	vclaim-sno-canned-pumpkin-isnt-actually-pumpkin	1	15.384615384615385	SimBa
tweet-sno-1368	QO	vclaim-sno-anonymous-masks-illegal	1	15.09433962264151	SimBa
tweet-sno-1368	QO	vclaim-sno-atf-reclassifies-wetted-nitrocellulose	1	15.09433962264151	SimBa
tweet-sno-1369	QO	vclaim-sno-blm-euthanize-44000-horses	1	17.910447761194032	SimBa
tweet-sno-1369	QO	vclaim-sno-woman-births-octopus	1	17.910447761194032	SimBa
tweet-sno-1369	QO	vclaim-sno-ice-twitter-account-disappear	1	17.721518987341774	SimBa
tweet-sno-1369	QO	vclaim-sno-canned-pumpkin-isnt-actually-pumpkin	1	17.391304347826086	SimBa
tweet-sno-1369	QO	vclaim-sno-atf-reclassifies-wetted-nitrocellulose	1	17.142857142857142	SimBa
tweet-sno-1370	QO	vclaim-sno-footie-loose	1	15.18987341772152	SimBa
tweet-sno-1370	QO	vclaim-sno-carmex-addiction	1	14.285714285714285	SimBa
tweet-sno-1370	QO	vclaim-sno-cdc-ted-cruz-mexico	1	14.117647058823529	SimBa
tweet-sno-1370	QO	vclaim-sno-ps-and-qs	1	13.861386138613861	SimBa
tweet-sno-1370	QO	vclaim-sno-schumer-erection-senate-floor	1	13.333333333333334	SimBa
tweet-sno-1371	QO	vclaim-sno-woman-births-octopus	1	22.857142857142858	SimBa
tweet-sno-1371	QO	vclaim-sno-blm-euthanize-44000-horses	1	22.857142857142858	SimBa
tweet-sno-1371	QO	vclaim-sno-canned-pumpkin-isnt-actually-pumpkin	1	21.62162162162162	SimBa
tweet-sno-1371	QO	vclaim-sno-atf-reclassifies-wetted-nitrocellulose	1	21.05263157894737	SimBa
tweet-sno-1371	QO	vclaim-sno-anonymous-masks-illegal	1	21.05263157894737	SimBa
tweet-sno-1372	QO	vclaim-sno-woman-births-octopus	1	31.111111111111114	SimBa
tweet-sno-1372	QO	vclaim-sno-blm-euthanize-44000-horses	1	31.111111111111114	SimBa
tweet-sno-1372	QO	vclaim-sno-dmx-death-hoax	1	30.0	SimBa
tweet-sno-1372	QO	vclaim-sno-canned-pumpkin-isnt-actually-pumpkin	1	29.78723404255319	SimBa
tweet-sno-1372	QO	vclaim-sno-do-scented-candles-cause-cancer	1	29.268292682926827	SimBa
tweet-sno-1373	QO	vclaim-sno-ice-twitter-account-disappear	1	16.666666666666668	SimBa
tweet-sno-1373	QO	vclaim-sno-woman-births-octopus	1	16.666666666666664	SimBa
tweet-sno-1373	QO	vclaim-sno-blm-euthanize-44000-horses	1	16.666666666666664	SimBa
tweet-sno-1373	QO	vclaim-sno-canned-pumpkin-isnt-actually-pumpkin	1	15.789473684210527	SimBa
tweet-sno-1373	QO	vclaim-sno-footie-loose	1	15.384615384615387	SimBa
tweet-sno-1374	QO	vclaim-sno-woman-births-octopus	1	16.3265306122449	SimBa
tweet-sno-1374	QO	vclaim-sno-blm-euthanize-44000-horses	1	16.3265306122449	SimBa
tweet-sno-1374	QO	vclaim-sno-canned-pumpkin-isnt-actually-pumpkin	1	15.686274509803921	SimBa
tweet-sno-1374	QO	vclaim-sno-anonymous-masks-illegal	1	15.384615384615385	SimBa
tweet-sno-1374	QO	vclaim-sno-atf-reclassifies-wetted-nitrocellulose	1	15.384615384615385	SimBa
tweet-sno-1375	QO	vclaim-sno-blm-euthanize-44000-horses	1	17.142857142857142	SimBa
tweet-sno-1375	QO	vclaim-sno-woman-births-octopus	1	17.142857142857142	SimBa
tweet-sno-1375	QO	vclaim-sno-canned-pumpkin-isnt-actually-pumpkin	1	16.216216216216218	SimBa
tweet-sno-1375	QO	vclaim-sno-atf-reclassifies-wetted-nitrocellulose	1	15.789473684210527	SimBa
tweet-sno-1375	QO	vclaim-sno-anonymous-masks-illegal	1	15.789473684210527	SimBa
tweet-sno-1376	QO	vclaim-sno-woman-births-octopus	1	10.526315789473685	SimBa
tweet-sno-1376	QO	vclaim-sno-blm-euthanize-44000-horses	1	10.526315789473685	SimBa
tweet-sno-1376	QO	vclaim-sno-canned-pumpkin-isnt-actually-pumpkin	1	10.256410256410257	SimBa
tweet-sno-1376	QO	vclaim-sno-anonymous-masks-illegal	1	10.126582278481013	SimBa
tweet-sno-1376	QO	vclaim-sno-atf-reclassifies-wetted-nitrocellulose	1	10.126582278481013	SimBa
tweet-sno-1377	QO	vclaim-sno-footie-loose	1	12.631578947368421	SimBa
tweet-sno-1377	QO	vclaim-sno-carmex-addiction	1	12.0	SimBa
tweet-sno-1377	QO	vclaim-sno-ps-and-qs	1	11.965811965811966	SimBa
tweet-sno-1377	QO	vclaim-sno-cdc-ted-cruz-mexico	1	11.881188118811881	SimBa
tweet-sno-1377	QO	vclaim-sno-schumer-erection-senate-floor	1	11.320754716981131	SimBa
tweet-sno-1378	QO	vclaim-sno-blm-euthanize-44000-horses	1	19.51219512195122	SimBa
tweet-sno-1378	QO	vclaim-sno-woman-births-octopus	1	19.51219512195122	SimBa
tweet-sno-1378	QO	vclaim-sno-canned-pumpkin-isnt-actually-pumpkin	1	18.6046511627907	SimBa
tweet-sno-1378	QO	vclaim-sno-atf-reclassifies-wetted-nitrocellulose	1	18.181818181818183	SimBa
tweet-sno-1378	QO	vclaim-sno-anonymous-masks-illegal	1	18.181818181818183	SimBa
tweet-sno-1379	QO	vclaim-sno-carmex-addiction	1	16.393442622950822	SimBa
tweet-sno-1379	QO	vclaim-sno-cdc-ted-cruz-mexico	1	16.129032258064516	SimBa
tweet-sno-1379	QO	vclaim-sno-schumer-erection-senate-floor	1	14.925373134328359	SimBa
tweet-sno-1379	QO	vclaim-sno-cdc-zombie-preparedness-guide-2	1	14.814814814814815	SimBa
tweet-sno-1379	QO	vclaim-sno-steep-risk	1	14.285714285714286	SimBa
tweet-sno-1380	QO	vclaim-sno-woman-births-octopus	1	9.876543209876543	SimBa
tweet-sno-1380	QO	vclaim-sno-blm-euthanize-44000-horses	1	9.876543209876543	SimBa
tweet-sno-1380	QO	vclaim-sno-canned-pumpkin-isnt-actually-pumpkin	1	9.63855421686747	SimBa
tweet-sno-1380	QO	vclaim-sno-atf-reclassifies-wetted-nitrocellulose	1	9.523809523809524	SimBa
tweet-sno-1380	QO	vclaim-sno-anonymous-masks-illegal	1	9.523809523809524	SimBa
tweet-sno-1381	QO	vclaim-sno-footie-loose	1	13.043478260869565	SimBa
tweet-sno-1381	QO	vclaim-sno-carmex-addiction	1	12.371134020618555	SimBa
tweet-sno-1381	QO	vclaim-sno-ps-and-qs	1	12.280701754385964	SimBa
tweet-sno-1381	QO	vclaim-sno-cdc-ted-cruz-mexico	1	12.244897959183675	SimBa
tweet-sno-1381	QO	vclaim-sno-schumer-erection-senate-floor	1	11.650485436893204	SimBa
tweet-sno-1382	QO	vclaim-sno-woman-births-octopus	1	7.142857142857142	SimBa
tweet-sno-1382	QO	vclaim-sno-blm-euthanize-44000-horses	1	7.142857142857142	SimBa
tweet-sno-1382	QO	vclaim-sno-canned-pumpkin-isnt-actually-pumpkin	1	6.976744186046512	SimBa
tweet-sno-1382	QO	vclaim-sno-atf-reclassifies-wetted-nitrocellulose	1	6.896551724137931	SimBa
tweet-sno-1382	QO	vclaim-sno-anonymous-masks-illegal	1	6.896551724137931	SimBa
tweet-sno-1383	QO	vclaim-sno-woman-births-octopus	1	13.333333333333334	SimBa
tweet-sno-1383	QO	vclaim-sno-blm-euthanize-44000-horses	1	13.333333333333334	SimBa
tweet-sno-1383	QO	vclaim-sno-canned-pumpkin-isnt-actually-pumpkin	1	12.76595744680851	SimBa
tweet-sno-1383	QO	vclaim-sno-anonymous-masks-illegal	1	12.5	SimBa
tweet-sno-1383	QO	vclaim-sno-atf-reclassifies-wetted-nitrocellulose	1	12.5	SimBa
tweet-sno-1384	QO	vclaim-sno-sargento-recall-fake-news	1	17.241379310344826	SimBa
tweet-sno-1384	QO	vclaim-sno-trump-admin-seizing-ppe	1	16.393442622950822	SimBa
tweet-sno-1384	QO	vclaim-sno-creepy-abandoned-train-tunnel	1	16.129032258064516	SimBa
tweet-sno-1384	QO	vclaim-sno-trump-deport-aoc-omar	1	15.625	SimBa
tweet-sno-1384	QO	vclaim-sno-europe-visa-etias	1	15.384615384615385	SimBa
tweet-sno-1385	QO	vclaim-sno-62-degree-celsius-kuwait-tree-fire	1	19.6078431372549	SimBa
tweet-sno-1385	QO	vclaim-sno-sargento-recall-fake-news	1	19.6078431372549	SimBa
tweet-sno-1385	QO	vclaim-sno-72-hour-challenge	1	18.51851851851852	SimBa
tweet-sno-1385	QO	vclaim-sno-biden-antifa-courageous-americans	1	18.51851851851852	SimBa
tweet-sno-1385	QO	vclaim-sno-criminal-aliens-gang-members	1	18.51851851851852	SimBa
tweet-sno-1386	QO	vclaim-sno-dmx-death-hoax	1	22.22222222222222	SimBa
tweet-sno-1386	QO	vclaim-sno-244-inmates-fijian-prison	1	21.62162162162162	SimBa
tweet-sno-1386	QO	vclaim-sno-criminal-aliens-gang-members	1	20.0	SimBa
tweet-sno-1386	QO	vclaim-sno-blm-euthanize-44000-horses	1	19.51219512195122	SimBa
tweet-sno-1386	QO	vclaim-sno-woman-births-octopus	1	19.51219512195122	SimBa
tweet-sno-1387	QO	vclaim-sno-criminal-aliens-gang-members	1	11.627906976744187	SimBa
tweet-sno-1387	QO	vclaim-sno-dmx-death-hoax	1	11.11111111111111	SimBa
tweet-sno-1387	QO	vclaim-sno-uss-constitution	1	10.989010989010989	SimBa
tweet-sno-1387	QO	vclaim-sno-244-inmates-fijian-prison	1	10.95890410958904	SimBa
tweet-sno-1387	QO	vclaim-sno-blm-euthanize-44000-horses	1	10.38961038961039	SimBa
tweet-sno-1388	QO	vclaim-sno-dmx-death-hoax	1	19.51219512195122	SimBa
tweet-sno-1388	QO	vclaim-sno-244-inmates-fijian-prison	1	19.047619047619047	SimBa
tweet-sno-1388	QO	vclaim-sno-criminal-aliens-gang-members	1	18.18181818181818	SimBa
tweet-sno-1388	QO	vclaim-sno-blm-euthanize-44000-horses	1	17.391304347826086	SimBa
tweet-sno-1388	QO	vclaim-sno-woman-births-octopus	1	17.391304347826086	SimBa
tweet-sno-1389	QO	vclaim-sno-62-degree-celsius-kuwait-tree-fire	1	16.129032258064516	SimBa
tweet-sno-1389	QO	vclaim-sno-criminal-aliens-gang-members	1	15.384615384615385	SimBa
tweet-sno-1389	QO	vclaim-sno-does-donald-trump-own-a-stake-in-the-dakota-access-pipeline	1	14.925373134328359	SimBa
tweet-sno-1389	QO	vclaim-sno-capitol-riot-podium	1	14.925373134328359	SimBa
tweet-sno-1389	QO	vclaim-sno-ice-twitter-account-disappear	1	14.705882352941178	SimBa
tweet-sno-1390	QO	vclaim-sno-ice-twitter-account-disappear	1	10.309278350515463	SimBa
tweet-sno-1390	QO	vclaim-sno-woman-births-octopus	1	9.411764705882353	SimBa
tweet-sno-1390	QO	vclaim-sno-blm-euthanize-44000-horses	1	9.411764705882353	SimBa
tweet-sno-1390	QO	vclaim-sno-canned-pumpkin-isnt-actually-pumpkin	1	9.195402298850574	SimBa
tweet-sno-1390	QO	vclaim-sno-anonymous-masks-illegal	1	9.090909090909092	SimBa
tweet-sno-1391	QO	vclaim-sno-62-degree-celsius-kuwait-tree-fire	1	15.625	SimBa
tweet-sno-1391	QO	vclaim-sno-criminal-aliens-gang-members	1	14.925373134328359	SimBa
tweet-sno-1391	QO	vclaim-sno-capitol-riot-podium	1	14.492753623188406	SimBa
tweet-sno-1391	QO	vclaim-sno-does-donald-trump-own-a-stake-in-the-dakota-access-pipeline	1	14.492753623188406	SimBa
tweet-sno-1391	QO	vclaim-sno-audit-the-vote	1	14.08450704225352	SimBa
tweet-sno-1392	QO	vclaim-sno-62-degree-celsius-kuwait-tree-fire	1	14.545454545454545	SimBa
tweet-sno-1392	QO	vclaim-sno-diamonds-in-the-cluck	1	14.035087719298245	SimBa
tweet-sno-1392	QO	vclaim-sno-criminal-aliens-gang-members	1	13.793103448275861	SimBa
tweet-sno-1392	QO	vclaim-sno-a-scan-of-wealth-and-taste	1	13.636363636363637	SimBa
tweet-sno-1392	QO	vclaim-sno-does-donald-trump-own-a-stake-in-the-dakota-access-pipeline	1	13.333333333333334	SimBa
tweet-sno-1393	QO	vclaim-sno-goes-around-litigates-around	1	8.98876404494382	SimBa
tweet-sno-1393	QO	vclaim-sno-loonie-toonies	1	8.791208791208792	SimBa
tweet-sno-1393	QO	vclaim-sno-house-25-million-raise-covid	1	8.602150537634408	SimBa
tweet-sno-1393	QO	vclaim-sno-ice-twitter-account-disappear	1	8.51063829787234	SimBa
tweet-sno-1393	QO	vclaim-sno-dakota-access-pipeline-continuing-despite-denied-easement	1	8.421052631578947	SimBa
tweet-sno-1394	QO	vclaim-sno-kaleb-shriners-hospitals-death	1	11.904761904761905	SimBa
tweet-sno-1394	QO	vclaim-sno-62-degree-celsius-kuwait-tree-fire	1	11.627906976744187	SimBa
tweet-sno-1394	QO	vclaim-sno-sargento-recall-fake-news	1	11.627906976744187	SimBa
tweet-sno-1394	QO	vclaim-sno-trump-admin-seizing-ppe	1	11.235955056179776	SimBa
tweet-sno-1394	QO	vclaim-sno-criminal-aliens-gang-members	1	11.235955056179776	SimBa
tweet-sno-1395	QO	vclaim-sno-blm-euthanize-44000-horses	1	13.636363636363637	SimBa
tweet-sno-1395	QO	vclaim-sno-62-degree-celsius-kuwait-tree-fire	1	12.76595744680851	SimBa
tweet-sno-1395	QO	vclaim-sno-cdc-admits-98-million-got-cancer-polio-vaccine	1	12.121212121212121	SimBa
tweet-sno-1395	QO	vclaim-sno-ice-detain-michigan-doctor-40-years-u-s	1	12.0	SimBa
tweet-sno-1395	QO	vclaim-sno-ice-twitter-account-disappear	1	12.0	SimBa
tweet-sno-1396	QO	vclaim-sno-62-degree-celsius-kuwait-tree-fire	1	15.151515151515152	SimBa
tweet-sno-1396	QO	vclaim-sno-goes-around-litigates-around	1	14.925373134328359	SimBa
tweet-sno-1396	QO	vclaim-sno-criminal-aliens-gang-members	1	14.492753623188406	SimBa
tweet-sno-1396	QO	vclaim-sno-blm-euthanize-44000-horses	1	13.333333333333334	SimBa
tweet-sno-1396	QO	vclaim-sno-woman-births-octopus	1	13.333333333333334	SimBa
tweet-sno-1397	QO	vclaim-sno-cdc-ted-cruz-mexico	1	24.137931034482758	SimBa
tweet-sno-1397	QO	vclaim-sno-footie-loose	1	23.076923076923077	SimBa
tweet-sno-1397	QO	vclaim-sno-new-constitution	1	22.72727272727273	SimBa
tweet-sno-1397	QO	vclaim-sno-schumer-erection-senate-floor	1	22.22222222222222	SimBa
tweet-sno-1397	QO	vclaim-sno-ted-cruz-texas-freezes-over	1	22.22222222222222	SimBa
tweet-sno-1398	QO	vclaim-sno-kaleb-shriners-hospitals-death	1	18.51851851851852	SimBa
tweet-sno-1398	QO	vclaim-sno-sargento-recall-fake-news	1	17.857142857142858	SimBa
tweet-sno-1398	QO	vclaim-sno-62-degree-celsius-kuwait-tree-fire	1	17.857142857142858	SimBa
tweet-sno-1398	QO	vclaim-sno-dmx-death-hoax	1	17.77777777777778	SimBa
tweet-sno-1398	QO	vclaim-sno-criminal-aliens-gang-members	1	16.94915254237288	SimBa
tweet-sno-1399	QO	vclaim-sno-canned-pumpkin-isnt-actually-pumpkin	1	17.241379310344826	SimBa
tweet-sno-1399	QO	vclaim-sno-uss-constitution	1	17.142857142857142	SimBa
tweet-sno-1399	QO	vclaim-sno-disney-pixar-boo	1	16.666666666666668	SimBa
tweet-sno-1399	QO	vclaim-sno-sargento-recall-fake-news	1	16.129032258064516	SimBa
tweet-sno-1399	QO	vclaim-sno-62-degree-celsius-kuwait-tree-fire	1	16.129032258064516	SimBa
tweet-sno-1400	QO	vclaim-sno-kaleb-shriners-hospitals-death	1	11.627906976744187	SimBa
tweet-sno-1400	QO	vclaim-sno-sargento-recall-fake-news	1	11.363636363636365	SimBa
tweet-sno-1400	QO	vclaim-sno-62-degree-celsius-kuwait-tree-fire	1	11.363636363636365	SimBa
tweet-sno-1400	QO	vclaim-sno-biden-antifa-courageous-americans	1	10.989010989010989	SimBa
tweet-sno-1400	QO	vclaim-sno-cdc-ted-cruz-mexico	1	10.989010989010989	SimBa
tweet-sno-1401	QO	vclaim-sno-ice-twitter-account-disappear	1	9.900990099009901	SimBa
tweet-sno-1401	QO	vclaim-sno-woman-births-octopus	1	8.98876404494382	SimBa
tweet-sno-1401	QO	vclaim-sno-blm-euthanize-44000-horses	1	8.98876404494382	SimBa
tweet-sno-1401	QO	vclaim-sno-canned-pumpkin-isnt-actually-pumpkin	1	8.791208791208792	SimBa
tweet-sno-1401	QO	vclaim-sno-ps-and-qs	1	8.771929824561402	SimBa
