tweet-sno-1200	QO	vclaim-sno-trump-weight-girther-leaked-documents	1	3	SimBa
tweet-sno-1200	QO	vclaim-sno-ice-twitter-account-disappear	1	3	SimBa
tweet-sno-1200	QO	vclaim-sno-footie-loose	1	3	SimBa
tweet-sno-1200	QO	vclaim-sno-gaydar-detector	1	3	SimBa
tweet-sno-1200	QO	vclaim-sno-ps-and-qs	1	3	SimBa
tweet-sno-1201	QO	vclaim-sno-mitch-mcconnell-one-of-my-proudest-moments	1	9	SimBa
tweet-sno-1201	QO	vclaim-sno-biden-executive-order-dictator	1	9	SimBa
tweet-sno-1201	QO	vclaim-sno-kamala-harris-guns-confiscation	1	8	SimBa
tweet-sno-1201	QO	vclaim-sno-trump-my-crimes-investigated	1	7	SimBa
tweet-sno-1201	QO	vclaim-sno-john-kasich-said-we-cant-entrust-abortion-decision-to-women	1	7	SimBa
tweet-sno-1202	QO	vclaim-sno-biden-executive-order-dictator	1	10	SimBa
tweet-sno-1202	QO	vclaim-sno-dolly-parton-dixie-offensive	1	7	SimBa
tweet-sno-1202	QO	vclaim-sno-kamala-harris-guns-confiscation	1	7	SimBa
tweet-sno-1202	QO	vclaim-sno-biden-harris-disease-disagreed	1	6	SimBa
tweet-sno-1202	QO	vclaim-sno-ruth-bader-ginsburg-senates-job	1	6	SimBa
tweet-sno-1203	QO	vclaim-sno-palestinians-texas-mexico	1	3	SimBa
tweet-sno-1203	QO	vclaim-sno-head-shot	1	3	SimBa
tweet-sno-1203	QO	vclaim-sno-blacklivesmatter	1	3	SimBa
tweet-sno-1203	QO	vclaim-sno-dnc-walkout-leads-to-hundreds-of-empty-seats	1	3	SimBa
tweet-sno-1203	QO	vclaim-sno-unknown-soldier-protest-kneeling-man	1	3	SimBa
tweet-sno-1204	QO	vclaim-sno-biden-bans-china-virus	1	6	SimBa
tweet-sno-1204	QO	vclaim-sno-biden-abortion-exec-order	1	5	SimBa
tweet-sno-1204	QO	vclaim-sno-power-grid-executive-order	1	5	SimBa
tweet-sno-1204	QO	vclaim-sno-trump-restricting-welfare-for-deadbeats	1	4	SimBa
tweet-sno-1204	QO	vclaim-sno-virgin-islands-order-seizure-weapons-irma	1	4	SimBa
tweet-sno-1205	QO	vclaim-sno-trump-office-former-president	1	6	SimBa
tweet-sno-1205	QO	vclaim-sno-trump-buried-arlington-cemetery	1	5	SimBa
tweet-sno-1205	QO	vclaim-sno-trump-stockpile-ventilators	1	5	SimBa
tweet-sno-1205	QO	vclaim-sno-trump-tiger-woods-speedy-recovery	1	5	SimBa
tweet-sno-1205	QO	vclaim-sno-candace-owens-pelosi-capitol	1	5	SimBa
tweet-sno-1206	QO	vclaim-sno-obama-first-ex-president-criticize-successor	1	8	SimBa
tweet-sno-1206	QO	vclaim-sno-trump-wallace-looting-quote	1	8	SimBa
tweet-sno-1206	QO	vclaim-sno-amnesty-donald-trump-human-rights	1	8	SimBa
tweet-sno-1206	QO	vclaim-sno-joe-you-know-i-won-letter-trump	1	8	SimBa
tweet-sno-1206	QO	vclaim-sno-trump-video-insulting-supporters	1	8	SimBa
tweet-sno-1207	QO	vclaim-sno-las-vegas-hotels-donate-rooms	1	2	SimBa
tweet-sno-1207	QO	vclaim-sno-mcenany-obama-hut-tweet	1	2	SimBa
tweet-sno-1207	QO	vclaim-sno-democrats-celebrate-shutdown	1	2	SimBa
tweet-sno-1207	QO	vclaim-sno-cocaine-smuggled-in-bananas	1	2	SimBa
tweet-sno-1207	QO	vclaim-sno-blacklivesmatter	1	2	SimBa
tweet-sno-1208	QO	vclaim-sno-biden-hat-trump-maga	1	7	SimBa
tweet-sno-1208	QO	vclaim-sno-strung-beads	1	6	SimBa
tweet-sno-1208	QO	vclaim-sno-karl-rove-biden-inauguration	1	6	SimBa
tweet-sno-1208	QO	vclaim-sno-tomi-lahren-biden-supporters-loot	1	6	SimBa
tweet-sno-1208	QO	vclaim-sno-grand-jest-auto	1	6	SimBa
tweet-sno-1209	QO	vclaim-sno-trump-quote-mueller-report	1	5	SimBa
tweet-sno-1209	QO	vclaim-sno-trump-stimulus-package-election	1	5	SimBa
tweet-sno-1209	QO	vclaim-sno-trump-art-of-the-deal	1	5	SimBa
tweet-sno-1209	QO	vclaim-sno-back-to-the-future-predictions	1	5	SimBa
tweet-sno-1209	QO	vclaim-sno-trump-coronavirus-kill-body	1	5	SimBa
tweet-sno-1210	QO	vclaim-sno-lindsey-graham-trump-cdc	1	6	SimBa
tweet-sno-1210	QO	vclaim-sno-lbj-convince-the-lowest-white-man	1	6	SimBa
tweet-sno-1210	QO	vclaim-sno-elementary-my-dear-watson	1	6	SimBa
tweet-sno-1210	QO	vclaim-sno-werner-herzog-germany-quote	1	6	SimBa
tweet-sno-1210	QO	vclaim-sno-kim-jong-un-sarah-sanders	1	5	SimBa
tweet-sno-1211	QO	vclaim-sno-schumer-erection-senate-floor	1	7	SimBa
tweet-sno-1211	QO	vclaim-sno-trump-governors-supplies	1	7	SimBa
tweet-sno-1211	QO	vclaim-sno-trump-flushing-toilets	1	6	SimBa
tweet-sno-1211	QO	vclaim-sno-kim-jong-un-sarah-sanders	1	6	SimBa
tweet-sno-1211	QO	vclaim-sno-sean-penn-moves-to-venezuela	1	6	SimBa
tweet-sno-1212	QO	vclaim-sno-sharpie-shock-challenge	1	6	SimBa
tweet-sno-1212	QO	vclaim-sno-rosie-odonnell-period-blood	1	6	SimBa
tweet-sno-1212	QO	vclaim-sno-chuck-schumer-heidi-fleiss	1	6	SimBa
tweet-sno-1212	QO	vclaim-sno-anthony-bouchard-romeo-juliet	1	5	SimBa
tweet-sno-1212	QO	vclaim-sno-sinema-cake	1	5	SimBa
tweet-sno-1213	QO	vclaim-sno-schumer-erection-senate-floor	1	7	SimBa
tweet-sno-1213	QO	vclaim-sno-kandiss-taylor-jesus-guns-babies	1	5	SimBa
tweet-sno-1213	QO	vclaim-sno-djokovic-simone-biles-pressure-privilege	1	5	SimBa
tweet-sno-1213	QO	vclaim-sno-keep-america-american	1	5	SimBa
tweet-sno-1213	QO	vclaim-sno-obfuscatedcare	1	5	SimBa
tweet-sno-1214	QO	vclaim-sno-schumer-erection-senate-floor	1	8	SimBa
tweet-sno-1214	QO	vclaim-sno-toddlers-signs-profanities-protest	1	5	SimBa
tweet-sno-1214	QO	vclaim-sno-marines-corps-rebuke-pelosi	1	5	SimBa
tweet-sno-1214	QO	vclaim-sno-did-aoc-say-this-about-trump	1	5	SimBa
tweet-sno-1214	QO	vclaim-sno-gender-trolls	1	5	SimBa
tweet-sno-1215	QO	vclaim-sno-where-is-god	1	5	SimBa
tweet-sno-1215	QO	vclaim-sno-kamala-harris-protests	1	5	SimBa
tweet-sno-1215	QO	vclaim-sno-candace-owens-pelosi-capitol	1	5	SimBa
tweet-sno-1215	QO	vclaim-sno-marines-corps-rebuke-pelosi	1	5	SimBa
tweet-sno-1215	QO	vclaim-sno-trump-tiger-woods-speedy-recovery	1	5	SimBa
tweet-sno-1216	QO	vclaim-sno-white-house-trump-accomplishments	1	8	SimBa
tweet-sno-1216	QO	vclaim-sno-trump-fail-to-denounce-qanon	1	8	SimBa
tweet-sno-1216	QO	vclaim-sno-sag-letter-president-trump	1	7	SimBa
tweet-sno-1216	QO	vclaim-sno-military-band-hit-the-road-jack	1	7	SimBa
tweet-sno-1216	QO	vclaim-sno-california-ethnic-studies-genocide	1	7	SimBa
tweet-sno-1217	QO	vclaim-sno-capitol-rioters-dating-apps	1	2	SimBa
tweet-sno-1217	QO	vclaim-sno-trump-threatening-robocalls	1	2	SimBa
tweet-sno-1217	QO	vclaim-sno-fentanyl-overdose-residue-shopping-cart	1	2	SimBa
tweet-sno-1217	QO	vclaim-sno-mccormick-director-taco-relations	1	2	SimBa
tweet-sno-1217	QO	vclaim-sno-pence-op-ed-hr1-immigrants	1	2	SimBa
tweet-sno-1218	QO	vclaim-sno-do-scented-candles-cause-cancer	1	5	SimBa
tweet-sno-1218	QO	vclaim-sno-nazi-flag-menorah-hanukkah	1	4	SimBa
tweet-sno-1218	QO	vclaim-sno-sargento-recall-fake-news	1	4	SimBa
tweet-sno-1218	QO	vclaim-sno-tapioca-time-bomb	1	4	SimBa
tweet-sno-1218	QO	vclaim-sno-lincoln-memorial-defaced-protesters	1	4	SimBa
tweet-sno-1219	QO	vclaim-sno-marjorie-taylor-greene-twitter	1	10	SimBa
tweet-sno-1219	QO	vclaim-sno-trump-lose-followers-first-time	1	9	SimBa
tweet-sno-1219	QO	vclaim-sno-did-twitter-lock-trumps-account	1	9	SimBa
tweet-sno-1219	QO	vclaim-sno-trump-inappropriate-comment-daughter-tiffany	1	8	SimBa
tweet-sno-1219	QO	vclaim-sno-donald-trump-removed-pro-life-from-his-policies	1	8	SimBa
tweet-sno-1220	QO	vclaim-sno-wall-street-border-wall	1	7	SimBa
tweet-sno-1220	QO	vclaim-sno-back-to-the-future-predictions	1	7	SimBa
tweet-sno-1220	QO	vclaim-sno-words-of-wisdom	1	6	SimBa
tweet-sno-1220	QO	vclaim-sno-burger-king-adult-meal	1	6	SimBa
tweet-sno-1220	QO	vclaim-sno-home-alone-world-trade-center	1	6	SimBa
tweet-sno-1221	QO	vclaim-sno-rihanna-snapchat	1	2	SimBa
tweet-sno-1221	QO	vclaim-sno-fubu-boo-boo	1	2	SimBa
tweet-sno-1221	QO	vclaim-sno-engagement-ring-hidden-necklace	1	2	SimBa
tweet-sno-1221	QO	vclaim-sno-bernice-king-mlk-day-instagram	1	2	SimBa
tweet-sno-1221	QO	vclaim-sno-gang-malling	1	2	SimBa
tweet-sno-1222	QO	vclaim-sno-trump-many-per-capitas	1	3	SimBa
tweet-sno-1222	QO	vclaim-sno-coca-cola-fomula	1	3	SimBa
tweet-sno-1222	QO	vclaim-sno-trump-jr-impeached-deplorable	1	3	SimBa
tweet-sno-1222	QO	vclaim-sno-photograph-trump-accuser	1	3	SimBa
tweet-sno-1222	QO	vclaim-sno-failed-impeachment-nullify-term	1	3	SimBa
tweet-sno-1223	QO	vclaim-sno-armie-hammer-cannibal-lifestyle	1	5	SimBa
tweet-sno-1223	QO	vclaim-sno-drink-young-blood-health	1	2	SimBa
tweet-sno-1223	QO	vclaim-sno-keanu-reeves-blood-drinking	1	2	SimBa
tweet-sno-1223	QO	vclaim-sno-adam-schiff-pedophile-hoax	1	1	SimBa
tweet-sno-1223	QO	vclaim-sno-adidas	1	1	SimBa
tweet-sno-1224	QO	vclaim-sno-raz-simone-guns	1	6	SimBa
tweet-sno-1224	QO	vclaim-sno-trump-noble-prize-tweets	1	5	SimBa
tweet-sno-1224	QO	vclaim-sno-hillary-clinton-sat-monsanto-board	1	4	SimBa
tweet-sno-1224	QO	vclaim-sno-red-ensign-scare	1	4	SimBa
tweet-sno-1224	QO	vclaim-sno-indian-flag-capitol-riots	1	4	SimBa
tweet-sno-1225	QO	vclaim-sno-msnbc-hope-coronavirus-kills	1	4	SimBa
tweet-sno-1225	QO	vclaim-sno-vatican-covid-vaccine	1	4	SimBa
tweet-sno-1225	QO	vclaim-sno-coronavirus-cure-bryant	1	4	SimBa
tweet-sno-1225	QO	vclaim-sno-april-fools39-day-origins	1	3	SimBa
tweet-sno-1225	QO	vclaim-sno-trump-quote-mueller-report	1	3	SimBa
tweet-sno-1226	QO	vclaim-sno-trump-admin-seizing-ppe	1	6	SimBa
tweet-sno-1226	QO	vclaim-sno-trump-noble-prize-tweets	1	6	SimBa
tweet-sno-1226	QO	vclaim-sno-back-to-the-future-predictions	1	6	SimBa
tweet-sno-1226	QO	vclaim-sno-sag-letter-president-trump	1	6	SimBa
tweet-sno-1226	QO	vclaim-sno-sam-clovis-scientists-dumb	1	6	SimBa
tweet-sno-1227	QO	vclaim-sno-karl-rove-biden-inauguration	1	4	SimBa
tweet-sno-1227	QO	vclaim-sno-carl-sagans-foreboding-of-an-america	1	4	SimBa
tweet-sno-1227	QO	vclaim-sno-mary-miller-hitler	1	4	SimBa
tweet-sno-1227	QO	vclaim-sno-scarecrow	1	3	SimBa
tweet-sno-1227	QO	vclaim-sno-cia-woke-recruitment-video	1	3	SimBa
tweet-sno-1228	QO	vclaim-sno-the-blind-date	1	8	SimBa
tweet-sno-1228	QO	vclaim-sno-mary-miller-hitler	1	7	SimBa
tweet-sno-1228	QO	vclaim-sno-ps-and-qs	1	7	SimBa
tweet-sno-1228	QO	vclaim-sno-schumer-erection-senate-floor	1	7	SimBa
tweet-sno-1228	QO	vclaim-sno-churchill-what-people-think	1	7	SimBa
tweet-sno-1229	QO	vclaim-sno-covid-app-tracker	1	3	SimBa
tweet-sno-1229	QO	vclaim-sno-trump-mob-capitol	1	3	SimBa
tweet-sno-1229	QO	vclaim-sno-giuliani-rally-speech	1	3	SimBa
tweet-sno-1229	QO	vclaim-sno-rioters-capitol-flagpole	1	3	SimBa
tweet-sno-1229	QO	vclaim-sno-zip-cuffs-capitol-riots	1	3	SimBa
tweet-sno-1230	QO	vclaim-sno-sherri-shepherd-death-hoax	1	3	SimBa
tweet-sno-1230	QO	vclaim-sno-bedside-companion	1	3	SimBa
tweet-sno-1230	QO	vclaim-sno-william-h-macy-death-hoax	1	3	SimBa
tweet-sno-1230	QO	vclaim-sno-charlie-sheen-death-hoax	1	3	SimBa
tweet-sno-1230	QO	vclaim-sno-chevy-chase-death-hoax	1	3	SimBa
tweet-sno-1231	QO	vclaim-sno-rosie-odonnell-period-blood	1	8	SimBa
tweet-sno-1231	QO	vclaim-sno-audit-the-vote	1	7	SimBa
tweet-sno-1231	QO	vclaim-sno-biden-military-deaths-covid	1	6	SimBa
tweet-sno-1231	QO	vclaim-sno-vatican-covid-vaccine	1	6	SimBa
tweet-sno-1231	QO	vclaim-sno-mobile-phone-sim-card-swap	1	6	SimBa
tweet-sno-1232	QO	vclaim-sno-warnock-arrested-capitol-praying	1	6	SimBa
tweet-sno-1232	QO	vclaim-sno-biden-ossoff-warnock-checks-2000	1	5	SimBa
tweet-sno-1232	QO	vclaim-sno-newspaper-rioters-photo-antifa	1	5	SimBa
tweet-sno-1232	QO	vclaim-sno-capitol-riot-mace-police	1	4	SimBa
tweet-sno-1232	QO	vclaim-sno-boebert-tweet-pelosi-location	1	4	SimBa
tweet-sno-1233	QO	vclaim-sno-tomi-lahren-biden-supporters-loot	1	9	SimBa
tweet-sno-1233	QO	vclaim-sno-marines-corps-rebuke-pelosi	1	8	SimBa
tweet-sno-1233	QO	vclaim-sno-strung-beads	1	7	SimBa
tweet-sno-1233	QO	vclaim-sno-ps-and-qs	1	7	SimBa
tweet-sno-1233	QO	vclaim-sno-the-blind-date	1	7	SimBa
tweet-sno-1234	QO	vclaim-sno-trump-georgia-runoff	1	5	SimBa
tweet-sno-1234	QO	vclaim-sno-two-women-save-electoral-votes	1	5	SimBa
tweet-sno-1234	QO	vclaim-sno-pence-escorted	1	5	SimBa
tweet-sno-1234	QO	vclaim-sno-tomi-lahren-biden-supporters-loot	1	4	SimBa
tweet-sno-1234	QO	vclaim-sno-paypal-twitter-jar-address	1	4	SimBa
tweet-sno-1235	QO	vclaim-sno-two-women-save-electoral-votes	1	5	SimBa
tweet-sno-1235	QO	vclaim-sno-2020-census-representation	1	3	SimBa
tweet-sno-1235	QO	vclaim-sno-more-votes-than-voters-in-detroit	1	3	SimBa
tweet-sno-1235	QO	vclaim-sno-violence-against-women-act-vote	1	3	SimBa
tweet-sno-1235	QO	vclaim-sno-alley-oops	1	3	SimBa
tweet-sno-1236	QO	vclaim-sno-immigrants-stimulus-checks	1	5	SimBa
tweet-sno-1236	QO	vclaim-sno-rock-star-stomach-pump	1	5	SimBa
tweet-sno-1236	QO	vclaim-sno-us-millionaires-stimulus-checks	1	5	SimBa
tweet-sno-1236	QO	vclaim-sno-covid-19-found-in-toilet-paper	1	5	SimBa
tweet-sno-1236	QO	vclaim-sno-facebook-extreme-hackers-warning	1	5	SimBa
tweet-sno-1237	QO	vclaim-sno-muslim-woman-told-to-hang-herself-with-hijab-at-walmart	1	8	SimBa
tweet-sno-1237	QO	vclaim-sno-pelosi-seniors-social-security	1	6	SimBa
tweet-sno-1237	QO	vclaim-sno-jfk-plot-in-this-country-to-enslave	1	6	SimBa
tweet-sno-1237	QO	vclaim-sno-costco-founder-kill-hotdogs	1	6	SimBa
tweet-sno-1237	QO	vclaim-sno-kim-jong-un-sarah-sanders	1	6	SimBa
tweet-sno-1238	QO	vclaim-sno-newspaper-rioters-photo-antifa	1	3	SimBa
tweet-sno-1238	QO	vclaim-sno-teddy-stoddard	1	2	SimBa
tweet-sno-1238	QO	vclaim-sno-prepare-for-war-wisconsin	1	2	SimBa
tweet-sno-1238	QO	vclaim-sno-national-guard-capitol-riot	1	2	SimBa
tweet-sno-1238	QO	vclaim-sno-sandberg-facebook-capitol-riot	1	2	SimBa
tweet-sno-1239	QO	vclaim-sno-giuliani-rally-speech	1	6	SimBa
tweet-sno-1239	QO	vclaim-sno-tanya-mcdowell-felicity-huffman	1	5	SimBa
tweet-sno-1239	QO	vclaim-sno-does-restaurant-tattoo-guarantee-food	1	5	SimBa
tweet-sno-1239	QO	vclaim-sno-flag-nancy-pelosi	1	5	SimBa
tweet-sno-1239	QO	vclaim-sno-act-like-youve-been-there-before	1	4	SimBa
tweet-sno-1240	QO	vclaim-sno-national-guard-trump-mob	1	7	SimBa
tweet-sno-1240	QO	vclaim-sno-im-sorry-im-late-blm-sign	1	5	SimBa
tweet-sno-1240	QO	vclaim-sno-attempted-robbery-target-field	1	5	SimBa
tweet-sno-1240	QO	vclaim-sno-lincoln-memorial-defaced-protesters	1	5	SimBa
tweet-sno-1240	QO	vclaim-sno-nfl-donations-black-lives-matter	1	4	SimBa
tweet-sno-1241	QO	vclaim-sno-trump-threaten-federal-buildings	1	10	SimBa
tweet-sno-1241	QO	vclaim-sno-did-aoc-say-this-about-trump	1	5	SimBa
tweet-sno-1241	QO	vclaim-sno-trump-animal-cruelty	1	4	SimBa
tweet-sno-1241	QO	vclaim-sno-biden-120-years	1	4	SimBa
tweet-sno-1241	QO	vclaim-sno-imani-jennings-petition	1	4	SimBa
tweet-sno-1242	QO	vclaim-sno-twitter-shutting-down-in-2017	1	1	SimBa
tweet-sno-1242	QO	vclaim-sno-republican-dean-browning-gay	1	1	SimBa
tweet-sno-1242	QO	vclaim-sno-trump-twitter-search-loser	1	1	SimBa
tweet-sno-1242	QO	vclaim-sno-trump-twitter-john-barron-1946	1	1	SimBa
tweet-sno-1242	QO	vclaim-sno-el-paso-shooting-twitter	1	1	SimBa
tweet-sno-1243	QO	vclaim-sno-confederate-flag-capitol-dc	1	5	SimBa
tweet-sno-1243	QO	vclaim-sno-kevin-seefried-democrat-biden	1	4	SimBa
tweet-sno-1243	QO	vclaim-sno-dianne-feinstein-confederate-flag	1	4	SimBa
tweet-sno-1243	QO	vclaim-sno-trump-flag-american-flag-capitol	1	4	SimBa
tweet-sno-1243	QO	vclaim-sno-ice-doubt	1	3	SimBa
tweet-sno-1244	QO	vclaim-sno-flag-flap-2	1	3	SimBa
tweet-sno-1244	QO	vclaim-sno-banned-old-flag	1	3	SimBa
tweet-sno-1244	QO	vclaim-sno-confederate-flag-capitol-dc	1	3	SimBa
tweet-sno-1244	QO	vclaim-sno-dianne-feinstein-confederate-flag	1	3	SimBa
tweet-sno-1244	QO	vclaim-sno-mcconnell-greene-cancer-republican	1	2	SimBa
tweet-sno-1245	QO	vclaim-sno-trump-national-guard-troops-hotel	1	8	SimBa
tweet-sno-1245	QO	vclaim-sno-clinton-trump-putin-capitol	1	8	SimBa
tweet-sno-1245	QO	vclaim-sno-pence-trump-twitter-jan-6-riots	1	8	SimBa
tweet-sno-1245	QO	vclaim-sno-bannon-hell-capitol-attack	1	7	SimBa
tweet-sno-1245	QO	vclaim-sno-trump-pardoning-capitol-riot	1	7	SimBa
tweet-sno-1246	QO	vclaim-sno-police-flashbang-smoke-capitol	1	3	SimBa
tweet-sno-1246	QO	vclaim-sno-cross-erected-capitol-building	1	3	SimBa
tweet-sno-1246	QO	vclaim-sno-confederate-flag-capitol-dc	1	2	SimBa
tweet-sno-1246	QO	vclaim-sno-caravan-american-red-cross-tent	1	2	SimBa
tweet-sno-1246	QO	vclaim-sno-kevin-seefried-democrat-biden	1	2	SimBa
tweet-sno-1247	QO	vclaim-sno-clint-eastwood-quote-on-trump	1	3	SimBa
tweet-sno-1247	QO	vclaim-sno-donald-trump-lie-truth	1	3	SimBa
tweet-sno-1247	QO	vclaim-sno-share-the-safety-nra	1	3	SimBa
tweet-sno-1247	QO	vclaim-sno-robert-long-china-shooting	1	3	SimBa
tweet-sno-1247	QO	vclaim-sno-covid-5g-chip-diagram	1	3	SimBa
tweet-sno-1248	QO	vclaim-sno-alexandra-olenka-kuczma	1	3	SimBa
tweet-sno-1248	QO	vclaim-sno-kidney-transplant-social-share	1	3	SimBa
tweet-sno-1248	QO	vclaim-sno-border-wall-fence-trump-climb	1	3	SimBa
tweet-sno-1248	QO	vclaim-sno-ayatollah-khamenei-share-picture-reading-fire-fury	1	3	SimBa
tweet-sno-1248	QO	vclaim-sno-crystal-methodist-church-sign	1	3	SimBa
tweet-sno-1249	QO	vclaim-sno-rick-scott-critical-condition	1	3	SimBa
tweet-sno-1249	QO	vclaim-sno-disney-channel-north-korea	1	3	SimBa
tweet-sno-1249	QO	vclaim-sno-ballots-georgia-senate	1	3	SimBa
tweet-sno-1249	QO	vclaim-sno-cradle-of-clouds-photo	1	3	SimBa
tweet-sno-1249	QO	vclaim-sno-grand-jest-auto	1	3	SimBa
tweet-sno-1250	QO	vclaim-sno-trump-fail-to-denounce-qanon	1	6	SimBa
tweet-sno-1250	QO	vclaim-sno-pennsylvania-205000-votes	1	6	SimBa
tweet-sno-1250	QO	vclaim-sno-trump-pro-life-remarks	1	6	SimBa
tweet-sno-1250	QO	vclaim-sno-trump-us-troops-landed-ukraine	1	6	SimBa
tweet-sno-1250	QO	vclaim-sno-trump-taliban-pakistani-prison	1	6	SimBa
tweet-sno-1251	QO	vclaim-sno-floyd-county-georgia-votes	1	6	SimBa
tweet-sno-1251	QO	vclaim-sno-georgia-ballots-likely-ineligible	1	5	SimBa
tweet-sno-1251	QO	vclaim-sno-pennsylvania-205000-votes	1	5	SimBa
tweet-sno-1251	QO	vclaim-sno-georgia-black-voters-bus	1	4	SimBa
tweet-sno-1251	QO	vclaim-sno-sanders-voter-suppression-ny	1	4	SimBa
tweet-sno-1252	QO	vclaim-sno-facebook-ban-livestreamed-music	1	4	SimBa
tweet-sno-1252	QO	vclaim-sno-shark-prank	1	4	SimBa
tweet-sno-1252	QO	vclaim-sno-ps-and-qs	1	4	SimBa
tweet-sno-1252	QO	vclaim-sno-ben-shapiro-zip-ties-capitol	1	4	SimBa
tweet-sno-1252	QO	vclaim-sno-national-archives-us-constitution	1	4	SimBa
tweet-sno-1253	QO	vclaim-sno-trump-covid-19-deaths-hurt	1	6	SimBa
tweet-sno-1253	QO	vclaim-sno-say-no-to-et	1	5	SimBa
tweet-sno-1253	QO	vclaim-sno-did-joe-frazier-vote-pa	1	5	SimBa
tweet-sno-1253	QO	vclaim-sno-did-trump-praise-covid-19-vaccines	1	5	SimBa
tweet-sno-1253	QO	vclaim-sno-does-restaurant-tattoo-guarantee-food	1	5	SimBa
tweet-sno-1254	QO	vclaim-sno-swimming-pool-wonderful-life	1	4	SimBa
tweet-sno-1254	QO	vclaim-sno-student-suspended-pretending-transgender-locker-room	1	4	SimBa
tweet-sno-1254	QO	vclaim-sno-covington-catholic-black-paint	1	4	SimBa
tweet-sno-1254	QO	vclaim-sno-lancaster-high-school-beating	1	3	SimBa
tweet-sno-1254	QO	vclaim-sno-chris-williams-parkland	1	3	SimBa
tweet-sno-1255	QO	vclaim-sno-swimming-pool-wonderful-life	1	8	SimBa
tweet-sno-1255	QO	vclaim-sno-risque-prom-dress	1	6	SimBa
tweet-sno-1255	QO	vclaim-sno-brandon-high-school-mississippi	1	5	SimBa
tweet-sno-1255	QO	vclaim-sno-moore-accuser-yearbook	1	5	SimBa
tweet-sno-1255	QO	vclaim-sno-san-francisco-lincoln-blm	1	5	SimBa
tweet-sno-1256	QO	vclaim-sno-george-floyd-challenge	1	4	SimBa
tweet-sno-1256	QO	vclaim-sno-kfc-colonel-sanders-movie	1	4	SimBa
tweet-sno-1256	QO	vclaim-sno-popeyes-manager-chicken-cocaine	1	4	SimBa
tweet-sno-1256	QO	vclaim-sno-little-suck-a-thumb-german	1	4	SimBa
tweet-sno-1256	QO	vclaim-sno-among-us-chicken-nugget-sale	1	4	SimBa
tweet-sno-1257	QO	vclaim-sno-graham-buttigieg-repent	1	7	SimBa
tweet-sno-1257	QO	vclaim-sno-rush-limbaugh-marriage-children	1	5	SimBa
tweet-sno-1257	QO	vclaim-sno-kfc-dearborn-shariah-law	1	4	SimBa
tweet-sno-1257	QO	vclaim-sno-sheriffs-deputies-point-guns-teens	1	4	SimBa
tweet-sno-1257	QO	vclaim-sno-supreme-court-bible-oath	1	4	SimBa
tweet-sno-1258	QO	vclaim-sno-tom-brady-ppp	1	6	SimBa
tweet-sno-1258	QO	vclaim-sno-second-covid-stimulus-foreign-aid	1	4	SimBa
tweet-sno-1258	QO	vclaim-sno-joel-osteen-offered-5000-exchange-revealing-gods-plan	1	4	SimBa
tweet-sno-1258	QO	vclaim-sno-boebert-ppp-loan	1	4	SimBa
tweet-sno-1258	QO	vclaim-sno-osteen-coronavirus-loan	1	4	SimBa
tweet-sno-1259	QO	vclaim-sno-vatican-nativity	1	3	SimBa
tweet-sno-1259	QO	vclaim-sno-german-soap-opera-muslim	1	2	SimBa
tweet-sno-1259	QO	vclaim-sno-quacking-wise	1	2	SimBa
tweet-sno-1259	QO	vclaim-sno-james-earl-jones-star-wars-london-segregation	1	2	SimBa
tweet-sno-1259	QO	vclaim-sno-little-suck-a-thumb-german	1	2	SimBa
tweet-sno-1260	QO	vclaim-sno-cyberpunk-2077-refunds	1	5	SimBa
tweet-sno-1260	QO	vclaim-sno-keanu-reeves-live-life-fully-quote	1	4	SimBa
tweet-sno-1260	QO	vclaim-sno-stephen-moore-child-labor	1	4	SimBa
tweet-sno-1260	QO	vclaim-sno-fake-nurses	1	4	SimBa
tweet-sno-1260	QO	vclaim-sno-jfk-plot-in-this-country-to-enslave	1	4	SimBa
tweet-sno-1261	QO	vclaim-sno-cyberpunk-2077-refunds	1	7	SimBa
tweet-sno-1261	QO	vclaim-sno-jfk-plot-in-this-country-to-enslave	1	4	SimBa
tweet-sno-1261	QO	vclaim-sno-forced-vaccines-covid-19	1	4	SimBa
tweet-sno-1261	QO	vclaim-sno-signs-of-a-protest	1	4	SimBa
tweet-sno-1261	QO	vclaim-sno-eric-clapton-quote-about-prince	1	4	SimBa
tweet-sno-1262	QO	vclaim-sno-goya-ceo-praise-trump	1	4	SimBa
tweet-sno-1262	QO	vclaim-sno-obama-reporter-press-conference	1	3	SimBa
tweet-sno-1262	QO	vclaim-sno-kaepernick-wears-castro-t-shirt	1	3	SimBa
tweet-sno-1262	QO	vclaim-sno-marines-corps-rebuke-pelosi	1	3	SimBa
tweet-sno-1262	QO	vclaim-sno-trump-tiger-woods-speedy-recovery	1	3	SimBa
tweet-sno-1263	QO	vclaim-sno-george-h-w-bush-lynched-quote	1	5	SimBa
tweet-sno-1263	QO	vclaim-sno-rush-limbaugh-covid-common-cold	1	5	SimBa
tweet-sno-1263	QO	vclaim-sno-sarah-sanders-trump-tax-returns-obama-conspiracy-theories	1	5	SimBa
tweet-sno-1263	QO	vclaim-sno-pelosi-george-floyd-sacrificing	1	5	SimBa
tweet-sno-1263	QO	vclaim-sno-ocasio-cortez-gun-rights-quote	1	5	SimBa
tweet-sno-1264	QO	vclaim-sno-schitts-creek-motel-seattle	1	4	SimBa
tweet-sno-1264	QO	vclaim-sno-insane-cliff-house	1	3	SimBa
tweet-sno-1264	QO	vclaim-sno-macarthur-planets-war	1	3	SimBa
tweet-sno-1264	QO	vclaim-sno-mcenany-obama-hut-tweet	1	3	SimBa
tweet-sno-1264	QO	vclaim-sno-republican-dean-browning-gay	1	3	SimBa
tweet-sno-1265	QO	vclaim-sno-moira-rose-home-alone	1	10	SimBa
tweet-sno-1265	QO	vclaim-sno-schitts-creek-motel-seattle	1	9	SimBa
tweet-sno-1265	QO	vclaim-sno-lbj-convince-the-lowest-white-man	1	8	SimBa
tweet-sno-1265	QO	vclaim-sno-rosie-odonnell-period-blood	1	8	SimBa
tweet-sno-1265	QO	vclaim-sno-kamala-harris-guns-confiscation	1	8	SimBa
tweet-sno-1266	QO	vclaim-sno-popular-vote-totals-rigged	1	7	SimBa
tweet-sno-1266	QO	vclaim-sno-kanye-west-receive-60000-votes	1	6	SimBa
tweet-sno-1266	QO	vclaim-sno-biden-break-obamas-vote-record	1	6	SimBa
tweet-sno-1266	QO	vclaim-sno-fake-id-seized-chicago-fraud	1	5	SimBa
tweet-sno-1266	QO	vclaim-sno-audit-the-vote	1	5	SimBa
tweet-sno-1267	QO	vclaim-sno-the-north-face-refuse-jackets	1	6	SimBa
tweet-sno-1267	QO	vclaim-sno-oliver-north-warned-osama	1	3	SimBa
tweet-sno-1267	QO	vclaim-sno-troubled-waters	1	3	SimBa
tweet-sno-1267	QO	vclaim-sno-california-fires-drug-cartels-marijuana-farms	1	3	SimBa
tweet-sno-1267	QO	vclaim-sno-aoc-democrats-eliminate-oil-gas	1	3	SimBa
tweet-sno-1268	QO	vclaim-sno-alex-jones-biden-removed	1	10	SimBa
tweet-sno-1268	QO	vclaim-sno-militia-bidens-inauguration	1	7	SimBa
tweet-sno-1268	QO	vclaim-sno-biden-indian-americans	1	6	SimBa
tweet-sno-1268	QO	vclaim-sno-tesla-cell-phones-1926	1	6	SimBa
tweet-sno-1268	QO	vclaim-sno-jlo-spanish-inauguration	1	6	SimBa
tweet-sno-1269	QO	vclaim-sno-allstate-island-real	1	3	SimBa
tweet-sno-1269	QO	vclaim-sno-fake-real-food-tests	1	2	SimBa
tweet-sno-1269	QO	vclaim-sno-lash-of-the-mohicans	1	2	SimBa
tweet-sno-1269	QO	vclaim-sno-trump-president-drafted	1	2	SimBa
tweet-sno-1269	QO	vclaim-sno-shark-bait	1	2	SimBa
tweet-sno-1270	QO	vclaim-sno-allstate-island-real	1	3	SimBa
tweet-sno-1270	QO	vclaim-sno-katie-flynn-car-crash	1	2	SimBa
tweet-sno-1270	QO	vclaim-sno-lash-of-the-mohicans	1	2	SimBa
tweet-sno-1270	QO	vclaim-sno-fake-real-food-tests	1	2	SimBa
tweet-sno-1270	QO	vclaim-sno-smoked-out	1	2	SimBa
tweet-sno-1271	QO	vclaim-sno-federal-holiday-christmas-eve	1	11	SimBa
tweet-sno-1271	QO	vclaim-sno-trump-checks-to-retirees	1	7	SimBa
tweet-sno-1271	QO	vclaim-sno-trump-restricting-welfare-for-deadbeats	1	7	SimBa
tweet-sno-1271	QO	vclaim-sno-trump-executive-order-biden	1	7	SimBa
tweet-sno-1271	QO	vclaim-sno-trump-pro-life-remarks	1	6	SimBa
tweet-sno-1272	QO	vclaim-sno-disney-sister-act-3	1	5	SimBa
tweet-sno-1272	QO	vclaim-sno-trump-tiger-woods-speedy-recovery	1	4	SimBa
tweet-sno-1272	QO	vclaim-sno-hr6666-remove-covid-patients-homes	1	3	SimBa
tweet-sno-1272	QO	vclaim-sno-pelosi-healthcare-pass-the-bill-to-see-what-is-in-it	1	3	SimBa
tweet-sno-1272	QO	vclaim-sno-average-minimum-wages-big-mac-prices	1	3	SimBa
tweet-sno-1273	QO	vclaim-sno-hocus-pocus-2	1	5	SimBa
tweet-sno-1273	QO	vclaim-sno-beetlejuice-2-coming-soon	1	5	SimBa
tweet-sno-1273	QO	vclaim-sno-when-is-hocus-pocus-2-coming-out	1	4	SimBa
tweet-sno-1273	QO	vclaim-sno-eu-jewish-products-labels	1	3	SimBa
tweet-sno-1273	QO	vclaim-sno-behead-of-the-family	1	3	SimBa
tweet-sno-1274	QO	vclaim-sno-white-front	1	4	SimBa
tweet-sno-1274	QO	vclaim-sno-u-s-senate-candidate-missouri-womans-rights	1	4	SimBa
tweet-sno-1274	QO	vclaim-sno-karl-rove-biden-inauguration	1	4	SimBa
tweet-sno-1274	QO	vclaim-sno-white-house-trump-accomplishments	1	4	SimBa
tweet-sno-1274	QO	vclaim-sno-muslim-waitress-refuse-seat-church-group	1	4	SimBa
tweet-sno-1275	QO	vclaim-sno-costco-rotisserie-chicken-cheap	1	18	SimBa
tweet-sno-1275	QO	vclaim-sno-congress-use-slush-fund-pay-17-million-women-sexually-harassed	1	4	SimBa
tweet-sno-1275	QO	vclaim-sno-drug-law-lobbying-by-corrections-corporation-of-america	1	4	SimBa
tweet-sno-1275	QO	vclaim-sno-cnn-covington-settlement	1	4	SimBa
tweet-sno-1275	QO	vclaim-sno-adam-schiff-witnesses-testify	1	4	SimBa
tweet-sno-1276	QO	vclaim-sno-ia-fl-oh-election-loss	1	8	SimBa
tweet-sno-1276	QO	vclaim-sno-won-both-ohio-florida-lost	1	6	SimBa
tweet-sno-1276	QO	vclaim-sno-biden-promise-fewer-fires-floods	1	5	SimBa
tweet-sno-1276	QO	vclaim-sno-jorgensen-40k	1	5	SimBa
tweet-sno-1276	QO	vclaim-sno-kamala-harris-protests	1	5	SimBa
tweet-sno-1277	QO	vclaim-sno-apartment-radiator-pandemic-spread	1	8	SimBa
tweet-sno-1277	QO	vclaim-sno-wall-street-border-wall	1	4	SimBa
tweet-sno-1277	QO	vclaim-sno-niv-removed-bible-verses	1	3	SimBa
tweet-sno-1277	QO	vclaim-sno-malia-obama-fired-internship	1	3	SimBa
tweet-sno-1277	QO	vclaim-sno-trump-admin-seizing-ppe	1	3	SimBa
tweet-sno-1278	QO	vclaim-sno-noodles-freeze-cold-weather	1	3	SimBa
tweet-sno-1278	QO	vclaim-sno-swimming-pool-wonderful-life	1	2	SimBa
tweet-sno-1278	QO	vclaim-sno-shes-in-the-attic	1	2	SimBa
tweet-sno-1278	QO	vclaim-sno-dennys-waitress-assaulted-by-muslims	1	2	SimBa
tweet-sno-1278	QO	vclaim-sno-mcenany-obama-hut-tweet	1	2	SimBa
tweet-sno-1279	QO	vclaim-sno-gohmert-tooth-fall-out	1	6	SimBa
tweet-sno-1279	QO	vclaim-sno-goya-ceo-praise-trump	1	4	SimBa
tweet-sno-1279	QO	vclaim-sno-car-balk	1	3	SimBa
tweet-sno-1279	QO	vclaim-sno-with-sixpence-you-get-eggroll-on-your-face	1	3	SimBa
tweet-sno-1279	QO	vclaim-sno-trump-white-nationalists-us-press-conference	1	3	SimBa
tweet-sno-1280	QO	vclaim-sno-biden-harris-disease-disagreed	1	22	SimBa
tweet-sno-1280	QO	vclaim-sno-mitch-mcconnell-one-of-my-proudest-moments	1	8	SimBa
tweet-sno-1280	QO	vclaim-sno-joe-hoe-kamala-harris-billboard	1	8	SimBa
tweet-sno-1280	QO	vclaim-sno-biden-muslim-ad	1	7	SimBa
tweet-sno-1280	QO	vclaim-sno-biden-say-president-harris	1	7	SimBa
tweet-sno-1281	QO	vclaim-sno-indiana-jones-saxophone	1	4	SimBa
tweet-sno-1281	QO	vclaim-sno-harrison-ford-trump-han-solo	1	3	SimBa
tweet-sno-1281	QO	vclaim-sno-chemotherapy-doctor-blows-the-whistle	1	3	SimBa
tweet-sno-1281	QO	vclaim-sno-indiana-abortion-reporting	1	3	SimBa
tweet-sno-1281	QO	vclaim-sno-eeyore-indiana-jones-adventure	1	3	SimBa
tweet-sno-1282	QO	vclaim-sno-indiana-jones-saxophone	1	5	SimBa
tweet-sno-1282	QO	vclaim-sno-harrison-ford-trump-han-solo	1	3	SimBa
tweet-sno-1282	QO	vclaim-sno-eeyore-indiana-jones-adventure	1	3	SimBa
tweet-sno-1282	QO	vclaim-sno-north-korea-americans-live-today	1	2	SimBa
tweet-sno-1282	QO	vclaim-sno-christianity-today-george-soros	1	2	SimBa
tweet-sno-1283	QO	vclaim-sno-indiana-jones-saxophone	1	5	SimBa
tweet-sno-1283	QO	vclaim-sno-alexandra-olenka-kuczma	1	3	SimBa
tweet-sno-1283	QO	vclaim-sno-eeyore-indiana-jones-adventure	1	3	SimBa
tweet-sno-1283	QO	vclaim-sno-indiana-abortion-reporting	1	3	SimBa
tweet-sno-1283	QO	vclaim-sno-lebanon-mo-walmart-cell-phone-rumor	1	3	SimBa
tweet-sno-1284	QO	vclaim-sno-indiana-jones-saxophone	1	7	SimBa
tweet-sno-1284	QO	vclaim-sno-harrison-ford-trump-han-solo	1	6	SimBa
tweet-sno-1284	QO	vclaim-sno-eeyore-indiana-jones-adventure	1	4	SimBa
tweet-sno-1284	QO	vclaim-sno-trump-twitter-john-barron-1946	1	4	SimBa
tweet-sno-1284	QO	vclaim-sno-george-zimmerman-found-dead	1	3	SimBa
tweet-sno-1285	QO	vclaim-sno-florida-rebekah-jones-raid	1	5	SimBa
tweet-sno-1285	QO	vclaim-sno-seattle-police-confiscate-mans-guns-without-warrant	1	5	SimBa
tweet-sno-1285	QO	vclaim-sno-gun-show-deaths-injuries	1	4	SimBa
tweet-sno-1285	QO	vclaim-sno-obama-refuse-white-house-blue	1	4	SimBa
tweet-sno-1285	QO	vclaim-sno-nancy-pelosi-daughters-cocaine	1	4	SimBa
tweet-sno-1286	QO	vclaim-sno-nasa-sally-ride-100-tampons	1	10	SimBa
tweet-sno-1286	QO	vclaim-sno-nasa-hillary-clinton-astronaut	1	6	SimBa
tweet-sno-1286	QO	vclaim-sno-john-podesta-discussed-alien-technology-with-former-nasa-astronaut	1	5	SimBa
tweet-sno-1286	QO	vclaim-sno-columbus-ships-names	1	5	SimBa
tweet-sno-1286	QO	vclaim-sno-the-write-stuff	1	5	SimBa
tweet-sno-1287	QO	vclaim-sno-biden-harris-disease-disagreed	1	7	SimBa
tweet-sno-1287	QO	vclaim-sno-fda-packaging-change	1	6	SimBa
tweet-sno-1287	QO	vclaim-sno-churchill-what-people-think	1	6	SimBa
tweet-sno-1287	QO	vclaim-sno-trump-tiger-woods-speedy-recovery	1	6	SimBa
tweet-sno-1287	QO	vclaim-sno-the-blind-date	1	6	SimBa
tweet-sno-1288	QO	vclaim-sno-my-pleasure-chick-fil-a	1	7	SimBa
tweet-sno-1288	QO	vclaim-sno-porsche-remorse	1	5	SimBa
tweet-sno-1288	QO	vclaim-sno-biden-executive-order-dictator	1	4	SimBa
tweet-sno-1288	QO	vclaim-sno-kirstie-alley-stephen-hawking	1	4	SimBa
tweet-sno-1288	QO	vclaim-sno-carmex-addiction	1	4	SimBa
tweet-sno-1289	QO	vclaim-sno-my-pleasure-chick-fil-a	1	5	SimBa
tweet-sno-1289	QO	vclaim-sno-facebook-cold-stone-pregnancy-discount	1	3	SimBa
tweet-sno-1289	QO	vclaim-sno-ice-cream-registration-notice	1	3	SimBa
tweet-sno-1289	QO	vclaim-sno-free-cone-day	1	3	SimBa
tweet-sno-1289	QO	vclaim-sno-grape-ice-cream	1	2	SimBa
tweet-sno-1290	QO	vclaim-sno-my-pleasure-chick-fil-a	1	7	SimBa
tweet-sno-1290	QO	vclaim-sno-vote-for-trump-or-else	1	4	SimBa
tweet-sno-1290	QO	vclaim-sno-personnel-best	1	4	SimBa
tweet-sno-1290	QO	vclaim-sno-fda-packaging-change	1	4	SimBa
tweet-sno-1290	QO	vclaim-sno-hands-up-don39t-scoop	1	4	SimBa
tweet-sno-1291	QO	vclaim-sno-obama-was-going-to-castros-funeral-until-trump-told-him-this	1	8	SimBa
tweet-sno-1291	QO	vclaim-sno-biden-ossoff-warnock-checks-2000	1	8	SimBa
tweet-sno-1291	QO	vclaim-sno-dominion-peter-neffenger-biden	1	8	SimBa
tweet-sno-1291	QO	vclaim-sno-biden-transition-pentagon	1	7	SimBa
tweet-sno-1291	QO	vclaim-sno-joe-biden-hairy-legs-remark	1	7	SimBa
tweet-sno-1292	QO	vclaim-sno-matt-putz	1	6	SimBa
tweet-sno-1292	QO	vclaim-sno-paypal-twitter-jar-address	1	5	SimBa
tweet-sno-1292	QO	vclaim-sno-donald-j-trump-state-park	1	5	SimBa
tweet-sno-1292	QO	vclaim-sno-new-jersey-gun-confiscation	1	5	SimBa
tweet-sno-1292	QO	vclaim-sno-california-layoffs-covid	1	4	SimBa
tweet-sno-1293	QO	vclaim-sno-georgia-food-water-voters-line	1	2	SimBa
tweet-sno-1293	QO	vclaim-sno-fake-real-food-tests	1	2	SimBa
tweet-sno-1293	QO	vclaim-sno-christian-owned-airlines-change-wing-light-colors-to-celebrate-christmas	1	2	SimBa
tweet-sno-1293	QO	vclaim-sno-lol-surprise-dolls-water	1	2	SimBa
tweet-sno-1293	QO	vclaim-sno-michele-bachmann-mexican-food	1	1	SimBa
tweet-sno-1294	QO	vclaim-sno-drake-scented-candles	1	5	SimBa
tweet-sno-1294	QO	vclaim-sno-kfc-really-create-chicken-scented-candle	1	4	SimBa
tweet-sno-1294	QO	vclaim-sno-gwyneth-paltrow-vagina-candle	1	4	SimBa
tweet-sno-1294	QO	vclaim-sno-biden-taxes-400k	1	3	SimBa
tweet-sno-1294	QO	vclaim-sno-wegmans-facebook-coupon-scam	1	3	SimBa
tweet-sno-1295	QO	vclaim-sno-flash-player-no-longer-supported	1	3	SimBa
tweet-sno-1295	QO	vclaim-sno-biden-ossoff-warnock-checks-2000	1	2	SimBa
tweet-sno-1295	QO	vclaim-sno-hillary-clinton-noose	1	2	SimBa
tweet-sno-1295	QO	vclaim-sno-deadliest-days-usa-history	1	2	SimBa
tweet-sno-1295	QO	vclaim-sno-att-nashville-dominion-audit	1	2	SimBa
tweet-sno-1296	QO	vclaim-sno-flash-player-no-longer-supported	1	3	SimBa
tweet-sno-1296	QO	vclaim-sno-nyt-1924-hitler-tamed-by-prison	1	2	SimBa
tweet-sno-1296	QO	vclaim-sno-muslims-declare-december-24th-islamic-holiday	1	1	SimBa
tweet-sno-1296	QO	vclaim-sno-katrina-pierson-mccain-tweet	1	1	SimBa
tweet-sno-1296	QO	vclaim-sno-wells-fargo-ceo-coronavirus	1	1	SimBa
tweet-sno-1297	QO	vclaim-sno-flash-player-no-longer-supported	1	5	SimBa
tweet-sno-1297	QO	vclaim-sno-abortion-clinic-forceps-christmas	1	3	SimBa
tweet-sno-1297	QO	vclaim-sno-delete-google-chrome-trends	1	3	SimBa
tweet-sno-1297	QO	vclaim-sno-goya-ceo-praise-trump	1	3	SimBa
tweet-sno-1297	QO	vclaim-sno-second-covid-stimulus-foreign-aid	1	2	SimBa
tweet-sno-1298	QO	vclaim-sno-lockdown-protest-car-message	1	4	SimBa
tweet-sno-1298	QO	vclaim-sno-red-mask-blue-mask-covid	1	4	SimBa
tweet-sno-1298	QO	vclaim-sno-fauci-china-restrictions	1	3	SimBa
tweet-sno-1298	QO	vclaim-sno-declaration-of-non-dependents	1	3	SimBa
tweet-sno-1298	QO	vclaim-sno-nigerian-baby-born-with-message-of-christs-second-coming	1	3	SimBa
tweet-sno-1299	QO	vclaim-sno-hallmark-postcard-family-member-virus	1	3	SimBa
tweet-sno-1299	QO	vclaim-sno-fresno-and-tulare-serial-killer-warning	1	3	SimBa
tweet-sno-1299	QO	vclaim-sno-mountain-dew-contain-chemical-known-bvo	1	3	SimBa
tweet-sno-1299	QO	vclaim-sno-trump-weight-girther-leaked-documents	1	3	SimBa
tweet-sno-1299	QO	vclaim-sno-cnn-justine-damond	1	3	SimBa
tweet-sno-1300	QO	vclaim-sno-king-louis-xiv-fetish-birth	1	6	SimBa
tweet-sno-1300	QO	vclaim-sno-marines-corps-rebuke-pelosi	1	5	SimBa
tweet-sno-1300	QO	vclaim-sno-lords-name-in-bed	1	4	SimBa
tweet-sno-1300	QO	vclaim-sno-jenkem	1	4	SimBa
tweet-sno-1300	QO	vclaim-sno-joe-biden-pinch-girls-nipple	1	4	SimBa
tweet-sno-1301	QO	vclaim-sno-loser-lawn-trump-golf-course	1	4	SimBa
tweet-sno-1301	QO	vclaim-sno-trump-tulsa-rally-covid19-test	1	2	SimBa
tweet-sno-1301	QO	vclaim-sno-dead-person-voting-pennsylvania	1	2	SimBa
tweet-sno-1301	QO	vclaim-sno-trump-bloomberg-clinton-golf-photo	1	2	SimBa
tweet-sno-1301	QO	vclaim-sno-does-the-republican-tax-bill-include-a-loophole-benefitting-golf-course-owners	1	2	SimBa
tweet-sno-1302	QO	vclaim-sno-johns-hopkins-covid-deaths	1	12	SimBa
tweet-sno-1302	QO	vclaim-sno-antifa-flyer-trump-supporters	1	6	SimBa
tweet-sno-1302	QO	vclaim-sno-devos-schools-covid-19	1	6	SimBa
tweet-sno-1302	QO	vclaim-sno-trump-regeneron-stem-cells	1	6	SimBa
tweet-sno-1302	QO	vclaim-sno-did-aoc-say-this-about-trump	1	6	SimBa
tweet-sno-1303	QO	vclaim-sno-usps-slowing-mail-trump	1	5	SimBa
tweet-sno-1303	QO	vclaim-sno-kyle-rittenhouse-water-police	1	5	SimBa
tweet-sno-1303	QO	vclaim-sno-trump-mexicans-peachy-cool-arrow	1	5	SimBa
tweet-sno-1303	QO	vclaim-sno-nwllab-moh-bulletin-coronavirus	1	4	SimBa
tweet-sno-1303	QO	vclaim-sno-seattle-police-chief-letter	1	4	SimBa
tweet-sno-1304	QO	vclaim-sno-leonardo-dicaprio-disney-channel	1	3	SimBa
tweet-sno-1304	QO	vclaim-sno-moira-rose-home-alone	1	2	SimBa
tweet-sno-1304	QO	vclaim-sno-leonardo-dicaprio-woodstock-illinois	1	2	SimBa
tweet-sno-1304	QO	vclaim-sno-young-aunt-bee-pin-up	1	2	SimBa
tweet-sno-1304	QO	vclaim-sno-suicide-diary	1	2	SimBa
tweet-sno-1305	QO	vclaim-sno-bernie-sanders-fdr-and-contested-conventions	1	4	SimBa
tweet-sno-1305	QO	vclaim-sno-kaleb-shriners-hospitals-death	1	4	SimBa
tweet-sno-1305	QO	vclaim-sno-criminal-aliens-gang-members	1	3	SimBa
tweet-sno-1305	QO	vclaim-sno-does-donald-trump-own-a-stake-in-the-dakota-access-pipeline	1	3	SimBa
tweet-sno-1305	QO	vclaim-sno-trump-hotels-lease-violation-action-alert	1	3	SimBa
tweet-sno-1306	QO	vclaim-sno-devos-schools-covid-19	1	6	SimBa
tweet-sno-1306	QO	vclaim-sno-the-white-guy	1	6	SimBa
tweet-sno-1306	QO	vclaim-sno-marines-corps-rebuke-pelosi	1	6	SimBa
tweet-sno-1306	QO	vclaim-sno-notre-dame-barrett-nomination	1	5	SimBa
tweet-sno-1306	QO	vclaim-sno-the-old-man-and-the-c	1	5	SimBa
tweet-sno-1307	QO	vclaim-sno-george-h-w-bush-lynched-quote	1	4	SimBa
tweet-sno-1307	QO	vclaim-sno-stalin-vote-count-quote	1	4	SimBa
tweet-sno-1307	QO	vclaim-sno-more-votes-than-voters-in-detroit	1	4	SimBa
tweet-sno-1307	QO	vclaim-sno-highest-marks	1	4	SimBa
tweet-sno-1307	QO	vclaim-sno-changing-early-votes	1	4	SimBa
tweet-sno-1308	QO	vclaim-sno-trump-pardon-turkey-election	1	10	SimBa
tweet-sno-1308	QO	vclaim-sno-obama-refuse-white-house-blue	1	9	SimBa
tweet-sno-1308	QO	vclaim-sno-trump-bunker-putin-parody	1	8	SimBa
tweet-sno-1308	QO	vclaim-sno-tom-brady-election-white-house	1	8	SimBa
tweet-sno-1308	QO	vclaim-sno-trump-healthcare-lesley-stahl	1	8	SimBa
tweet-sno-1309	QO	vclaim-sno-trump-national-guard-troops-hotel	1	5	SimBa
tweet-sno-1309	QO	vclaim-sno-clinton-trump-putin-capitol	1	5	SimBa
tweet-sno-1309	QO	vclaim-sno-bernie-sanders-meme-charity	1	5	SimBa
tweet-sno-1309	QO	vclaim-sno-qanon-shaman-jake-angeli-testify	1	4	SimBa
tweet-sno-1309	QO	vclaim-sno-farmers-protest-india-flag	1	4	SimBa
tweet-sno-1310	QO	vclaim-sno-florida-air-force-robotic-dogs	1	6	SimBa
tweet-sno-1310	QO	vclaim-sno-wake-up-call	1	5	SimBa
tweet-sno-1310	QO	vclaim-sno-fatima-hemminger-air-force	1	4	SimBa
tweet-sno-1310	QO	vclaim-sno-biden-fake-air-force-one	1	4	SimBa
tweet-sno-1310	QO	vclaim-sno-melania-trump-bedroom	1	4	SimBa
tweet-sno-1311	QO	vclaim-sno-20000-dead-voters-in-pennsylvania	1	8	SimBa
tweet-sno-1311	QO	vclaim-sno-rush-compassion-welfare	1	6	SimBa
tweet-sno-1311	QO	vclaim-sno-more-votes-than-voters-in-detroit	1	6	SimBa
tweet-sno-1311	QO	vclaim-sno-militia-bidens-inauguration	1	6	SimBa
tweet-sno-1311	QO	vclaim-sno-biden-abolish-second-amendment	1	6	SimBa
tweet-sno-1312	QO	vclaim-sno-the-little-girl	1	3	SimBa
tweet-sno-1312	QO	vclaim-sno-christmas-tree-owl	1	3	SimBa
tweet-sno-1312	QO	vclaim-sno-worms-supposedly-found-in-little-debbie-oatmeal-pies	1	3	SimBa
tweet-sno-1312	QO	vclaim-sno-porn-filled-easter-eggs-florida	1	3	SimBa
tweet-sno-1312	QO	vclaim-sno-diaper-filled-with-ewww	1	3	SimBa
tweet-sno-1313	QO	vclaim-sno-biden-break-obamas-vote-record	1	5	SimBa
tweet-sno-1313	QO	vclaim-sno-wisconsin-vote-dump	1	5	SimBa
tweet-sno-1313	QO	vclaim-sno-floyd-county-georgia-votes	1	5	SimBa
tweet-sno-1313	QO	vclaim-sno-trump-comet-meteor-shower-eclipse	1	4	SimBa
tweet-sno-1313	QO	vclaim-sno-did-kkk-taliban-endorse-trump	1	4	SimBa
tweet-sno-1314	QO	vclaim-sno-dominion-servers-germany-seized	1	5	SimBa
tweet-sno-1314	QO	vclaim-sno-could-trump-defy-popular-vote	1	4	SimBa
tweet-sno-1314	QO	vclaim-sno-trump-military-votes-florida	1	4	SimBa
tweet-sno-1314	QO	vclaim-sno-huge-crowd-at-trump-rally-in-panama-city-florida	1	3	SimBa
tweet-sno-1314	QO	vclaim-sno-sandra-bullock-trump-clinton	1	3	SimBa
tweet-sno-1315	QO	vclaim-sno-dominion-servers-germany-seized	1	4	SimBa
tweet-sno-1315	QO	vclaim-sno-kim-jong-un-reading-fire-fury	1	3	SimBa
tweet-sno-1315	QO	vclaim-sno-donald-trump-sanders-shirt	1	2	SimBa
tweet-sno-1315	QO	vclaim-sno-accused-russian-spy-mariia-butina-photographed-oval-office	1	2	SimBa
tweet-sno-1315	QO	vclaim-sno-german-village-fingerprint	1	2	SimBa
tweet-sno-1316	QO	vclaim-sno-marines-corps-rebuke-pelosi	1	6	SimBa
tweet-sno-1316	QO	vclaim-sno-cuomo-vaccine-bad-news-trump	1	6	SimBa
tweet-sno-1316	QO	vclaim-sno-trump-tiger-woods-speedy-recovery	1	5	SimBa
tweet-sno-1316	QO	vclaim-sno-proud-boys-name-aladdin-song	1	5	SimBa
tweet-sno-1316	QO	vclaim-sno-ayn-rand-quote	1	5	SimBa
tweet-sno-1317	QO	vclaim-sno-cornyn-votes-puerto-rico	1	10	SimBa
tweet-sno-1317	QO	vclaim-sno-floyd-county-georgia-votes	1	4	SimBa
tweet-sno-1317	QO	vclaim-sno-fake-id-seized-chicago-fraud	1	3	SimBa
tweet-sno-1317	QO	vclaim-sno-kanye-west-receive-60000-votes	1	3	SimBa
tweet-sno-1317	QO	vclaim-sno-trump-puerto-rico-golf-course	1	3	SimBa
tweet-sno-1318	QO	vclaim-sno-floyd-county-georgia-votes	1	8	SimBa
tweet-sno-1318	QO	vclaim-sno-obama-created-more-jobs-trump	1	5	SimBa
tweet-sno-1318	QO	vclaim-sno-fairfax-gave-biden-extra-votes	1	5	SimBa
tweet-sno-1318	QO	vclaim-sno-broward-county-fraud-voters-votes	1	5	SimBa
tweet-sno-1318	QO	vclaim-sno-georgia-food-water-voters-line	1	5	SimBa
tweet-sno-1319	QO	vclaim-sno-floyd-county-georgia-votes	1	12	SimBa
tweet-sno-1319	QO	vclaim-sno-did-kkk-taliban-endorse-trump	1	8	SimBa
tweet-sno-1319	QO	vclaim-sno-lin-wood-biden-dead-trump	1	8	SimBa
tweet-sno-1319	QO	vclaim-sno-marines-corps-rebuke-pelosi	1	8	SimBa
tweet-sno-1319	QO	vclaim-sno-tomi-lahren-biden-supporters-loot	1	7	SimBa
tweet-sno-1320	QO	vclaim-sno-biden-120million-deaths-covid19	1	5	SimBa
tweet-sno-1320	QO	vclaim-sno-militia-bidens-inauguration	1	5	SimBa
tweet-sno-1320	QO	vclaim-sno-biden-uncf-funding-copypasta	1	4	SimBa
tweet-sno-1320	QO	vclaim-sno-tom-brady-election-white-house	1	4	SimBa
tweet-sno-1320	QO	vclaim-sno-foreign-currency	1	4	SimBa
tweet-sno-1321	QO	vclaim-sno-newsmax-biden-pence	1	11	SimBa
tweet-sno-1321	QO	vclaim-sno-tom-brady-election-white-house	1	9	SimBa
tweet-sno-1321	QO	vclaim-sno-trump-president-drafted	1	8	SimBa
tweet-sno-1321	QO	vclaim-sno-trump-stimulus-package-election	1	8	SimBa
tweet-sno-1321	QO	vclaim-sno-ivanka-trump-alaska-win	1	7	SimBa
tweet-sno-1322	QO	vclaim-sno-newsmax-biden-pence	1	10	SimBa
tweet-sno-1322	QO	vclaim-sno-tom-brady-election-white-house	1	7	SimBa
tweet-sno-1322	QO	vclaim-sno-marines-corps-rebuke-pelosi	1	7	SimBa
tweet-sno-1322	QO	vclaim-sno-notre-dame-barrett-nomination	1	7	SimBa
tweet-sno-1322	QO	vclaim-sno-military-band-hit-the-road-jack	1	7	SimBa
tweet-sno-1323	QO	vclaim-sno-newsmax-biden-pence	1	13	SimBa
tweet-sno-1323	QO	vclaim-sno-trump-bunker-putin-parody	1	8	SimBa
tweet-sno-1323	QO	vclaim-sno-tom-brady-election-white-house	1	8	SimBa
tweet-sno-1323	QO	vclaim-sno-obama-refuse-white-house-blue	1	8	SimBa
tweet-sno-1323	QO	vclaim-sno-president-donald-trump-tweet-mothers-day-fathers	1	8	SimBa
tweet-sno-1324	QO	vclaim-sno-white-house-oval-pawffice-texas	1	7	SimBa
tweet-sno-1324	QO	vclaim-sno-floyd-county-georgia-votes	1	6	SimBa
tweet-sno-1324	QO	vclaim-sno-waco-david-chipman-photo	1	6	SimBa
tweet-sno-1324	QO	vclaim-sno-biden-trump-inauguration-crowd	1	6	SimBa
tweet-sno-1324	QO	vclaim-sno-democrats-nuclear-weapons	1	6	SimBa
tweet-sno-1325	QO	vclaim-sno-raising-canes-chicken-bankruptcy	1	3	SimBa
tweet-sno-1325	QO	vclaim-sno-dunkin-donuts-bankruptcy-prank	1	2	SimBa
tweet-sno-1325	QO	vclaim-sno-did-nfl-team-declare-bankruptcy-protests	1	2	SimBa
tweet-sno-1325	QO	vclaim-sno-nordstrom-chapter-11-baio-boycott	1	2	SimBa
tweet-sno-1325	QO	vclaim-sno-bill-clinton-files-divorce	1	1	SimBa
tweet-sno-1326	QO	vclaim-sno-trump-say-redo-4-more-years	1	3	SimBa
tweet-sno-1326	QO	vclaim-sno-trump-taliban-pakistani-prison	1	3	SimBa
tweet-sno-1326	QO	vclaim-sno-harvey-texas-insurance	1	3	SimBa
tweet-sno-1326	QO	vclaim-sno-7up-discontinued	1	3	SimBa
tweet-sno-1326	QO	vclaim-sno-tresemme-shampoo-lawsuit	1	3	SimBa
tweet-sno-1327	QO	vclaim-sno-capitol-riot-taser-death	1	2	SimBa
tweet-sno-1327	QO	vclaim-sno-clinton-mcgill-found-dead	1	2	SimBa
tweet-sno-1327	QO	vclaim-sno-lethal-indirection	1	2	SimBa
tweet-sno-1327	QO	vclaim-sno-john-amos-dead	1	2	SimBa
tweet-sno-1327	QO	vclaim-sno-debby-ryan-heart-attack	1	2	SimBa
tweet-sno-1328	QO	vclaim-sno-field-of-seeds	1	5	SimBa
tweet-sno-1328	QO	vclaim-sno-mothers-day-facebook-warning	1	4	SimBa
tweet-sno-1328	QO	vclaim-sno-the-costner-of-love	1	4	SimBa
tweet-sno-1328	QO	vclaim-sno-elon-musk-donald-trump-dumbass	1	4	SimBa
tweet-sno-1328	QO	vclaim-sno-donald-trumps-son-game-hunting-photos	1	4	SimBa
tweet-sno-1329	QO	vclaim-sno-jimmy-carter-helping-poor	1	2	SimBa
tweet-sno-1329	QO	vclaim-sno-john-hancock-and-bull-story	1	2	SimBa
tweet-sno-1329	QO	vclaim-sno-oprah-shout-your-abortion	1	2	SimBa
tweet-sno-1329	QO	vclaim-sno-pelosi-seniors-social-security	1	2	SimBa
tweet-sno-1329	QO	vclaim-sno-marines-corps-rebuke-pelosi	1	2	SimBa
tweet-sno-1330	QO	vclaim-sno-jay-baker-chyna-shirts	1	2	SimBa
tweet-sno-1330	QO	vclaim-sno-winston-churchill-on-the-arts	1	2	SimBa
tweet-sno-1330	QO	vclaim-sno-melania-christmas-recording	1	2	SimBa
tweet-sno-1330	QO	vclaim-sno-cone-of-silence	1	2	SimBa
tweet-sno-1330	QO	vclaim-sno-why-ask-why	1	2	SimBa
tweet-sno-1331	QO	vclaim-sno-ice-twitter-account-disappear	1	8	SimBa
tweet-sno-1331	QO	vclaim-sno-ice-citizens-academy-civilians	1	7	SimBa
tweet-sno-1331	QO	vclaim-sno-new-york-ice-agent-suicide-note	1	6	SimBa
tweet-sno-1331	QO	vclaim-sno-ice-detain-michigan-doctor-40-years-u-s	1	6	SimBa
tweet-sno-1331	QO	vclaim-sno-ice-hurl-pregnant-woman-border-wall	1	4	SimBa
tweet-sno-1332	QO	vclaim-sno-veterans-national-parks-lifetime	1	8	SimBa
tweet-sno-1332	QO	vclaim-sno-galapagos-military-air-base	1	5	SimBa
tweet-sno-1332	QO	vclaim-sno-military-trump-60-days	1	5	SimBa
tweet-sno-1332	QO	vclaim-sno-nascar-national-anthem	1	5	SimBa
tweet-sno-1332	QO	vclaim-sno-michael-jordan-senate-republican	1	5	SimBa
tweet-sno-1333	QO	vclaim-sno-covid-vaccine-funded-by-trump	1	8	SimBa
tweet-sno-1333	QO	vclaim-sno-cuomo-vaccine-bad-news-trump	1	6	SimBa
tweet-sno-1333	QO	vclaim-sno-cdc-report-majority-wore-masks	1	5	SimBa
tweet-sno-1333	QO	vclaim-sno-trump-tulsa-rally-covid19-test	1	5	SimBa
tweet-sno-1333	QO	vclaim-sno-bolsonaro-covid-vaccine-crocodiles	1	5	SimBa
tweet-sno-1334	QO	vclaim-sno-covid-vaccine-funded-by-trump	1	9	SimBa
tweet-sno-1334	QO	vclaim-sno-let-me-call-you-sweetheart	1	4	SimBa
tweet-sno-1334	QO	vclaim-sno-candi-cdebaca-tweet-coronavirus	1	4	SimBa
tweet-sno-1334	QO	vclaim-sno-west-virginia-guns-covid-vax	1	4	SimBa
tweet-sno-1334	QO	vclaim-sno-trump-fire-pandemic-team	1	4	SimBa
tweet-sno-1335	QO	vclaim-sno-biden-401k-tax	1	5	SimBa
tweet-sno-1335	QO	vclaim-sno-back-to-the-future-predictions	1	5	SimBa
tweet-sno-1335	QO	vclaim-sno-biden-antifa-courageous-americans	1	5	SimBa
tweet-sno-1335	QO	vclaim-sno-maga-demonstration-photo	1	4	SimBa
tweet-sno-1335	QO	vclaim-sno-rnc-video-biden-america	1	4	SimBa
tweet-sno-1336	QO	vclaim-sno-biden-major-dog-rescue-white-house	1	12	SimBa
tweet-sno-1336	QO	vclaim-sno-biden-dogs-kicked-out-white-house	1	11	SimBa
tweet-sno-1336	QO	vclaim-sno-biden-dog-major-indoguration	1	11	SimBa
tweet-sno-1336	QO	vclaim-sno-biden-team-statement-dog	1	10	SimBa
tweet-sno-1336	QO	vclaim-sno-marines-corps-rebuke-pelosi	1	7	SimBa
tweet-sno-1337	QO	vclaim-sno-trump-tulsa-rally-covid19-test	1	9	SimBa
tweet-sno-1337	QO	vclaim-sno-floyd-county-georgia-votes	1	7	SimBa
tweet-sno-1337	QO	vclaim-sno-pence-trump-coronavirus-test	1	7	SimBa
tweet-sno-1337	QO	vclaim-sno-timeline-trump-covid19-responses	1	7	SimBa
tweet-sno-1337	QO	vclaim-sno-trump-deflect-to-h1n1	1	7	SimBa
tweet-sno-1338	QO	vclaim-sno-bannon-fauci-wray-head-pikes	1	14	SimBa
tweet-sno-1338	QO	vclaim-sno-black-muslim-in-the-white-house	1	7	SimBa
tweet-sno-1338	QO	vclaim-sno-steve-bannon-predicts-obama	1	7	SimBa
tweet-sno-1338	QO	vclaim-sno-back-to-the-future-predictions	1	7	SimBa
tweet-sno-1338	QO	vclaim-sno-fauci-vaccine-experiment-beagles	1	7	SimBa
tweet-sno-1339	QO	vclaim-sno-biden-insulin-epipen	1	5	SimBa
tweet-sno-1339	QO	vclaim-sno-did-aoc-say-this-about-trump	1	5	SimBa
tweet-sno-1339	QO	vclaim-sno-gray-wolves-endangered-trump	1	5	SimBa
tweet-sno-1339	QO	vclaim-sno-trump-recount-battleground-states	1	5	SimBa
tweet-sno-1339	QO	vclaim-sno-bills-introduced-by-republicans	1	5	SimBa
tweet-sno-1340	QO	vclaim-sno-georgia-suitcases	1	5	SimBa
tweet-sno-1340	QO	vclaim-sno-anthony-bouchard-romeo-juliet	1	5	SimBa
tweet-sno-1340	QO	vclaim-sno-pa-worker-filling-ballots	1	5	SimBa
tweet-sno-1340	QO	vclaim-sno-erie-pennsylvania-trump-ballots	1	5	SimBa
tweet-sno-1340	QO	vclaim-sno-liar-in-hillary-clintons-name	1	5	SimBa
tweet-sno-1341	QO	vclaim-sno-stop-the-count-chant	1	7	SimBa
tweet-sno-1341	QO	vclaim-sno-bono-trump-destroy-america	1	4	SimBa
tweet-sno-1341	QO	vclaim-sno-liberals-hunt-conservatives-film	1	4	SimBa
tweet-sno-1341	QO	vclaim-sno-trump-peacefully-and-patriotically	1	4	SimBa
tweet-sno-1341	QO	vclaim-sno-trump-coronavirus-kill-body	1	4	SimBa
tweet-sno-1342	QO	vclaim-sno-trump-recount-battleground-states	1	8	SimBa
tweet-sno-1342	QO	vclaim-sno-covid-result-holiday-gatherings	1	4	SimBa
tweet-sno-1342	QO	vclaim-sno-poll-watchers-2020-election	1	4	SimBa
tweet-sno-1342	QO	vclaim-sno-where-is-god	1	4	SimBa
tweet-sno-1342	QO	vclaim-sno-did-aoc-say-this-about-trump	1	4	SimBa
tweet-sno-1343	QO	vclaim-sno-sharpie-trump-ballots-arizona	1	4	SimBa
tweet-sno-1343	QO	vclaim-sno-melania-christmas-recording	1	3	SimBa
tweet-sno-1343	QO	vclaim-sno-trump-bullies-boy-hat-easter	1	2	SimBa
tweet-sno-1343	QO	vclaim-sno-nancy-pelosi-voters-decide	1	2	SimBa
tweet-sno-1343	QO	vclaim-sno-usps-locking-mailboxes	1	2	SimBa
tweet-sno-1344	QO	vclaim-sno-sharpie-trump-ballots-arizona	1	8	SimBa
tweet-sno-1344	QO	vclaim-sno-donald-trump-primary-ballots	1	4	SimBa
tweet-sno-1344	QO	vclaim-sno-apple-emergency-broadcast-system	1	4	SimBa
tweet-sno-1344	QO	vclaim-sno-bernie-sanders-responds-to-critical-trump-tweet	1	3	SimBa
tweet-sno-1344	QO	vclaim-sno-fauci-trump-handling-covid	1	3	SimBa
tweet-sno-1345	QO	vclaim-sno-trump-tell-supporters-storm	1	7	SimBa
tweet-sno-1345	QO	vclaim-sno-marines-corps-rebuke-pelosi	1	6	SimBa
tweet-sno-1345	QO	vclaim-sno-sharpie-trump-ballots-arizona	1	6	SimBa
tweet-sno-1345	QO	vclaim-sno-biden-hat-trump-maga	1	5	SimBa
tweet-sno-1345	QO	vclaim-sno-rumor-alert-biden-michigan-votes	1	5	SimBa
tweet-sno-1346	QO	vclaim-sno-flesh-eating-bacteria-in-myrtle-beach	1	6	SimBa
tweet-sno-1346	QO	vclaim-sno-rnc-video-biden-america	1	5	SimBa
tweet-sno-1346	QO	vclaim-sno-paint-thinner-trisodium-phosphate-found-cereals	1	4	SimBa
tweet-sno-1346	QO	vclaim-sno-risque-prom-dress	1	4	SimBa
tweet-sno-1346	QO	vclaim-sno-tapioca-time-bomb	1	4	SimBa
tweet-sno-1347	QO	vclaim-sno-woman-births-octopus	1	6	SimBa
tweet-sno-1347	QO	vclaim-sno-72-hour-challenge	1	5	SimBa
tweet-sno-1347	QO	vclaim-sno-raz-simone-guns	1	5	SimBa
tweet-sno-1347	QO	vclaim-sno-the-blind-date	1	5	SimBa
tweet-sno-1347	QO	vclaim-sno-sucker-punch	1	5	SimBa
tweet-sno-1348	QO	vclaim-sno-biden-black-athletes-green-mile	1	9	SimBa
tweet-sno-1348	QO	vclaim-sno-biden-harris-disease-disagreed	1	7	SimBa
tweet-sno-1348	QO	vclaim-sno-eric-clapton-quote-about-prince	1	7	SimBa
tweet-sno-1348	QO	vclaim-sno-tom-brady-election-white-house	1	7	SimBa
tweet-sno-1348	QO	vclaim-sno-mark-twain-obituary-pleasure	1	6	SimBa
tweet-sno-1349	QO	vclaim-sno-kamala-harris-pearls-election-day	1	2	SimBa
tweet-sno-1349	QO	vclaim-sno-gatorade-and-comfort	1	2	SimBa
tweet-sno-1349	QO	vclaim-sno-trump-tiger-woods-speedy-recovery	1	2	SimBa
tweet-sno-1349	QO	vclaim-sno-come-alive	1	2	SimBa
tweet-sno-1349	QO	vclaim-sno-can-you-vote-online-with-a-hashtag	1	2	SimBa
tweet-sno-1350	QO	vclaim-sno-trump-mouth-musical-instrument	1	3	SimBa
tweet-sno-1350	QO	vclaim-sno-trump-tulsa-rally-covid19-test	1	3	SimBa
tweet-sno-1350	QO	vclaim-sno-white-house-trump-rally	1	3	SimBa
tweet-sno-1350	QO	vclaim-sno-hillary-clinton-noose	1	2	SimBa
tweet-sno-1350	QO	vclaim-sno-donald-trump-nazi-salute	1	2	SimBa
tweet-sno-1351	QO	vclaim-sno-scream-session-rape	1	3	SimBa
tweet-sno-1351	QO	vclaim-sno-bad-day-atlanta-shooting	1	2	SimBa
tweet-sno-1351	QO	vclaim-sno-the-hare-dryer	1	2	SimBa
tweet-sno-1351	QO	vclaim-sno-birthing-peoples-day	1	2	SimBa
tweet-sno-1351	QO	vclaim-sno-kirstie-alley-stephen-hawking	1	2	SimBa
tweet-sno-1352	QO	vclaim-sno-hunter-biden-flipped-fbi	1	8	SimBa
tweet-sno-1352	QO	vclaim-sno-jlo-spanish-inauguration	1	7	SimBa
tweet-sno-1352	QO	vclaim-sno-bar-owner-biden-ad	1	7	SimBa
tweet-sno-1352	QO	vclaim-sno-joe-biden-minnesota-tampa	1	7	SimBa
tweet-sno-1352	QO	vclaim-sno-bidens-win-lie-of-the-year	1	6	SimBa
tweet-sno-1353	QO	vclaim-sno-hunter-biden-flipped-fbi	1	6	SimBa
tweet-sno-1353	QO	vclaim-sno-fbi-agents-hunter-biden	1	4	SimBa
tweet-sno-1353	QO	vclaim-sno-caroline-biden-credit-card	1	3	SimBa
tweet-sno-1353	QO	vclaim-sno-fbi-50-states-armed-protest	1	3	SimBa
tweet-sno-1353	QO	vclaim-sno-bannon-fauci-wray-head-pikes	1	3	SimBa
tweet-sno-1354	QO	vclaim-sno-hunter-biden-flipped-fbi	1	3	SimBa
tweet-sno-1354	QO	vclaim-sno-joe-biden-ask-reporter-junkie	1	2	SimBa
tweet-sno-1354	QO	vclaim-sno-hunter-biden-dead-overdose-hoax	1	2	SimBa
tweet-sno-1354	QO	vclaim-sno-bidens-golfing-burisma-head	1	2	SimBa
tweet-sno-1354	QO	vclaim-sno-hunter-biden-malia-obama-cocaine	1	2	SimBa
tweet-sno-1355	QO	vclaim-sno-are-people-adopting-pit-bulls-euthanizing	1	1	SimBa
tweet-sno-1355	QO	vclaim-sno-trump-steal-kids-cancer-charity	1	1	SimBa
tweet-sno-1355	QO	vclaim-sno-bruce-springsteen-attacks-donald-trump-on-twitter	1	1	SimBa
tweet-sno-1355	QO	vclaim-sno-oprah-shout-your-abortion	1	1	SimBa
tweet-sno-1355	QO	vclaim-sno-blacklivesmatter	1	1	SimBa
tweet-sno-1356	QO	vclaim-sno-joe-biden-minnesota-tampa	1	2	SimBa
tweet-sno-1356	QO	vclaim-sno-hunter-biden-flipped-fbi	1	2	SimBa
tweet-sno-1356	QO	vclaim-sno-marines-corps-rebuke-pelosi	1	2	SimBa
tweet-sno-1356	QO	vclaim-sno-think-unpink	1	2	SimBa
tweet-sno-1356	QO	vclaim-sno-joe-biden-island	1	1	SimBa
tweet-sno-1357	QO	vclaim-sno-armed-trump-fans-biden-bus	1	7	SimBa
tweet-sno-1357	QO	vclaim-sno-trump-rally-chant	1	6	SimBa
tweet-sno-1357	QO	vclaim-sno-biden-trump-dregs-society	1	6	SimBa
tweet-sno-1357	QO	vclaim-sno-cbs-latinos-trump-biden	1	6	SimBa
tweet-sno-1357	QO	vclaim-sno-biden-antifa-courageous-americans	1	6	SimBa
tweet-sno-1358	QO	vclaim-sno-fbi-trump-biden-bus	1	7	SimBa
tweet-sno-1358	QO	vclaim-sno-san-antonio-border-wall	1	5	SimBa
tweet-sno-1358	QO	vclaim-sno-trump-2020-flags-china	1	5	SimBa
tweet-sno-1358	QO	vclaim-sno-diamond-silk-gop-convention	1	5	SimBa
tweet-sno-1358	QO	vclaim-sno-armed-trump-fans-biden-bus	1	5	SimBa
tweet-sno-1359	QO	vclaim-sno-fbi-trump-biden-bus	1	6	SimBa
tweet-sno-1359	QO	vclaim-sno-armed-trump-fans-biden-bus	1	6	SimBa
tweet-sno-1359	QO	vclaim-sno-trump-tiger-woods-speedy-recovery	1	5	SimBa
tweet-sno-1359	QO	vclaim-sno-military-band-hit-the-road-jack	1	5	SimBa
tweet-sno-1359	QO	vclaim-sno-trump-mob-capitol	1	5	SimBa
tweet-sno-1360	QO	vclaim-sno-fbi-trump-biden-bus	1	6	SimBa
tweet-sno-1360	QO	vclaim-sno-biden-trump-dregs-society	1	5	SimBa
tweet-sno-1360	QO	vclaim-sno-armed-trump-fans-biden-bus	1	5	SimBa
tweet-sno-1360	QO	vclaim-sno-cbs-latinos-trump-biden	1	5	SimBa
tweet-sno-1360	QO	vclaim-sno-trump-tell-supporters-storm	1	5	SimBa
tweet-sno-1361	QO	vclaim-sno-biden-abolish-second-amendment	1	4	SimBa
tweet-sno-1361	QO	vclaim-sno-biden-120million-deaths-covid19	1	3	SimBa
tweet-sno-1361	QO	vclaim-sno-militia-bidens-inauguration	1	3	SimBa
tweet-sno-1361	QO	vclaim-sno-biden-150-million-gun-deaths	1	3	SimBa
tweet-sno-1361	QO	vclaim-sno-dallas-jones-voter-fraud	1	3	SimBa
tweet-sno-1362	QO	vclaim-sno-sag-letter-president-trump	1	9	SimBa
tweet-sno-1362	QO	vclaim-sno-back-to-the-future-predictions	1	9	SimBa
tweet-sno-1362	QO	vclaim-sno-sean-connery-trump-golf-course	1	8	SimBa
tweet-sno-1362	QO	vclaim-sno-trump-fail-to-denounce-qanon	1	8	SimBa
tweet-sno-1362	QO	vclaim-sno-the-blind-date	1	7	SimBa
tweet-sno-1363	QO	vclaim-sno-taco-bell-mexican-pizza	1	2	SimBa
tweet-sno-1363	QO	vclaim-sno-eva-ramon-gallegos-hpv	1	2	SimBa
tweet-sno-1363	QO	vclaim-sno-immigrants-biden-shirts-let-us-in	1	1	SimBa
tweet-sno-1363	QO	vclaim-sno-why-ask-why	1	1	SimBa
tweet-sno-1363	QO	vclaim-sno-sarah-palin-nato-quote	1	1	SimBa
tweet-sno-1364	QO	vclaim-sno-trump-bullies-boy-hat-easter	1	2	SimBa
tweet-sno-1364	QO	vclaim-sno-are-rosaries-taken-immigrants-border	1	2	SimBa
tweet-sno-1364	QO	vclaim-sno-pizza-hut-free-pizza-anniversary-scam	1	2	SimBa
tweet-sno-1364	QO	vclaim-sno-george-floyd-challenge	1	2	SimBa
tweet-sno-1364	QO	vclaim-sno-taco-bell-mexican-pizza	1	2	SimBa
tweet-sno-1365	QO	vclaim-sno-blacklivesmatter	1	3	SimBa
tweet-sno-1365	QO	vclaim-sno-mush-vroom-pizza	1	2	SimBa
tweet-sno-1365	QO	vclaim-sno-drug-money	1	2	SimBa
tweet-sno-1365	QO	vclaim-sno-braked-ham	1	2	SimBa
tweet-sno-1365	QO	vclaim-sno-taco-blue-fray	1	2	SimBa
tweet-sno-1366	QO	vclaim-sno-taco-bell-mexican-pizza	1	4	SimBa
tweet-sno-1366	QO	vclaim-sno-taco-bell-closing-2020	1	2	SimBa
tweet-sno-1366	QO	vclaim-sno-taco-bell-major-changes	1	2	SimBa
tweet-sno-1366	QO	vclaim-sno-taco-bell-dog	1	2	SimBa
tweet-sno-1366	QO	vclaim-sno-taco-bell-closing	1	2	SimBa
tweet-sno-1367	QO	vclaim-sno-fake-real-food-tests	1	2	SimBa
tweet-sno-1367	QO	vclaim-sno-where-have-all-the-leaders-gone	1	2	SimBa
tweet-sno-1367	QO	vclaim-sno-taco-bell-mexican-pizza	1	2	SimBa
tweet-sno-1367	QO	vclaim-sno-eva-ramon-gallegos-hpv	1	2	SimBa
tweet-sno-1367	QO	vclaim-sno-pelosi-seniors-social-security	1	2	SimBa
tweet-sno-1368	QO	vclaim-sno-cheesecake-factory-closing-rumor	1	4	SimBa
tweet-sno-1368	QO	vclaim-sno-subway-pizza-hut-closing	1	3	SimBa
tweet-sno-1368	QO	vclaim-sno-jesus-statue-miraculously-opens-eyes	1	3	SimBa
tweet-sno-1368	QO	vclaim-sno-taco-bell-mexican-pizza	1	3	SimBa
tweet-sno-1368	QO	vclaim-sno-cheesecake-factory-gift-card	1	3	SimBa
tweet-sno-1369	QO	vclaim-sno-cheesecake-factory-closing-rumor	1	4	SimBa
tweet-sno-1369	QO	vclaim-sno-melania-trump-last-christmas	1	3	SimBa
tweet-sno-1369	QO	vclaim-sno-dead-person-voting-pennsylvania	1	3	SimBa
tweet-sno-1369	QO	vclaim-sno-abortion-clinic-forceps-christmas	1	3	SimBa
tweet-sno-1369	QO	vclaim-sno-student-donate-college-fund-bernie	1	3	SimBa
tweet-sno-1370	QO	vclaim-sno-white-house-trump-accomplishments	1	5	SimBa
tweet-sno-1370	QO	vclaim-sno-biden-hat-trump-maga	1	5	SimBa
tweet-sno-1370	QO	vclaim-sno-cesar-sayoc-obama-supporting-stripper	1	5	SimBa
tweet-sno-1370	QO	vclaim-sno-notre-dame-barrett-nomination	1	5	SimBa
tweet-sno-1370	QO	vclaim-sno-trump-mouth-musical-instrument	1	5	SimBa
tweet-sno-1371	QO	vclaim-sno-cheesecake-factory-closing-rumor	1	5	SimBa
tweet-sno-1371	QO	vclaim-sno-cheesecake-factory-gift-card	1	3	SimBa
tweet-sno-1371	QO	vclaim-sno-cheesecake-factory-receipt	1	3	SimBa
tweet-sno-1371	QO	vclaim-sno-facebook-closure	1	3	SimBa
tweet-sno-1371	QO	vclaim-sno-walgreens-closing-forever-2021	1	2	SimBa
tweet-sno-1372	QO	vclaim-sno-cheesecake-factory-closing-rumor	1	5	SimBa
tweet-sno-1372	QO	vclaim-sno-cheesecake-factory-gift-card	1	3	SimBa
tweet-sno-1372	QO	vclaim-sno-cheesecake-factory-receipt	1	3	SimBa
tweet-sno-1372	QO	vclaim-sno-facebook-closure	1	3	SimBa
tweet-sno-1372	QO	vclaim-sno-walgreens-closing-forever-2021	1	2	SimBa
tweet-sno-1373	QO	vclaim-sno-cheesecake-factory-closing-rumor	1	3	SimBa
tweet-sno-1373	QO	vclaim-sno-ted-cruz-texas-freezes-over	1	2	SimBa
tweet-sno-1373	QO	vclaim-sno-cheesecake-factory-gift-card	1	2	SimBa
tweet-sno-1373	QO	vclaim-sno-cheesecake-factory-receipt	1	2	SimBa
tweet-sno-1373	QO	vclaim-sno-dianne-feinstein	1	2	SimBa
tweet-sno-1374	QO	vclaim-sno-cheesecake-factory-closing-rumor	1	6	SimBa
tweet-sno-1374	QO	vclaim-sno-cheesecake-factory-gift-card	1	3	SimBa
tweet-sno-1374	QO	vclaim-sno-facebook-closure	1	3	SimBa
tweet-sno-1374	QO	vclaim-sno-anne-frank-good-news-quote	1	3	SimBa
tweet-sno-1374	QO	vclaim-sno-cheesecake-factory-receipt	1	3	SimBa
tweet-sno-1375	QO	vclaim-sno-cheesecake-factory-closing-rumor	1	4	SimBa
tweet-sno-1375	QO	vclaim-sno-cheesecake-factory-gift-card	1	2	SimBa
tweet-sno-1375	QO	vclaim-sno-cheesecake-factory-receipt	1	2	SimBa
tweet-sno-1375	QO	vclaim-sno-facebook-closure	1	2	SimBa
tweet-sno-1375	QO	vclaim-sno-muslim-family-day	1	1	SimBa
tweet-sno-1376	QO	vclaim-sno-barrett-nword-opinion	1	7	SimBa
tweet-sno-1376	QO	vclaim-sno-merriam-webster-barrett-sexual	1	7	SimBa
tweet-sno-1376	QO	vclaim-sno-amy-coney-barrett-breastfeeding	1	6	SimBa
tweet-sno-1376	QO	vclaim-sno-obama-gives-kill-order-for-bald-eagles	1	6	SimBa
tweet-sno-1376	QO	vclaim-sno-twitter-warning-trumps-tweet	1	5	SimBa
tweet-sno-1377	QO	vclaim-sno-marines-corps-rebuke-pelosi	1	6	SimBa
tweet-sno-1377	QO	vclaim-sno-grand-jest-auto	1	6	SimBa
tweet-sno-1377	QO	vclaim-sno-the-blind-date	1	6	SimBa
tweet-sno-1377	QO	vclaim-sno-let-the-unemployed-fight	1	6	SimBa
tweet-sno-1377	QO	vclaim-sno-kamala-harris-protests	1	6	SimBa
tweet-sno-1378	QO	vclaim-sno-trump-beto-crowds-el-paso-victims	1	4	SimBa
tweet-sno-1378	QO	vclaim-sno-listen-to-scientists	1	4	SimBa
tweet-sno-1378	QO	vclaim-sno-donald-trump-new-yorker	1	3	SimBa
tweet-sno-1378	QO	vclaim-sno-trump-governors-covid-19	1	3	SimBa
tweet-sno-1378	QO	vclaim-sno-stephanopoulos-trump-height	1	3	SimBa
tweet-sno-1379	QO	vclaim-sno-biden-immigrants-already-citizens	1	5	SimBa
tweet-sno-1379	QO	vclaim-sno-biden-bans-china-virus	1	4	SimBa
tweet-sno-1379	QO	vclaim-sno-dallas-jones-voter-fraud	1	4	SimBa
tweet-sno-1379	QO	vclaim-sno-marines-corps-rebuke-pelosi	1	4	SimBa
tweet-sno-1379	QO	vclaim-sno-tomi-lahren-biden-supporters-loot	1	4	SimBa
tweet-sno-1380	QO	vclaim-sno-biden-harris-crowd-face-mask	1	6	SimBa
tweet-sno-1380	QO	vclaim-sno-putin-gives-obama-ultimatum	1	6	SimBa
tweet-sno-1380	QO	vclaim-sno-trump-china-transparency	1	6	SimBa
tweet-sno-1380	QO	vclaim-sno-obama-wait-swine-flu-n1h1	1	6	SimBa
tweet-sno-1380	QO	vclaim-sno-trump-covid-19-deadlier-than-flu	1	6	SimBa
tweet-sno-1381	QO	vclaim-sno-merriam-webster-barrett-sexual	1	8	SimBa
tweet-sno-1381	QO	vclaim-sno-ps-and-qs	1	7	SimBa
tweet-sno-1381	QO	vclaim-sno-the-blind-date	1	7	SimBa
tweet-sno-1381	QO	vclaim-sno-irregardless-merriam-webster	1	6	SimBa
tweet-sno-1381	QO	vclaim-sno-schumer-erection-senate-floor	1	6	SimBa
tweet-sno-1382	QO	vclaim-sno-spicer-trump-ready-wwiii	1	5	SimBa
tweet-sno-1382	QO	vclaim-sno-did-germany-release-statement-denouncing-u-s	1	5	SimBa
tweet-sno-1382	QO	vclaim-sno-fake-real-food-tests	1	5	SimBa
tweet-sno-1382	QO	vclaim-sno-did-donald-trump-demand-immigrants-adapt-or-leave	1	5	SimBa
tweet-sno-1382	QO	vclaim-sno-trump-hannity-usps	1	5	SimBa
tweet-sno-1383	QO	vclaim-sno-mitch-mcconnells-hands	1	4	SimBa
tweet-sno-1383	QO	vclaim-sno-cocaine-mitch	1	3	SimBa
tweet-sno-1383	QO	vclaim-sno-mcconnell-support-trump-2024	1	3	SimBa
tweet-sno-1383	QO	vclaim-sno-daniel-cameron-mcconnell	1	3	SimBa
tweet-sno-1383	QO	vclaim-sno-mitch-mcconnell-one-of-my-proudest-moments	1	3	SimBa
tweet-sno-1384	QO	vclaim-sno-snoop-dogg-arrested-conspiracy	1	4	SimBa
tweet-sno-1384	QO	vclaim-sno-nurse-gop-convention-shooting	1	4	SimBa
tweet-sno-1384	QO	vclaim-sno-heaven-dissent	1	3	SimBa
tweet-sno-1384	QO	vclaim-sno-pelosi-illegal-immigration-quote	1	3	SimBa
tweet-sno-1384	QO	vclaim-sno-football-fan-flag-stand-national-anthem	1	3	SimBa
tweet-sno-1385	QO	vclaim-sno-jane-fonda-covid-gods-gift	1	10	SimBa
tweet-sno-1385	QO	vclaim-sno-jlo-spanish-inauguration	1	7	SimBa
tweet-sno-1385	QO	vclaim-sno-keystone-pipeline-biden	1	6	SimBa
tweet-sno-1385	QO	vclaim-sno-biden-transition-pentagon	1	6	SimBa
tweet-sno-1385	QO	vclaim-sno-dominion-peter-neffenger-biden	1	6	SimBa
tweet-sno-1386	QO	vclaim-sno-biden-ban-fracking	1	5	SimBa
tweet-sno-1386	QO	vclaim-sno-soros-harris-vice-president	1	5	SimBa
tweet-sno-1386	QO	vclaim-sno-harris-biden-blog-post	1	5	SimBa
tweet-sno-1386	QO	vclaim-sno-harris-believe-biden-accusers	1	5	SimBa
tweet-sno-1386	QO	vclaim-sno-joe-hoe-kamala-harris-billboard	1	5	SimBa
tweet-sno-1387	QO	vclaim-sno-jfk-plot-in-this-country-to-enslave	1	8	SimBa
tweet-sno-1387	QO	vclaim-sno-bills-introduced-by-republicans	1	7	SimBa
tweet-sno-1387	QO	vclaim-sno-mitch-mcconnell-one-of-my-proudest-moments	1	7	SimBa
tweet-sno-1387	QO	vclaim-sno-home-alone-world-trade-center	1	7	SimBa
tweet-sno-1387	QO	vclaim-sno-blm-deputies-compton	1	6	SimBa
tweet-sno-1388	QO	vclaim-sno-einstein-sound-and-light-waves	1	5	SimBa
tweet-sno-1388	QO	vclaim-sno-trump-stimulus-package-election	1	5	SimBa
tweet-sno-1388	QO	vclaim-sno-richard-rose-covid-face-mask	1	5	SimBa
tweet-sno-1388	QO	vclaim-sno-john-kasich-said-we-cant-entrust-abortion-decision-to-women	1	5	SimBa
tweet-sno-1388	QO	vclaim-sno-twitter-warning-trumps-tweet	1	5	SimBa
tweet-sno-1389	QO	vclaim-sno-trump-sign-hollywood-los-angeles	1	5	SimBa
tweet-sno-1389	QO	vclaim-sno-trump-christ-billboard-st-louis	1	4	SimBa
tweet-sno-1389	QO	vclaim-sno-maryland-billboard-guns-trump-impeachment	1	4	SimBa
tweet-sno-1389	QO	vclaim-sno-pedophile-poster-oregon	1	4	SimBa
tweet-sno-1389	QO	vclaim-sno-simpsons-predicted-trump-budget	1	3	SimBa
tweet-sno-1390	QO	vclaim-sno-kamala-harris-protests	1	14	SimBa
tweet-sno-1390	QO	vclaim-sno-adam-toledo-chicago-tribune	1	7	SimBa
tweet-sno-1390	QO	vclaim-sno-dia-de-los-muertos-remembrance	1	7	SimBa
tweet-sno-1390	QO	vclaim-sno-back-to-the-future-predictions	1	7	SimBa
tweet-sno-1390	QO	vclaim-sno-churchill-what-people-think	1	7	SimBa
tweet-sno-1391	QO	vclaim-sno-biden-trump-dregs-society	1	10	SimBa
tweet-sno-1391	QO	vclaim-sno-biden-trump-xenophobic	1	7	SimBa
tweet-sno-1391	QO	vclaim-sno-jim-jordan-911-tweet	1	6	SimBa
tweet-sno-1391	QO	vclaim-sno-biden-doocy-stupid-bitch	1	6	SimBa
tweet-sno-1391	QO	vclaim-sno-biden-dogs-trump-chew-toy	1	6	SimBa
tweet-sno-1392	QO	vclaim-sno-biden-pandemic-black-women-grocery	1	6	SimBa
tweet-sno-1392	QO	vclaim-sno-biden-harris-disease-disagreed	1	3	SimBa
tweet-sno-1392	QO	vclaim-sno-cannabis-poisoning-death	1	3	SimBa
tweet-sno-1392	QO	vclaim-sno-the-biscuit-bullet	1	3	SimBa
tweet-sno-1392	QO	vclaim-sno-ann-coulter	1	3	SimBa
tweet-sno-1393	QO	vclaim-sno-clinton-mccabe-donation	1	10	SimBa
tweet-sno-1393	QO	vclaim-sno-spooked-clinton-campaign-manager-deleted-tweets	1	5	SimBa
tweet-sno-1393	QO	vclaim-sno-vince-foster-avoid-testifying	1	4	SimBa
tweet-sno-1393	QO	vclaim-sno-hillary-clinton-smash-phone-hammer	1	4	SimBa
tweet-sno-1393	QO	vclaim-sno-kkk-endorses-hillary-clinton	1	4	SimBa
tweet-sno-1394	QO	vclaim-sno-candi-cdebaca-tweet-coronavirus	1	4	SimBa
tweet-sno-1394	QO	vclaim-sno-dominos-noid-mascot-hostages	1	4	SimBa
tweet-sno-1394	QO	vclaim-sno-little-suck-a-thumb-german	1	4	SimBa
tweet-sno-1394	QO	vclaim-sno-gay-men-proud-boys-hashtag	1	4	SimBa
tweet-sno-1394	QO	vclaim-sno-death-penalty-abortion-texas	1	4	SimBa
tweet-sno-1395	QO	vclaim-sno-gay-men-proud-boys-hashtag	1	8	SimBa
tweet-sno-1395	QO	vclaim-sno-can-you-vote-online-with-a-hashtag	1	6	SimBa
tweet-sno-1395	QO	vclaim-sno-microsoft-patent-chatbot-dead	1	6	SimBa
tweet-sno-1395	QO	vclaim-sno-lynched-oklahoma-media	1	6	SimBa
tweet-sno-1395	QO	vclaim-sno-blm-gasoline-fire	1	6	SimBa
tweet-sno-1396	QO	vclaim-sno-trump-obama-salary-donations	1	5	SimBa
tweet-sno-1396	QO	vclaim-sno-obama-flags-houston-reagan	1	5	SimBa
tweet-sno-1396	QO	vclaim-sno-joe-jill-biden-booed-super-bowl	1	5	SimBa
tweet-sno-1396	QO	vclaim-sno-biden-dogs-kicked-out-white-house	1	5	SimBa
tweet-sno-1396	QO	vclaim-sno-trump-michelle-obama-11-billion	1	5	SimBa
tweet-sno-1397	QO	vclaim-sno-carjack-and-jilted	1	5	SimBa
tweet-sno-1397	QO	vclaim-sno-strung-beads	1	5	SimBa
tweet-sno-1397	QO	vclaim-sno-did-aoc-say-this-about-trump	1	5	SimBa
tweet-sno-1397	QO	vclaim-sno-grand-jest-auto	1	5	SimBa
tweet-sno-1397	QO	vclaim-sno-kirstie-alley-stephen-hawking	1	4	SimBa
tweet-sno-1398	QO	vclaim-sno-amy-coney-barrett-rhodes-scholar	1	6	SimBa
tweet-sno-1398	QO	vclaim-sno-amy-coney-barrett	1	4	SimBa
tweet-sno-1398	QO	vclaim-sno-amy-coney-barrett-women-property	1	4	SimBa
tweet-sno-1398	QO	vclaim-sno-trump-barrett-looks-nominated	1	4	SimBa
tweet-sno-1398	QO	vclaim-sno-democrats-masks-barrett-hearing	1	4	SimBa
tweet-sno-1399	QO	vclaim-sno-karl-rove-biden-inauguration	1	5	SimBa
tweet-sno-1399	QO	vclaim-sno-covid-nyc-tokyo	1	4	SimBa
tweet-sno-1399	QO	vclaim-sno-ginsburg-wish-replaced-trump	1	4	SimBa
tweet-sno-1399	QO	vclaim-sno-911-wwii-memorial-vandalized	1	4	SimBa
tweet-sno-1399	QO	vclaim-sno-joe-biden-ask-reporter-junkie	1	4	SimBa
tweet-sno-1400	QO	vclaim-sno-trump-condemn-white-supremacists	1	4	SimBa
tweet-sno-1400	QO	vclaim-sno-mcenany-obama-hut-tweet	1	4	SimBa
tweet-sno-1400	QO	vclaim-sno-daunte-wright-ben-jerrys	1	3	SimBa
tweet-sno-1400	QO	vclaim-sno-cpac-stage-nazi-symbol	1	3	SimBa
tweet-sno-1400	QO	vclaim-sno-education-oregon	1	3	SimBa
tweet-sno-1401	QO	vclaim-sno-wells-fargo-ceo-coronavirus	1	6	SimBa
tweet-sno-1401	QO	vclaim-sno-trump-back-to-africa	1	6	SimBa
tweet-sno-1401	QO	vclaim-sno-trump-tiger-woods-speedy-recovery	1	5	SimBa
tweet-sno-1401	QO	vclaim-sno-biden-harris-disease-disagreed	1	5	SimBa
tweet-sno-1401	QO	vclaim-sno-marines-corps-rebuke-pelosi	1	5	SimBa
