tweet-sno-1200	QO	vclaim-sno-lady-gaga-ex-boyfriend-quote	1	40.0	SimBa
tweet-sno-1200	QO	vclaim-sno-joel-osteen-lady-gaga-event	1	40.0	SimBa
tweet-sno-1200	QO	vclaim-sno-lady-gaga-oreo	1	40.0	SimBa
tweet-sno-1200	QO	vclaim-sno-the-not-so-sweet-smell-of-success	1	30.76923076923077	SimBa
tweet-sno-1200	QO	vclaim-sno-lady-gaga	1	30.76923076923077	SimBa
tweet-sno-1201	QO	vclaim-sno-mcconnell-biden-putin	1	31.25	SimBa
tweet-sno-1201	QO	vclaim-sno-mitch-mcconnell-blocked-investigating-russian-hacks	1	30.76923076923077	SimBa
tweet-sno-1201	QO	vclaim-sno-mitch-mcconnells-hands	1	27.272727272727273	SimBa
tweet-sno-1201	QO	vclaim-sno-biden-or-trump-female-press-team	1	27.272727272727273	SimBa
tweet-sno-1201	QO	vclaim-sno-mitch-mcconnell-debate-female	1	26.08695652173913	SimBa
tweet-sno-1202	QO	vclaim-sno-biden-executive-order-dictator	1	66.66666666666667	SimBa
tweet-sno-1202	QO	vclaim-sno-biden-violate-mask-mandate	1	47.61904761904762	SimBa
tweet-sno-1202	QO	vclaim-sno-biden-bans-china-virus	1	47.61904761904762	SimBa
tweet-sno-1202	QO	vclaim-sno-biden-abortion-exec-order	1	45.45454545454546	SimBa
tweet-sno-1202	QO	vclaim-sno-elderly-gun-ban	1	37.5	SimBa
tweet-sno-1203	QO	vclaim-sno-finial-duty	1	37.5	SimBa
tweet-sno-1203	QO	vclaim-sno-farmers-protest-india-flag	1	37.03703703703704	SimBa
tweet-sno-1203	QO	vclaim-sno-rioters-capitol-flagpole	1	25.0	SimBa
tweet-sno-1203	QO	vclaim-sno-1-mcdonald39s-any-size-fries	1	0.0	SimBa
tweet-sno-1203	QO	vclaim-sno-pandora-black-lives-matter-protest	1	0.0	SimBa
tweet-sno-1204	QO	vclaim-sno-elderly-gun-ban	1	100.0	SimBa
tweet-sno-1204	QO	vclaim-sno-biden-bans-china-virus	1	90.90909090909092	SimBa
tweet-sno-1204	QO	vclaim-sno-biden-violate-mask-mandate	1	90.90909090909092	SimBa
tweet-sno-1204	QO	vclaim-sno-biden-abortion-exec-order	1	83.33333333333334	SimBa
tweet-sno-1204	QO	vclaim-sno-biden-signing-blank-papers	1	66.66666666666667	SimBa
tweet-sno-1205	QO	vclaim-sno-trump-intelligence-quote	1	150.0	SimBa
tweet-sno-1205	QO	vclaim-sno-balloon-breasted-trump	1	150.0	SimBa
tweet-sno-1205	QO	vclaim-sno-trump-disgrace-world-girl	1	150.0	SimBa
tweet-sno-1205	QO	vclaim-sno-trump-unflattering-image	1	150.0	SimBa
tweet-sno-1205	QO	vclaim-sno-trump-touch-orb-saudi-arabia	1	120.0	SimBa
tweet-sno-1206	QO	vclaim-sno-was-trump-best-worst-president-time	1	85.71428571428572	SimBa
tweet-sno-1206	QO	vclaim-sno-did-trump-alter-the-constitution	1	85.71428571428572	SimBa
tweet-sno-1206	QO	vclaim-sno-did-trump-scare-schoolchildren	1	85.71428571428572	SimBa
tweet-sno-1206	QO	vclaim-sno-faith-is-more-powerful-than-government	1	85.71428571428572	SimBa
tweet-sno-1206	QO	vclaim-sno-president-trump-say-eventually-will-get-something-done	1	85.71428571428572	SimBa
tweet-sno-1207	QO	vclaim-sno-closures-during-spanish-flu	1	31.578947368421055	SimBa
tweet-sno-1207	QO	vclaim-sno-cocaine-on-money	1	30.76923076923077	SimBa
tweet-sno-1207	QO	vclaim-sno-coors-beer-cocaine	1	30.76923076923077	SimBa
tweet-sno-1207	QO	vclaim-sno-mother-toddler-cocaine	1	30.76923076923077	SimBa
tweet-sno-1207	QO	vclaim-sno-cocaine-shrimp	1	30.76923076923077	SimBa
tweet-sno-1208	QO	vclaim-sno-national-guard-parking-garage	1	48.0	SimBa
tweet-sno-1208	QO	vclaim-sno-biden-america-is-dead	1	42.10526315789474	SimBa
tweet-sno-1208	QO	vclaim-sno-biden-woman-gun-photo	1	37.5	SimBa
tweet-sno-1208	QO	vclaim-sno-biden-daughter-photo	1	37.5	SimBa
tweet-sno-1208	QO	vclaim-sno-biden-fail-condemn-antifa	1	35.294117647058826	SimBa
tweet-sno-1209	QO	vclaim-sno-donald-trumps-golden-toilet	1	100.0	SimBa
tweet-sno-1209	QO	vclaim-sno-shirtless-donald-trump	1	100.0	SimBa
tweet-sno-1209	QO	vclaim-sno-trump-discover-know-everything	1	100.0	SimBa
tweet-sno-1209	QO	vclaim-sno-trump-fire-all-politically-appointed-ambassadors-unprecedented	1	100.0	SimBa
tweet-sno-1209	QO	vclaim-sno-trump-considering-resignation	1	100.0	SimBa
tweet-sno-1210	QO	vclaim-sno-1-mcdonald39s-any-size-fries	1	0.0	SimBa
tweet-sno-1210	QO	vclaim-sno-pandora-black-lives-matter-protest	1	0.0	SimBa
tweet-sno-1210	QO	vclaim-sno-palm-sunday-miscarriage	1	0.0	SimBa
tweet-sno-1210	QO	vclaim-sno-pam-bondi-impeachment	1	0.0	SimBa
tweet-sno-1210	QO	vclaim-sno-pamela-anderson-death-hoax	1	0.0	SimBa
tweet-sno-1211	QO	vclaim-sno-schumer-erection-senate-floor	1	85.71428571428572	SimBa
tweet-sno-1211	QO	vclaim-sno-schumer-tweet-china-travel	1	47.05882352941177	SimBa
tweet-sno-1211	QO	vclaim-sno-chuck-schumer-kissing-a-girl	1	46.15384615384615	SimBa
tweet-sno-1211	QO	vclaim-sno-trump-bringing-back-draft	1	40.0	SimBa
tweet-sno-1211	QO	vclaim-sno-donald-trump-wealthy-great-quote	1	40.0	SimBa
tweet-sno-1212	QO	vclaim-sno-chelsea-clinton-arrested	1	20.0	SimBa
tweet-sno-1212	QO	vclaim-sno-did-sen-tom-cotton-issue-a-cease-and-desist-to-a-constituent	1	18.181818181818183	SimBa
tweet-sno-1212	QO	vclaim-sno-maureen-walsh-nurses-cards	1	18.181818181818183	SimBa
tweet-sno-1212	QO	vclaim-sno-tom-cotton-ex-gay	1	18.181818181818183	SimBa
tweet-sno-1212	QO	vclaim-sno-no-maam	1	16.666666666666668	SimBa
tweet-sno-1213	QO	vclaim-sno-deadliest-days-usa-history	1	54.54545454545455	SimBa
tweet-sno-1213	QO	vclaim-sno-chuck-schumer-kissing-a-girl	1	46.15384615384615	SimBa
tweet-sno-1213	QO	vclaim-sno-chuck-schumer-resigns-disgrace	1	40.0	SimBa
tweet-sno-1213	QO	vclaim-sno-schumer-daughter-cheerleader	1	40.0	SimBa
tweet-sno-1213	QO	vclaim-sno-trump-impeachment-votes	1	40.0	SimBa
tweet-sno-1214	QO	vclaim-sno-amy-schumer-ripping-up-fetus	1	44.44444444444444	SimBa
tweet-sno-1214	QO	vclaim-sno-amy-schumer-female-remake-saving-private-ryan	1	44.44444444444444	SimBa
tweet-sno-1214	QO	vclaim-sno-women-carry-anti-baby-signs-womens-march-washington	1	25.0	SimBa
tweet-sno-1214	QO	vclaim-sno-amy-schumer-arrested	1	19.047619047619047	SimBa
tweet-sno-1214	QO	vclaim-sno-maureen-walsh-nurses-cards	1	18.181818181818183	SimBa
tweet-sno-1215	QO	vclaim-sno-instagram-cancellation-hoax	1	66.66666666666666	SimBa
tweet-sno-1215	QO	vclaim-sno-facebook-posts-made-public	1	66.66666666666666	SimBa
tweet-sno-1215	QO	vclaim-sno-did-shooters-instagram-picture-maga-hat	1	60.0	SimBa
tweet-sno-1215	QO	vclaim-sno-do-not-rejoice-in-the-death-of-one	1	57.142857142857146	SimBa
tweet-sno-1215	QO	vclaim-sno-mlk-education-fact-fiction	1	57.142857142857146	SimBa
tweet-sno-1216	QO	vclaim-sno-mypillow-antifa-temptresses	1	45.45454545454546	SimBa
tweet-sno-1216	QO	vclaim-sno-mike-lindells-absolute-proof	1	44.44444444444444	SimBa
tweet-sno-1216	QO	vclaim-sno-rogue-amazon-drone-white-house	1	33.33333333333333	SimBa
tweet-sno-1216	QO	vclaim-sno-white-house-fence-islamic-symbols	1	30.0	SimBa
tweet-sno-1216	QO	vclaim-sno-white-house-wash	1	30.0	SimBa
tweet-sno-1217	QO	vclaim-sno-tesla-car-really-space	1	33.333333333333336	SimBa
tweet-sno-1217	QO	vclaim-sno-gas-generator-tesla-photo	1	16.666666666666668	SimBa
tweet-sno-1217	QO	vclaim-sno-elon-musk-death-hoax	1	13.333333333333334	SimBa
tweet-sno-1217	QO	vclaim-sno-nancy-pelosi-tesla	1	12.5	SimBa
tweet-sno-1217	QO	vclaim-sno-elon-musk-illegal-immigrant	1	11.764705882352942	SimBa
tweet-sno-1218	QO	vclaim-sno-gwyneth-paltrow-vagina-candle	1	100.0	SimBa
tweet-sno-1218	QO	vclaim-sno-gwyneth-vagina-candle-explode	1	75.0	SimBa
tweet-sno-1218	QO	vclaim-sno-drake-scented-candles	1	60.0	SimBa
tweet-sno-1218	QO	vclaim-sno-crayon-candle	1	50.0	SimBa
tweet-sno-1218	QO	vclaim-sno-gwyneth-paltrow-goop-covid-advice	1	40.0	SimBa
tweet-sno-1219	QO	vclaim-sno-trump-new-bot-followers	1	66.66666666666666	SimBa
tweet-sno-1219	QO	vclaim-sno-trump-inappropriate-comment-daughter-tiffany	1	60.0	SimBa
tweet-sno-1219	QO	vclaim-sno-marjorie-taylor-greene-twitter	1	57.14285714285714	SimBa
tweet-sno-1219	QO	vclaim-sno-trump-my-blood-is-the-vaccine	1	55.55555555555556	SimBa
tweet-sno-1219	QO	vclaim-sno-donald-trump-fake-tweet	1	52.631578947368425	SimBa
tweet-sno-1220	QO	vclaim-sno-burger-king-logo-new	1	85.71428571428572	SimBa
tweet-sno-1220	QO	vclaim-sno-burger-king-vouchers-scam	1	66.66666666666666	SimBa
tweet-sno-1220	QO	vclaim-sno-burger-king-sharia-law	1	66.66666666666666	SimBa
tweet-sno-1220	QO	vclaim-sno-burger-king-admits-burgers-contain-horsemeat	1	50.0	SimBa
tweet-sno-1220	QO	vclaim-sno-long-live-timbits	1	50.0	SimBa
tweet-sno-1221	QO	vclaim-sno-gang-malling	1	15.384615384615385	SimBa
tweet-sno-1221	QO	vclaim-sno-1-mcdonald39s-any-size-fries	1	0.0	SimBa
tweet-sno-1221	QO	vclaim-sno-paper-trail-2	1	0.0	SimBa
tweet-sno-1221	QO	vclaim-sno-pallets-of-bricks-protest-sites	1	0.0	SimBa
tweet-sno-1221	QO	vclaim-sno-palm-sunday-miscarriage	1	0.0	SimBa
tweet-sno-1222	QO	vclaim-sno-stefanik-middle-finger-impeachment	1	33.333333333333336	SimBa
tweet-sno-1222	QO	vclaim-sno-obama-impeached-president-judges	1	28.571428571428573	SimBa
tweet-sno-1222	QO	vclaim-sno-trump-impeachment-votes	1	28.571428571428573	SimBa
tweet-sno-1222	QO	vclaim-sno-adam-schiff-witnesses-testify	1	26.666666666666668	SimBa
tweet-sno-1222	QO	vclaim-sno-failed-impeachment-nullify-term	1	25.0	SimBa
tweet-sno-1223	QO	vclaim-sno-armie-hammer-cannibal-lifestyle	1	60.8695652173913	SimBa
tweet-sno-1223	QO	vclaim-sno-covid19-vaccination-cannibalism	1	31.578947368421055	SimBa
tweet-sno-1223	QO	vclaim-sno-elevator-man-eats-wife	1	20.0	SimBa
tweet-sno-1223	QO	vclaim-sno-lions-kill-poacher-south-africa	1	15.384615384615385	SimBa
tweet-sno-1223	QO	vclaim-sno-panera-bread-frozen	1	0.0	SimBa
tweet-sno-1224	QO	vclaim-sno-rare-vhs-tapes	1	50.0	SimBa
tweet-sno-1224	QO	vclaim-sno-black-diamond-collection-disney	1	31.578947368421055	SimBa
tweet-sno-1224	QO	vclaim-sno-indian-flag-capitol-riots	1	23.529411764705884	SimBa
tweet-sno-1224	QO	vclaim-sno-raz-simone-guns	1	21.05263157894737	SimBa
tweet-sno-1224	QO	vclaim-sno-seattle-chaz-trash	1	21.05263157894737	SimBa
tweet-sno-1225	QO	vclaim-sno-7-senegal-kids-die-covid-vax	1	46.15384615384615	SimBa
tweet-sno-1225	QO	vclaim-sno-vatican-covid-vaccine	1	40.0	SimBa
tweet-sno-1225	QO	vclaim-sno-alabama-nurse-covid	1	34.48275862068965	SimBa
tweet-sno-1225	QO	vclaim-sno-animal-brothels-open-germany-migrant-population-hits-22-percent	1	30.0	SimBa
tweet-sno-1225	QO	vclaim-sno-people-collapsing-coronavirus	1	30.0	SimBa
tweet-sno-1226	QO	vclaim-sno-new-medicare-card-scam	1	18.181818181818183	SimBa
tweet-sno-1226	QO	vclaim-sno-black-mob-beats-white-man-for-voting-trump	1	16.666666666666668	SimBa
tweet-sno-1226	QO	vclaim-sno-donald-trump-shirts-trmup	1	16.666666666666668	SimBa
tweet-sno-1226	QO	vclaim-sno-liz-crokin-trump-unthinkable	1	15.384615384615385	SimBa
tweet-sno-1226	QO	vclaim-sno-20-dollar-bill-folds-spells-trump	1	15.384615384615385	SimBa
tweet-sno-1227	QO	vclaim-sno-illinois-eavesdropping-law	1	66.66666666666666	SimBa
tweet-sno-1227	QO	vclaim-sno-hitler-start-wwiii	1	57.142857142857146	SimBa
tweet-sno-1227	QO	vclaim-sno-to-conquer-a-nation	1	57.142857142857146	SimBa
tweet-sno-1227	QO	vclaim-sno-hitler-control-quote	1	57.142857142857146	SimBa
tweet-sno-1227	QO	vclaim-sno-hitler-holding-bible	1	57.142857142857146	SimBa
tweet-sno-1228	QO	vclaim-sno-hitler-start-wwiii	1	100.0	SimBa
tweet-sno-1228	QO	vclaim-sno-mary-miller-hitler	1	85.71428571428572	SimBa
tweet-sno-1228	QO	vclaim-sno-make-germany-great-again	1	60.0	SimBa
tweet-sno-1228	QO	vclaim-sno-hitler-holding-bible	1	57.142857142857146	SimBa
tweet-sno-1228	QO	vclaim-sno-to-conquer-a-nation	1	57.142857142857146	SimBa
tweet-sno-1229	QO	vclaim-sno-capitol-riot-no-fly-list	1	125.0	SimBa
tweet-sno-1229	QO	vclaim-sno-police-flashbang-smoke-capitol	1	50.0	SimBa
tweet-sno-1229	QO	vclaim-sno-capitol-police-opened-gates	1	44.44444444444444	SimBa
tweet-sno-1229	QO	vclaim-sno-capitol-riot-deaths	1	44.44444444444444	SimBa
tweet-sno-1229	QO	vclaim-sno-cross-erected-capitol-building	1	44.44444444444444	SimBa
tweet-sno-1230	QO	vclaim-sno-cough-cpr	1	100.0	SimBa
tweet-sno-1230	QO	vclaim-sno-never-wake-sleepwalker	1	100.0	SimBa
tweet-sno-1230	QO	vclaim-sno-lethal-indirection	1	100.0	SimBa
tweet-sno-1230	QO	vclaim-sno-getting-the-hang-of-it	1	66.66666666666666	SimBa
tweet-sno-1230	QO	vclaim-sno-bumblebees-cant-fly	1	66.66666666666666	SimBa
tweet-sno-1231	QO	vclaim-sno-vaccine-vial-evacuating-building	1	35.294117647058826	SimBa
tweet-sno-1231	QO	vclaim-sno-cell-phone-credit	1	31.578947368421055	SimBa
tweet-sno-1231	QO	vclaim-sno-is-australia-chemtrails-vaccinate-residents	1	30.0	SimBa
tweet-sno-1231	QO	vclaim-sno-diabetes-vaccine	1	30.0	SimBa
tweet-sno-1231	QO	vclaim-sno-i-am-legend-zombie	1	28.57142857142857	SimBa
tweet-sno-1232	QO	vclaim-sno-officers-killed-250-people	1	46.15384615384615	SimBa
tweet-sno-1232	QO	vclaim-sno-keith-passmore-murder	1	46.15384615384615	SimBa
tweet-sno-1232	QO	vclaim-sno-maddie-kelley-video	1	46.15384615384615	SimBa
tweet-sno-1232	QO	vclaim-sno-capitol-riot-no-fly-list	1	40.0	SimBa
tweet-sno-1232	QO	vclaim-sno-georgia-primary-election-fraud	1	40.0	SimBa
tweet-sno-1233	QO	vclaim-sno-trump-biden-resident-meme	1	90.90909090909092	SimBa
tweet-sno-1233	QO	vclaim-sno-parents-deported-reunited	1	90.90909090909092	SimBa
tweet-sno-1233	QO	vclaim-sno-biden-trump-dregs-society	1	80.0	SimBa
tweet-sno-1233	QO	vclaim-sno-trump-biden-assassination-shot	1	80.0	SimBa
tweet-sno-1233	QO	vclaim-sno-listen-to-scientists	1	80.0	SimBa
tweet-sno-1234	QO	vclaim-sno-trump-described-the-electoral-college-as-a-disaster	1	44.44444444444444	SimBa
tweet-sno-1234	QO	vclaim-sno-schumer-erection-senate-floor	1	42.85714285714286	SimBa
tweet-sno-1234	QO	vclaim-sno-shots-fired-capitol	1	28.571428571428573	SimBa
tweet-sno-1234	QO	vclaim-sno-brett-kavanaughs-children-harassed	1	25.0	SimBa
tweet-sno-1234	QO	vclaim-sno-pence-escorted	1	20.0	SimBa
tweet-sno-1235	QO	vclaim-sno-electoral-votes-rejected-congress	1	46.15384615384615	SimBa
tweet-sno-1235	QO	vclaim-sno-rubio-god-needs-me	1	40.0	SimBa
tweet-sno-1235	QO	vclaim-sno-harvard-professor-wants-electoral-college-to-reject-trump	1	40.0	SimBa
tweet-sno-1235	QO	vclaim-sno-ocasio-cortez-electoral-college	1	36.36363636363637	SimBa
tweet-sno-1235	QO	vclaim-sno-ballots-georgia-senate	1	35.294117647058826	SimBa
tweet-sno-1236	QO	vclaim-sno-nazi-shooting-baby	1	25.0	SimBa
tweet-sno-1236	QO	vclaim-sno-franceska-mann	1	24.0	SimBa
tweet-sno-1236	QO	vclaim-sno-george-soros-ss-nazi-germany	1	19.354838709677416	SimBa
tweet-sno-1236	QO	vclaim-sno-bernie-sanders-ss-tattoo	1	16.0	SimBa
tweet-sno-1236	QO	vclaim-sno-letter-g-cant-recognize	1	10.0	SimBa
tweet-sno-1237	QO	vclaim-sno-zip-cuffs-capitol-riots	1	100.0	SimBa
tweet-sno-1237	QO	vclaim-sno-reconnaissance-tours	1	66.66666666666667	SimBa
tweet-sno-1237	QO	vclaim-sno-capitol-riot-no-fly-list	1	33.333333333333336	SimBa
tweet-sno-1237	QO	vclaim-sno-aoc-capitol-attack	1	28.571428571428573	SimBa
tweet-sno-1237	QO	vclaim-sno-jayapal-maskless-congress	1	28.571428571428573	SimBa
tweet-sno-1238	QO	vclaim-sno-onion-in-your-sock-cure	1	42.85714285714286	SimBa
tweet-sno-1238	QO	vclaim-sno-elizabeth-knoxville-onion-towel	1	35.294117647058826	SimBa
tweet-sno-1238	QO	vclaim-sno-occupy-wall-street	1	30.0	SimBa
tweet-sno-1238	QO	vclaim-sno-spray-for-pain	1	22.22222222222222	SimBa
tweet-sno-1238	QO	vclaim-sno-onions-fight-flu-myth	1	22.22222222222222	SimBa
tweet-sno-1239	QO	vclaim-sno-giuliani-rally-speech	1	55.55555555555556	SimBa
tweet-sno-1239	QO	vclaim-sno-giuliani-jake-angeli-capitol-riot	1	33.333333333333336	SimBa
tweet-sno-1239	QO	vclaim-sno-giuliani-sex-animals-covid	1	28.571428571428573	SimBa
tweet-sno-1239	QO	vclaim-sno-andrew-giuliani-white-house	1	28.571428571428573	SimBa
tweet-sno-1239	QO	vclaim-sno-10-month-old-baby-drawing	1	28.571428571428573	SimBa
tweet-sno-1240	QO	vclaim-sno-national-guard-trump-mob	1	120.0	SimBa
tweet-sno-1240	QO	vclaim-sno-lincoln-memorial-defaced-protesters	1	92.3076923076923	SimBa
tweet-sno-1240	QO	vclaim-sno-blm-organizer-loot	1	50.0	SimBa
tweet-sno-1240	QO	vclaim-sno-blacklivesmatter	1	50.0	SimBa
tweet-sno-1240	QO	vclaim-sno-blm-buses-photo	1	50.0	SimBa
tweet-sno-1241	QO	vclaim-sno-dont-worry-be-dead	1	42.85714285714286	SimBa
tweet-sno-1241	QO	vclaim-sno-bawl-and-chainletter	1	42.85714285714286	SimBa
tweet-sno-1241	QO	vclaim-sno-hands-up-don39t-scoop	1	35.294117647058826	SimBa
tweet-sno-1241	QO	vclaim-sno-check-from-a-stranger-for-real	1	33.333333333333336	SimBa
tweet-sno-1241	QO	vclaim-sno-dolly-parton-dixie-offensive	1	33.33333333333333	SimBa
tweet-sno-1242	QO	vclaim-sno-sixth-form-poet-wife	1	85.71428571428572	SimBa
tweet-sno-1242	QO	vclaim-sno-take-team-kavanaugh	1	75.0	SimBa
tweet-sno-1242	QO	vclaim-sno-lifeisasoph-jacob-blake-ex	1	75.0	SimBa
tweet-sno-1242	QO	vclaim-sno-twitter-dislike-button	1	66.66666666666666	SimBa
tweet-sno-1242	QO	vclaim-sno-fabian-suarez-wastehistime-murder	1	66.66666666666666	SimBa
tweet-sno-1243	QO	vclaim-sno-confederate-flag-colors-religious	1	50.0	SimBa
tweet-sno-1243	QO	vclaim-sno-social-media-sites-will-begin-banning-users-post-photos-confederate-flags	1	36.36363636363637	SimBa
tweet-sno-1243	QO	vclaim-sno-kanye-west-confederate-flag	1	36.36363636363637	SimBa
tweet-sno-1243	QO	vclaim-sno-obama-confederate-campaign-button	1	33.333333333333336	SimBa
tweet-sno-1243	QO	vclaim-sno-clinton-gore-92-confederate	1	33.333333333333336	SimBa
tweet-sno-1244	QO	vclaim-sno-confederate-flag-colors-religious	1	80.0	SimBa
tweet-sno-1244	QO	vclaim-sno-social-media-sites-will-begin-banning-users-post-photos-confederate-flags	1	50.0	SimBa
tweet-sno-1244	QO	vclaim-sno-kanye-west-confederate-flag	1	50.0	SimBa
tweet-sno-1244	QO	vclaim-sno-clinton-gore-92-confederate	1	44.44444444444444	SimBa
tweet-sno-1244	QO	vclaim-sno-obama-confederate-campaign-button	1	44.44444444444444	SimBa
tweet-sno-1245	QO	vclaim-sno-confederate-flag-capitol-dc	1	66.66666666666667	SimBa
tweet-sno-1245	QO	vclaim-sno-noose-hung-outside-capitol	1	55.55555555555556	SimBa
tweet-sno-1245	QO	vclaim-sno-trump-riot-camp-auschwitz-shirt	1	55.55555555555556	SimBa
tweet-sno-1245	QO	vclaim-sno-capitol-riot-mace-police	1	55.55555555555556	SimBa
tweet-sno-1245	QO	vclaim-sno-trump-mob-capitol	1	52.631578947368425	SimBa
tweet-sno-1246	QO	vclaim-sno-1-mcdonald39s-any-size-fries	1	0.0	SimBa
tweet-sno-1246	QO	vclaim-sno-pandora-black-lives-matter-protest	1	0.0	SimBa
tweet-sno-1246	QO	vclaim-sno-palm-sunday-miscarriage	1	0.0	SimBa
tweet-sno-1246	QO	vclaim-sno-pam-bondi-impeachment	1	0.0	SimBa
tweet-sno-1246	QO	vclaim-sno-pamela-anderson-death-hoax	1	0.0	SimBa
tweet-sno-1247	QO	vclaim-sno-immigrants-riot-italy	1	60.0	SimBa
tweet-sno-1247	QO	vclaim-sno-did-migrants-destroy-a-car-in-italy	1	46.15384615384615	SimBa
tweet-sno-1247	QO	vclaim-sno-italy-doctor-corona-not-flu	1	42.85714285714286	SimBa
tweet-sno-1247	QO	vclaim-sno-mass-graves-italy-coronavirus	1	42.85714285714286	SimBa
tweet-sno-1247	QO	vclaim-sno-muslim-migrants-tore-down-a-christmas-tree-in-italy	1	42.85714285714286	SimBa
tweet-sno-1248	QO	vclaim-sno-1-mcdonald39s-any-size-fries	1	0.0	SimBa
tweet-sno-1248	QO	vclaim-sno-pandora-black-lives-matter-protest	1	0.0	SimBa
tweet-sno-1248	QO	vclaim-sno-palm-sunday-miscarriage	1	0.0	SimBa
tweet-sno-1248	QO	vclaim-sno-pam-bondi-impeachment	1	0.0	SimBa
tweet-sno-1248	QO	vclaim-sno-pamela-anderson-death-hoax	1	0.0	SimBa
tweet-sno-1249	QO	vclaim-sno-sumatran-tsunami	1	12.5	SimBa
tweet-sno-1249	QO	vclaim-sno-sumatran-tsunami-2	1	12.5	SimBa
tweet-sno-1249	QO	vclaim-sno-pelosi-impeachment-two-years	1	8.695652173913043	SimBa
tweet-sno-1249	QO	vclaim-sno-1-mcdonald39s-any-size-fries	1	0.0	SimBa
tweet-sno-1249	QO	vclaim-sno-pandemicide-trump-covid	1	0.0	SimBa
tweet-sno-1250	QO	vclaim-sno-trump-wins-pennsylvania	1	111.11111111111111	SimBa
tweet-sno-1250	QO	vclaim-sno-pa-worker-filling-ballots	1	85.71428571428572	SimBa
tweet-sno-1250	QO	vclaim-sno-trump-unflattering-image	1	85.71428571428572	SimBa
tweet-sno-1250	QO	vclaim-sno-trump-disgrace-world-girl	1	85.71428571428572	SimBa
tweet-sno-1250	QO	vclaim-sno-balloon-breasted-trump	1	85.71428571428572	SimBa
tweet-sno-1251	QO	vclaim-sno-georgia-ballots-likely-ineligible	1	80.0	SimBa
tweet-sno-1251	QO	vclaim-sno-trucked-voters-in-pa	1	42.85714285714286	SimBa
tweet-sno-1251	QO	vclaim-sno-pa-worker-filling-ballots	1	42.85714285714286	SimBa
tweet-sno-1251	QO	vclaim-sno-maddie-kelley-video	1	40.0	SimBa
tweet-sno-1251	QO	vclaim-sno-keith-passmore-murder	1	40.0	SimBa
tweet-sno-1252	QO	vclaim-sno-covid-19-reinfection	1	54.54545454545455	SimBa
tweet-sno-1252	QO	vclaim-sno-moist-coronavirus-image	1	50.0	SimBa
tweet-sno-1252	QO	vclaim-sno-dog-flu	1	46.15384615384615	SimBa
tweet-sno-1252	QO	vclaim-sno-new-killer-insect	1	46.15384615384615	SimBa
tweet-sno-1252	QO	vclaim-sno-flu-vaccine-covid-buttar	1	44.44444444444444	SimBa
tweet-sno-1253	QO	vclaim-sno-trump_floyd_tweet	1	55.55555555555556	SimBa
tweet-sno-1253	QO	vclaim-sno-father-abandon-family-avalanche	1	54.54545454545455	SimBa
tweet-sno-1253	QO	vclaim-sno-a-family-photo	1	54.54545454545455	SimBa
tweet-sno-1253	QO	vclaim-sno-underlaid-to-rest	1	54.54545454545455	SimBa
tweet-sno-1253	QO	vclaim-sno-5g-energy-horse	1	54.54545454545455	SimBa
tweet-sno-1254	QO	vclaim-sno-disney-matterhorn-basketball-court	1	40.0	SimBa
tweet-sno-1254	QO	vclaim-sno-swimming-pool-wonderful-life	1	40.0	SimBa
tweet-sno-1254	QO	vclaim-sno-fauci-nothing-to-worry-about	1	33.33333333333333	SimBa
tweet-sno-1254	QO	vclaim-sno-1-mcdonald39s-any-size-fries	1	0.0	SimBa
tweet-sno-1254	QO	vclaim-sno-pacu-testicle-biting-fish	1	0.0	SimBa
tweet-sno-1255	QO	vclaim-sno-disney-matterhorn-basketball-court	1	60.0	SimBa
tweet-sno-1255	QO	vclaim-sno-swimming-pool-wonderful-life	1	60.0	SimBa
tweet-sno-1255	QO	vclaim-sno-1-mcdonald39s-any-size-fries	1	0.0	SimBa
tweet-sno-1255	QO	vclaim-sno-package-delivery-failure-virus	1	0.0	SimBa
tweet-sno-1255	QO	vclaim-sno-palm-sunday-miscarriage	1	0.0	SimBa
tweet-sno-1256	QO	vclaim-sno-chip-shot-2	1	75.0	SimBa
tweet-sno-1256	QO	vclaim-sno-1-mcdonald39s-any-size-fries	1	0.0	SimBa
tweet-sno-1256	QO	vclaim-sno-pandora-black-lives-matter-protest	1	0.0	SimBa
tweet-sno-1256	QO	vclaim-sno-palm-sunday-miscarriage	1	0.0	SimBa
tweet-sno-1256	QO	vclaim-sno-pam-bondi-impeachment	1	0.0	SimBa
tweet-sno-1257	QO	vclaim-sno-bible-found-bottom-ocean	1	42.85714285714286	SimBa
tweet-sno-1257	QO	vclaim-sno-target-holy-bible-ban	1	40.0	SimBa
tweet-sno-1257	QO	vclaim-sno-in-n-out	1	35.294117647058826	SimBa
tweet-sno-1257	QO	vclaim-sno-ted-cruz-constitution-bible	1	35.294117647058826	SimBa
tweet-sno-1257	QO	vclaim-sno-george-floyd-bible	1	35.294117647058826	SimBa
tweet-sno-1258	QO	vclaim-sno-tom-brady-ppp	1	54.54545454545455	SimBa
tweet-sno-1258	QO	vclaim-sno-joel-osteen-prayer-accounts	1	37.5	SimBa
tweet-sno-1258	QO	vclaim-sno-kanye-west-name-change	1	37.5	SimBa
tweet-sno-1258	QO	vclaim-sno-kanye-banned	1	37.5	SimBa
tweet-sno-1258	QO	vclaim-sno-can39t-read-me-nothing	1	31.578947368421055	SimBa
tweet-sno-1259	QO	vclaim-sno-vatican-nativity	1	100.0	SimBa
tweet-sno-1259	QO	vclaim-sno-remains-buried-vatican	1	42.85714285714286	SimBa
tweet-sno-1259	QO	vclaim-sno-belgian-town-removes-nativity-scene-appease-four-muslim-residents	1	40.0	SimBa
tweet-sno-1259	QO	vclaim-sno-nativity-seen	1	30.76923076923077	SimBa
tweet-sno-1259	QO	vclaim-sno-vatican-covid-vaccine	1	27.272727272727273	SimBa
tweet-sno-1260	QO	vclaim-sno-cyberpunk-2077-refunds	1	53.333333333333336	SimBa
tweet-sno-1260	QO	vclaim-sno-1-mcdonald39s-any-size-fries	1	0.0	SimBa
tweet-sno-1260	QO	vclaim-sno-paper-trail	1	0.0	SimBa
tweet-sno-1260	QO	vclaim-sno-palm-sunday-miscarriage	1	0.0	SimBa
tweet-sno-1260	QO	vclaim-sno-pam-bondi-impeachment	1	0.0	SimBa
tweet-sno-1261	QO	vclaim-sno-cyberpunk-2077-refunds	1	76.92307692307692	SimBa
tweet-sno-1261	QO	vclaim-sno-xbox-playstation-ps5-congrats	1	9.090909090909092	SimBa
tweet-sno-1261	QO	vclaim-sno-1-mcdonald39s-any-size-fries	1	0.0	SimBa
tweet-sno-1261	QO	vclaim-sno-pallets-of-bricks-protest-sites	1	0.0	SimBa
tweet-sno-1261	QO	vclaim-sno-palm-sunday-miscarriage	1	0.0	SimBa
tweet-sno-1262	QO	vclaim-sno-obama-reporter-press-conference	1	42.85714285714286	SimBa
tweet-sno-1262	QO	vclaim-sno-ermey-press-conference	1	35.294117647058826	SimBa
tweet-sno-1262	QO	vclaim-sno-trump-white-nationalists-us-press-conference	1	35.294117647058826	SimBa
tweet-sno-1262	QO	vclaim-sno-trump-italy-ally-ancient-times	1	33.33333333333333	SimBa
tweet-sno-1262	QO	vclaim-sno-ivanka-trump-disavows-her-father	1	28.57142857142857	SimBa
tweet-sno-1263	QO	vclaim-sno-harvard-professor-wants-electoral-college-to-reject-trump	1	23.529411764705884	SimBa
tweet-sno-1263	QO	vclaim-sno-liberal-college-millennials-less-biologically-fit	1	23.529411764705884	SimBa
tweet-sno-1263	QO	vclaim-sno-ocasio-cortez-electoral-college	1	22.22222222222222	SimBa
tweet-sno-1263	QO	vclaim-sno-two-women-save-electoral-votes	1	21.05263157894737	SimBa
tweet-sno-1263	QO	vclaim-sno-elector-suicide	1	20.0	SimBa
tweet-sno-1264	QO	vclaim-sno-1-mcdonald39s-any-size-fries	1	0.0	SimBa
tweet-sno-1264	QO	vclaim-sno-pandora-black-lives-matter-protest	1	0.0	SimBa
tweet-sno-1264	QO	vclaim-sno-palm-sunday-miscarriage	1	0.0	SimBa
tweet-sno-1264	QO	vclaim-sno-pam-bondi-impeachment	1	0.0	SimBa
tweet-sno-1264	QO	vclaim-sno-pamela-anderson-death-hoax	1	0.0	SimBa
tweet-sno-1265	QO	vclaim-sno-seattle-police-confiscate-mans-guns-without-warrant	1	42.85714285714286	SimBa
tweet-sno-1265	QO	vclaim-sno-moira-rose-home-alone	1	38.095238095238095	SimBa
tweet-sno-1265	QO	vclaim-sno-seattle-tax-sweetened-drinks	1	35.294117647058826	SimBa
tweet-sno-1265	QO	vclaim-sno-hells-angels-seattle-antifa	1	33.33333333333333	SimBa
tweet-sno-1265	QO	vclaim-sno-folsom-street-fair-photo	1	33.33333333333333	SimBa
tweet-sno-1266	QO	vclaim-sno-fox-news-entertainment-switch	1	40.0	SimBa
tweet-sno-1266	QO	vclaim-sno-raspberry-ultra-drops	1	40.0	SimBa
tweet-sno-1266	QO	vclaim-sno-smith-and-lesson	1	40.0	SimBa
tweet-sno-1266	QO	vclaim-sno-sean-hannity-fired-muslims	1	33.333333333333336	SimBa
tweet-sno-1266	QO	vclaim-sno-sean-hannity-bike-accident	1	30.76923076923077	SimBa
tweet-sno-1267	QO	vclaim-sno-1-mcdonald39s-any-size-fries	1	0.0	SimBa
tweet-sno-1267	QO	vclaim-sno-pandora-black-lives-matter-protest	1	0.0	SimBa
tweet-sno-1267	QO	vclaim-sno-palm-sunday-miscarriage	1	0.0	SimBa
tweet-sno-1267	QO	vclaim-sno-pam-bondi-impeachment	1	0.0	SimBa
tweet-sno-1267	QO	vclaim-sno-pamela-anderson-death-hoax	1	0.0	SimBa
tweet-sno-1268	QO	vclaim-sno-listen-to-scientists	1	58.82352941176471	SimBa
tweet-sno-1268	QO	vclaim-sno-biden-trump-dregs-society	1	58.82352941176471	SimBa
tweet-sno-1268	QO	vclaim-sno-trump-biden-assassination-shot	1	58.82352941176471	SimBa
tweet-sno-1268	QO	vclaim-sno-alex-jones-biden-removed	1	57.14285714285714	SimBa
tweet-sno-1268	QO	vclaim-sno-joe-you-know-i-won-letter-trump	1	52.631578947368425	SimBa
tweet-sno-1269	QO	vclaim-sno-allstate-island-real	1	85.71428571428572	SimBa
tweet-sno-1269	QO	vclaim-sno-1-mcdonald39s-any-size-fries	1	0.0	SimBa
tweet-sno-1269	QO	vclaim-sno-palins-privilege	1	0.0	SimBa
tweet-sno-1269	QO	vclaim-sno-palm-sunday-miscarriage	1	0.0	SimBa
tweet-sno-1269	QO	vclaim-sno-pam-bondi-impeachment	1	0.0	SimBa
tweet-sno-1270	QO	vclaim-sno-maine-crematorium-free-cremations	1	37.5	SimBa
tweet-sno-1270	QO	vclaim-sno-swab-factory-trump-visit	1	31.578947368421055	SimBa
tweet-sno-1270	QO	vclaim-sno-purple-lobster-caught-in-maine	1	31.578947368421055	SimBa
tweet-sno-1270	QO	vclaim-sno-smoked-out	1	30.0	SimBa
tweet-sno-1270	QO	vclaim-sno-allstate-island-real	1	30.0	SimBa
tweet-sno-1271	QO	vclaim-sno-trump-hunting-bald-eagles	1	63.15789473684211	SimBa
tweet-sno-1271	QO	vclaim-sno-trump-order-popular-vote-winner	1	63.15789473684211	SimBa
tweet-sno-1271	QO	vclaim-sno-trump-wants-executive-order-abolishing-impeachment	1	63.15789473684211	SimBa
tweet-sno-1271	QO	vclaim-sno-trump-veterans-free-health-care	1	60.0	SimBa
tweet-sno-1271	QO	vclaim-sno-trump-kansas-city-tweet	1	60.0	SimBa
tweet-sno-1272	QO	vclaim-sno-disney-sister-act-3	1	50.0	SimBa
tweet-sno-1272	QO	vclaim-sno-pacey-moore	1	25.0	SimBa
tweet-sno-1272	QO	vclaim-sno-common-core-ed-trice-999	1	25.0	SimBa
tweet-sno-1272	QO	vclaim-sno-enormous-grasshopper-montana	1	20.0	SimBa
tweet-sno-1272	QO	vclaim-sno-new-twilight-movie-jacob-renesmee	1	20.0	SimBa
tweet-sno-1273	QO	vclaim-sno-when-is-hocus-pocus-2-coming-out	1	46.15384615384615	SimBa
tweet-sno-1273	QO	vclaim-sno-hocus-pocus-2	1	40.0	SimBa
tweet-sno-1273	QO	vclaim-sno-the-notebook-2-hoax	1	18.181818181818183	SimBa
tweet-sno-1273	QO	vclaim-sno-mother-arrested-after-tattooing-her-son	1	15.384615384615385	SimBa
tweet-sno-1273	QO	vclaim-sno-ella-french-daughter	1	14.285714285714286	SimBa
tweet-sno-1274	QO	vclaim-sno-chick-fil-a-long-lines-lawsuit	1	85.71428571428572	SimBa
tweet-sno-1274	QO	vclaim-sno-chick-fil-a-sunday-tradition	1	80.0	SimBa
tweet-sno-1274	QO	vclaim-sno-chick-fil-a-coupon-scam	1	70.58823529411765	SimBa
tweet-sno-1274	QO	vclaim-sno-cum-park-plaza-photo	1	42.85714285714286	SimBa
tweet-sno-1274	QO	vclaim-sno-a-tip-for-your-service	1	42.85714285714286	SimBa
tweet-sno-1275	QO	vclaim-sno-costco-rotisserie-chicken-cheap	1	160.0	SimBa
tweet-sno-1275	QO	vclaim-sno-purchase-membership-shop-costco	1	66.66666666666666	SimBa
tweet-sno-1275	QO	vclaim-sno-costco-bath-tissue-recall	1	60.0	SimBa
tweet-sno-1275	QO	vclaim-sno-book-drive	1	50.0	SimBa
tweet-sno-1275	QO	vclaim-sno-costco-lying-about-cage-free-eggs	1	50.0	SimBa
tweet-sno-1276	QO	vclaim-sno-ia-fl-oh-election-loss	1	120.0	SimBa
tweet-sno-1276	QO	vclaim-sno-won-both-ohio-florida-lost	1	80.0	SimBa
tweet-sno-1276	QO	vclaim-sno-iowa-kiss-five-minutes-law	1	66.66666666666666	SimBa
tweet-sno-1276	QO	vclaim-sno-duck-eats-yeast-quacks-explodes-man-loses-eye	1	66.66666666666666	SimBa
tweet-sno-1276	QO	vclaim-sno-the-freedom-rock	1	66.66666666666666	SimBa
tweet-sno-1277	QO	vclaim-sno-fauci-blame-flu-deaths-1918	1	37.5	SimBa
tweet-sno-1277	QO	vclaim-sno-alligators-sewers	1	36.36363636363637	SimBa
tweet-sno-1277	QO	vclaim-sno-gender-neutral-birth-certificates	1	36.36363636363637	SimBa
tweet-sno-1277	QO	vclaim-sno-secret-room-new-york-apartment	1	33.333333333333336	SimBa
tweet-sno-1277	QO	vclaim-sno-obama-changing-face-america	1	33.333333333333336	SimBa
tweet-sno-1278	QO	vclaim-sno-mcdonalds-breakfast-frozen-eggs	1	72.72727272727273	SimBa
tweet-sno-1278	QO	vclaim-sno-mcdonalds-countries-war	1	57.142857142857146	SimBa
tweet-sno-1278	QO	vclaim-sno-mcskinny	1	50.0	SimBa
tweet-sno-1278	QO	vclaim-sno-something-eggstra	1	50.0	SimBa
tweet-sno-1278	QO	vclaim-sno-mcdonalds-robot-cashiers	1	50.0	SimBa
tweet-sno-1279	QO	vclaim-sno-gohmert-tooth-fall-out	1	90.90909090909092	SimBa
tweet-sno-1279	QO	vclaim-sno-obama-reporter-press-conference	1	60.0	SimBa
tweet-sno-1279	QO	vclaim-sno-ermey-press-conference	1	46.15384615384615	SimBa
tweet-sno-1279	QO	vclaim-sno-trump-white-nationalists-us-press-conference	1	46.15384615384615	SimBa
tweet-sno-1279	QO	vclaim-sno-trump-italy-ally-ancient-times	1	42.85714285714286	SimBa
tweet-sno-1280	QO	vclaim-sno-biden-harris-disease-disagreed	1	142.85714285714286	SimBa
tweet-sno-1280	QO	vclaim-sno-harris-biden-blog-post	1	92.3076923076923	SimBa
tweet-sno-1280	QO	vclaim-sno-biden-say-president-harris	1	70.58823529411765	SimBa
tweet-sno-1280	QO	vclaim-sno-biden-woman-gun-photo	1	60.0	SimBa
tweet-sno-1280	QO	vclaim-sno-biden-daughter-photo	1	60.0	SimBa
tweet-sno-1281	QO	vclaim-sno-indiana-jones-saxophone	1	133.33333333333331	SimBa
tweet-sno-1281	QO	vclaim-sno-police-saxophone-machine-gun	1	66.66666666666666	SimBa
tweet-sno-1281	QO	vclaim-sno-harrison-ford-trump-han-solo	1	33.33333333333333	SimBa
tweet-sno-1281	QO	vclaim-sno-panera-bread-frozen	1	0.0	SimBa
tweet-sno-1281	QO	vclaim-sno-pam-bondi-impeachment	1	0.0	SimBa
tweet-sno-1282	QO	vclaim-sno-indiana-jones-saxophone	1	133.33333333333331	SimBa
tweet-sno-1282	QO	vclaim-sno-police-saxophone-machine-gun	1	66.66666666666666	SimBa
tweet-sno-1282	QO	vclaim-sno-harrison-ford-trump-han-solo	1	33.33333333333333	SimBa
tweet-sno-1282	QO	vclaim-sno-panera-bread-frozen	1	0.0	SimBa
tweet-sno-1282	QO	vclaim-sno-pam-bondi-impeachment	1	0.0	SimBa
tweet-sno-1283	QO	vclaim-sno-indiana-jones-saxophone	1	120.0	SimBa
tweet-sno-1283	QO	vclaim-sno-police-saxophone-machine-gun	1	60.0	SimBa
tweet-sno-1283	QO	vclaim-sno-harrison-ford-trump-han-solo	1	31.578947368421055	SimBa
tweet-sno-1283	QO	vclaim-sno-common-core-ed-trice-999	1	25.0	SimBa
tweet-sno-1283	QO	vclaim-sno-pacey-moore	1	25.0	SimBa
tweet-sno-1284	QO	vclaim-sno-indiana-jones-saxophone	1	112.5	SimBa
tweet-sno-1284	QO	vclaim-sno-harrison-ford-trump-han-solo	1	48.0	SimBa
tweet-sno-1284	QO	vclaim-sno-police-saxophone-machine-gun	1	31.578947368421055	SimBa
tweet-sno-1284	QO	vclaim-sno-harrison-ford-holding-a-trump-sign	1	31.578947368421055	SimBa
tweet-sno-1284	QO	vclaim-sno-1-mcdonald39s-any-size-fries	1	0.0	SimBa
tweet-sno-1285	QO	vclaim-sno-gop-russian-state-tv	1	22.22222222222222	SimBa
tweet-sno-1285	QO	vclaim-sno-one-in-four-women-abortion	1	20.0	SimBa
tweet-sno-1285	QO	vclaim-sno-chimpanzee-rapidly-memorizes-locates-numbers-on-a-screen	1	20.0	SimBa
tweet-sno-1285	QO	vclaim-sno-85-babies-covid-texas-county	1	16.666666666666668	SimBa
tweet-sno-1285	QO	vclaim-sno-one-minute-video-rashida-tlaib	1	15.384615384615385	SimBa
tweet-sno-1286	QO	vclaim-sno-nasa-sally-ride-100-tampons	1	85.71428571428571	SimBa
tweet-sno-1286	QO	vclaim-sno-the-lost-day	1	40.0	SimBa
tweet-sno-1286	QO	vclaim-sno-nasa-admits-contact-with-alien-species	1	40.0	SimBa
tweet-sno-1286	QO	vclaim-sno-nasa-lithium-chemtrails-conspiracy	1	37.5	SimBa
tweet-sno-1286	QO	vclaim-sno-15-days-darkness-november	1	37.5	SimBa
tweet-sno-1287	QO	vclaim-sno-great-value	1	109.0909090909091	SimBa
tweet-sno-1287	QO	vclaim-sno-hands-up-don39t-scoop	1	90.90909090909092	SimBa
tweet-sno-1287	QO	vclaim-sno-check-from-a-stranger-for-real	1	85.71428571428572	SimBa
tweet-sno-1287	QO	vclaim-sno-cone-of-silence	1	85.71428571428572	SimBa
tweet-sno-1287	QO	vclaim-sno-facebook-cold-stone-pregnancy-discount	1	60.0	SimBa
tweet-sno-1288	QO	vclaim-sno-my-pleasure-chick-fil-a	1	100.0	SimBa
tweet-sno-1288	QO	vclaim-sno-cone-of-silence	1	66.66666666666666	SimBa
tweet-sno-1288	QO	vclaim-sno-facebook-cold-stone-pregnancy-discount	1	50.0	SimBa
tweet-sno-1288	QO	vclaim-sno-bill-murray-ice-cream-taxes	1	50.0	SimBa
tweet-sno-1288	QO	vclaim-sno-breyers-ice-cream-melt	1	50.0	SimBa
tweet-sno-1289	QO	vclaim-sno-my-pleasure-chick-fil-a	1	142.85714285714286	SimBa
tweet-sno-1289	QO	vclaim-sno-cone-of-silence	1	100.0	SimBa
tweet-sno-1289	QO	vclaim-sno-facebook-cold-stone-pregnancy-discount	1	66.66666666666666	SimBa
tweet-sno-1289	QO	vclaim-sno-ice-cream-every-day	1	66.66666666666666	SimBa
tweet-sno-1289	QO	vclaim-sno-breyers-ice-cream-melt	1	66.66666666666666	SimBa
tweet-sno-1290	QO	vclaim-sno-chick-fil-a-meal-promo	1	85.71428571428572	SimBa
tweet-sno-1290	QO	vclaim-sno-chick-fil-a-promotions	1	75.0	SimBa
tweet-sno-1290	QO	vclaim-sno-chick-fil-a-17-starting-wage	1	75.0	SimBa
tweet-sno-1290	QO	vclaim-sno-chick-fil-a-food-stranded-storm	1	60.0	SimBa
tweet-sno-1290	QO	vclaim-sno-my-pleasure-chick-fil-a	1	60.0	SimBa
tweet-sno-1291	QO	vclaim-sno-biden-fraud-ballots-count	1	70.58823529411765	SimBa
tweet-sno-1291	QO	vclaim-sno-biden-covid-vaccine	1	70.0	SimBa
tweet-sno-1291	QO	vclaim-sno-biden-reopen-schools	1	66.66666666666666	SimBa
tweet-sno-1291	QO	vclaim-sno-earlobes-biden-body-double	1	60.0	SimBa
tweet-sno-1291	QO	vclaim-sno-biden-nephew	1	60.0	SimBa
tweet-sno-1292	QO	vclaim-sno-check-from-a-stranger-for-real	1	50.0	SimBa
tweet-sno-1292	QO	vclaim-sno-buck-fifty	1	50.0	SimBa
tweet-sno-1292	QO	vclaim-sno-brother-and-sister-new-jersey	1	46.15384615384615	SimBa
tweet-sno-1292	QO	vclaim-sno-ufo-new-jersey-tiktok	1	46.15384615384615	SimBa
tweet-sno-1292	QO	vclaim-sno-bernie-sanders-jersey-ballot	1	40.0	SimBa
tweet-sno-1293	QO	vclaim-sno-1-mcdonald39s-any-size-fries	1	0.0	SimBa
tweet-sno-1293	QO	vclaim-sno-pandora-black-lives-matter-protest	1	0.0	SimBa
tweet-sno-1293	QO	vclaim-sno-palm-sunday-miscarriage	1	0.0	SimBa
tweet-sno-1293	QO	vclaim-sno-pam-bondi-impeachment	1	0.0	SimBa
tweet-sno-1293	QO	vclaim-sno-pamela-anderson-death-hoax	1	0.0	SimBa
tweet-sno-1294	QO	vclaim-sno-drake-scented-candles	1	75.0	SimBa
tweet-sno-1294	QO	vclaim-sno-crayon-candle	1	60.0	SimBa
tweet-sno-1294	QO	vclaim-sno-gwyneth-paltrow-vagina-candle	1	46.15384615384615	SimBa
tweet-sno-1294	QO	vclaim-sno-kfc-really-create-chicken-scented-candle	1	46.15384615384615	SimBa
tweet-sno-1294	QO	vclaim-sno-gwyneth-vagina-candle-explode	1	35.294117647058826	SimBa
tweet-sno-1295	QO	vclaim-sno-flash-player-no-longer-supported	1	85.71428571428572	SimBa
tweet-sno-1295	QO	vclaim-sno-target-holiday-stores	1	50.0	SimBa
tweet-sno-1295	QO	vclaim-sno-snow-los-angeles	1	28.571428571428573	SimBa
tweet-sno-1295	QO	vclaim-sno-nigella-lawson-microwave	1	28.571428571428573	SimBa
tweet-sno-1295	QO	vclaim-sno-deadliest-days-usa-history	1	25.0	SimBa
tweet-sno-1296	QO	vclaim-sno-recurring-donation-dec	1	25.0	SimBa
tweet-sno-1296	QO	vclaim-sno-1-mcdonald39s-any-size-fries	1	0.0	SimBa
tweet-sno-1296	QO	vclaim-sno-pandemicide-trump-covid	1	0.0	SimBa
tweet-sno-1296	QO	vclaim-sno-pallets-of-bricks-protest-sites	1	0.0	SimBa
tweet-sno-1296	QO	vclaim-sno-palm-sunday-miscarriage	1	0.0	SimBa
tweet-sno-1297	QO	vclaim-sno-flash-player-no-longer-supported	1	52.631578947368425	SimBa
tweet-sno-1297	QO	vclaim-sno-boob-youtube	1	33.33333333333333	SimBa
tweet-sno-1297	QO	vclaim-sno-jay-jon-dead	1	30.0	SimBa
tweet-sno-1297	QO	vclaim-sno-youtube-ban-suspend-trump	1	27.272727272727273	SimBa
tweet-sno-1297	QO	vclaim-sno-trump-ad-banned-facebook	1	24.0	SimBa
tweet-sno-1298	QO	vclaim-sno-ghost-on-camera-hallways-ireland-school	1	46.15384615384615	SimBa
tweet-sno-1298	QO	vclaim-sno-redback-spider-warning	1	37.5	SimBa
tweet-sno-1298	QO	vclaim-sno-harrods-santa	1	37.5	SimBa
tweet-sno-1298	QO	vclaim-sno-santa-covid-exemption-ireland	1	37.03703703703704	SimBa
tweet-sno-1298	QO	vclaim-sno-second-wave-spanish-flu-wwi	1	35.294117647058826	SimBa
tweet-sno-1299	QO	vclaim-sno-1-mcdonald39s-any-size-fries	1	0.0	SimBa
tweet-sno-1299	QO	vclaim-sno-pandora-black-lives-matter-protest	1	0.0	SimBa
tweet-sno-1299	QO	vclaim-sno-palm-sunday-miscarriage	1	0.0	SimBa
tweet-sno-1299	QO	vclaim-sno-pam-bondi-impeachment	1	0.0	SimBa
tweet-sno-1299	QO	vclaim-sno-pamela-anderson-death-hoax	1	0.0	SimBa
tweet-sno-1300	QO	vclaim-sno-doctor-mourning-previously-infertile-mother	1	40.0	SimBa
tweet-sno-1300	QO	vclaim-sno-testicles-childbirth-pain-comparison	1	25.0	SimBa
tweet-sno-1300	QO	vclaim-sno-menorah-zebra	1	25.0	SimBa
tweet-sno-1300	QO	vclaim-sno-centrifugal-birthing-apparatus	1	25.0	SimBa
tweet-sno-1300	QO	vclaim-sno-greenland-shark-392-years-old	1	24.0	SimBa
tweet-sno-1301	QO	vclaim-sno-exclusive-club	1	100.0	SimBa
tweet-sno-1301	QO	vclaim-sno-woman-clubs-boyfriend-dream	1	100.0	SimBa
tweet-sno-1301	QO	vclaim-sno-278-years-golf	1	75.0	SimBa
tweet-sno-1301	QO	vclaim-sno-giant-alligator-florida-golf	1	66.66666666666666	SimBa
tweet-sno-1301	QO	vclaim-sno-trump-obama-golf	1	66.66666666666666	SimBa
tweet-sno-1302	QO	vclaim-sno-more-testing-more-cases-covid-19	1	72.72727272727273	SimBa
tweet-sno-1302	QO	vclaim-sno-typical-year-covid-deaths	1	66.66666666666667	SimBa
tweet-sno-1302	QO	vclaim-sno-flu-kills-more-people-covid-19	1	61.53846153846154	SimBa
tweet-sno-1302	QO	vclaim-sno-bridges-over-troubled-waters	1	60.0	SimBa
tweet-sno-1302	QO	vclaim-sno-coupon-gone	1	60.0	SimBa
tweet-sno-1303	QO	vclaim-sno-1-mcdonald39s-any-size-fries	1	0.0	SimBa
tweet-sno-1303	QO	vclaim-sno-pandora-black-lives-matter-protest	1	0.0	SimBa
tweet-sno-1303	QO	vclaim-sno-palm-sunday-miscarriage	1	0.0	SimBa
tweet-sno-1303	QO	vclaim-sno-pam-bondi-impeachment	1	0.0	SimBa
tweet-sno-1303	QO	vclaim-sno-pamela-anderson-death-hoax	1	0.0	SimBa
tweet-sno-1304	QO	vclaim-sno-trump-politics-is-boring	1	18.181818181818183	SimBa
tweet-sno-1304	QO	vclaim-sno-pepsis-got-a-lot-to-give	1	16.666666666666668	SimBa
tweet-sno-1304	QO	vclaim-sno-playgirl-trump-contest	1	14.285714285714286	SimBa
tweet-sno-1304	QO	vclaim-sno-home-alone-ticket-thrown-away	1	13.333333333333334	SimBa
tweet-sno-1304	QO	vclaim-sno-lev-parnas-eric-trump-birthday	1	12.5	SimBa
tweet-sno-1305	QO	vclaim-sno-boob-youtube	1	46.15384615384615	SimBa
tweet-sno-1305	QO	vclaim-sno-jay-jon-dead	1	40.0	SimBa
tweet-sno-1305	QO	vclaim-sno-leonardo-dicaprio-disney-channel	1	37.5	SimBa
tweet-sno-1305	QO	vclaim-sno-leonardo-dicaprio-woodstock-illinois	1	37.5	SimBa
tweet-sno-1305	QO	vclaim-sno-youtube-ban-suspend-trump	1	35.294117647058826	SimBa
tweet-sno-1306	QO	vclaim-sno-maddie-kelley-video	1	40.0	SimBa
tweet-sno-1306	QO	vclaim-sno-officers-killed-250-people	1	40.0	SimBa
tweet-sno-1306	QO	vclaim-sno-keith-passmore-murder	1	40.0	SimBa
tweet-sno-1306	QO	vclaim-sno-voter-fraud-in-2016-primary	1	37.5	SimBa
tweet-sno-1306	QO	vclaim-sno-georgia-primary-election-fraud	1	35.294117647058826	SimBa
tweet-sno-1307	QO	vclaim-sno-michigan-licenses-yellow-stars	1	100.0	SimBa
tweet-sno-1307	QO	vclaim-sno-detroit-slums	1	100.0	SimBa
tweet-sno-1307	QO	vclaim-sno-mother-moose	1	100.0	SimBa
tweet-sno-1307	QO	vclaim-sno-don39t-jaywalk-in-detroit	1	100.0	SimBa
tweet-sno-1307	QO	vclaim-sno-trump-michigan-man-year-award	1	66.66666666666666	SimBa
tweet-sno-1308	QO	vclaim-sno-white-house-trump_photo-delete	1	120.0	SimBa
tweet-sno-1308	QO	vclaim-sno-trump-fired-cecil-gaines	1	109.0909090909091	SimBa
tweet-sno-1308	QO	vclaim-sno-feliz-navidad-white-house	1	92.3076923076923	SimBa
tweet-sno-1308	QO	vclaim-sno-obama-left-trump-a-white-house-full-of-roaches	1	92.3076923076923	SimBa
tweet-sno-1308	QO	vclaim-sno-obama-refuse-white-house-blue	1	92.3076923076923	SimBa
tweet-sno-1309	QO	vclaim-sno-smile-sun-bird-photo	1	40.0	SimBa
tweet-sno-1309	QO	vclaim-sno-muppet-animal-death-hoax	1	11.11111111111111	SimBa
tweet-sno-1309	QO	vclaim-sno-does-donald-trump-own-a-stake-in-the-dakota-access-pipeline	1	8.0	SimBa
tweet-sno-1309	QO	vclaim-sno-william-h-macy-death-hoax	1	8.0	SimBa
tweet-sno-1309	QO	vclaim-sno-pandora-black-lives-matter-protest	1	0.0	SimBa
tweet-sno-1310	QO	vclaim-sno-funvax	1	33.333333333333336	SimBa
tweet-sno-1310	QO	vclaim-sno-armed-robot-video	1	33.333333333333336	SimBa
tweet-sno-1310	QO	vclaim-sno-u-s-pilot-shot-down-after-destroying-korean-missile	1	26.666666666666668	SimBa
tweet-sno-1310	QO	vclaim-sno-military-retirement-trump-wall	1	26.666666666666668	SimBa
tweet-sno-1310	QO	vclaim-sno-golfing-robot-hit-a-hole-in-one	1	26.666666666666668	SimBa
tweet-sno-1311	QO	vclaim-sno-20000-dead-voters-in-pennsylvania	1	116.66666666666667	SimBa
tweet-sno-1311	QO	vclaim-sno-biden-admit-voter-fraud	1	100.0	SimBa
tweet-sno-1311	QO	vclaim-sno-dallas-jones-voter-fraud	1	60.0	SimBa
tweet-sno-1311	QO	vclaim-sno-huckabee-letter-biden-fraud	1	60.0	SimBa
tweet-sno-1311	QO	vclaim-sno-trucked-voters-in-pa	1	54.54545454545455	SimBa
tweet-sno-1312	QO	vclaim-sno-owl-having-an-orgasm	1	46.15384615384615	SimBa
tweet-sno-1312	QO	vclaim-sno-christmas-tree-owl	1	42.85714285714286	SimBa
tweet-sno-1312	QO	vclaim-sno-rainbow-owl	1	37.5	SimBa
tweet-sno-1312	QO	vclaim-sno-the-biggest-christmas-tree	1	36.36363636363637	SimBa
tweet-sno-1312	QO	vclaim-sno-stuffed-owlets	1	36.36363636363637	SimBa
tweet-sno-1313	QO	vclaim-sno-wisconsin-vote-dump	1	62.5	SimBa
tweet-sno-1313	QO	vclaim-sno-furry-trout	1	54.54545454545455	SimBa
tweet-sno-1313	QO	vclaim-sno-biden-or-trump-female-press-team	1	54.54545454545455	SimBa
tweet-sno-1313	QO	vclaim-sno-cornstalked	1	54.54545454545455	SimBa
tweet-sno-1313	QO	vclaim-sno-tampered-conditioner-hair-loss	1	50.0	SimBa
tweet-sno-1314	QO	vclaim-sno-donald-trump-shirts-trmup	1	28.571428571428573	SimBa
tweet-sno-1314	QO	vclaim-sno-black-mob-beats-white-man-for-voting-trump	1	28.571428571428573	SimBa
tweet-sno-1314	QO	vclaim-sno-olive-foil	1	25.0	SimBa
tweet-sno-1314	QO	vclaim-sno-the-notebook-2-hoax	1	25.0	SimBa
tweet-sno-1314	QO	vclaim-sno-20-dollar-bill-folds-spells-trump	1	25.0	SimBa
tweet-sno-1315	QO	vclaim-sno-animal-brothels-open-germany-migrant-population-hits-22-percent	1	120.0	SimBa
tweet-sno-1315	QO	vclaim-sno-germanely-chocolate-cake	1	75.0	SimBa
tweet-sno-1315	QO	vclaim-sno-did-germany-release-statement-denouncing-u-s	1	75.0	SimBa
tweet-sno-1315	QO	vclaim-sno-qanon-anti-maskers-march-germany	1	75.0	SimBa
tweet-sno-1315	QO	vclaim-sno-army-style-muslim-migrants-marching-to-fight-in-germany	1	75.0	SimBa
tweet-sno-1316	QO	vclaim-sno-covid-19-vaccine-vape	1	60.0	SimBa
tweet-sno-1316	QO	vclaim-sno-bolsonaro-covid-vaccine-crocodiles	1	50.0	SimBa
tweet-sno-1316	QO	vclaim-sno-did-pfizers-vp-blow-whistle-gardasil	1	50.0	SimBa
tweet-sno-1316	QO	vclaim-sno-covid-vaccine-female-sterilization	1	46.15384615384615	SimBa
tweet-sno-1316	QO	vclaim-sno-pfizer-chief-scientist-vaccines	1	46.15384615384615	SimBa
tweet-sno-1317	QO	vclaim-sno-are-marshalls-and-tj-maxx-still-paying-employees-in-puerto-rico	1	100.0	SimBa
tweet-sno-1317	QO	vclaim-sno-trump-pendejo-posters-puerto-rico	1	85.71428571428572	SimBa
tweet-sno-1317	QO	vclaim-sno-puerto-rico-teamsters	1	66.66666666666666	SimBa
tweet-sno-1317	QO	vclaim-sno-trump-puerto-rico-golf-course	1	60.0	SimBa
tweet-sno-1317	QO	vclaim-sno-trump-tweet-puerto-rico	1	46.15384615384615	SimBa
tweet-sno-1318	QO	vclaim-sno-georgia-signature-audit	1	75.0	SimBa
tweet-sno-1318	QO	vclaim-sno-officers-killed-250-people	1	60.0	SimBa
tweet-sno-1318	QO	vclaim-sno-maddie-kelley-video	1	60.0	SimBa
tweet-sno-1318	QO	vclaim-sno-keith-passmore-murder	1	60.0	SimBa
tweet-sno-1318	QO	vclaim-sno-georgia-primary-election-fraud	1	50.0	SimBa
tweet-sno-1319	QO	vclaim-sno-biden-trump-dregs-society	1	58.82352941176471	SimBa
tweet-sno-1319	QO	vclaim-sno-trump-biden-assassination-shot	1	58.82352941176471	SimBa
tweet-sno-1319	QO	vclaim-sno-listen-to-scientists	1	58.82352941176471	SimBa
tweet-sno-1319	QO	vclaim-sno-biden-uncf-funding-copypasta	1	54.54545454545455	SimBa
tweet-sno-1319	QO	vclaim-sno-joe-you-know-i-won-letter-trump	1	52.631578947368425	SimBa
tweet-sno-1320	QO	vclaim-sno-biden-executive-order-dictator	1	45.45454545454546	SimBa
tweet-sno-1320	QO	vclaim-sno-biden-or-trump-female-press-team	1	42.85714285714286	SimBa
tweet-sno-1320	QO	vclaim-sno-bumblebees-cant-fly	1	42.85714285714286	SimBa
tweet-sno-1320	QO	vclaim-sno-jeff-guice-sick-children	1	40.0	SimBa
tweet-sno-1320	QO	vclaim-sno-biden-accuser-photo	1	37.5	SimBa
tweet-sno-1321	QO	vclaim-sno-white-house-trump_photo-delete	1	57.14285714285714	SimBa
tweet-sno-1321	QO	vclaim-sno-trump-fired-cecil-gaines	1	54.54545454545455	SimBa
tweet-sno-1321	QO	vclaim-sno-obama-refuse-white-house-blue	1	50.0	SimBa
tweet-sno-1321	QO	vclaim-sno-obama-left-trump-a-white-house-full-of-roaches	1	50.0	SimBa
tweet-sno-1321	QO	vclaim-sno-feliz-navidad-white-house	1	50.0	SimBa
tweet-sno-1322	QO	vclaim-sno-white-house-trump_photo-delete	1	75.0	SimBa
tweet-sno-1322	QO	vclaim-sno-trump-fired-cecil-gaines	1	70.58823529411765	SimBa
tweet-sno-1322	QO	vclaim-sno-feliz-navidad-white-house	1	63.15789473684211	SimBa
tweet-sno-1322	QO	vclaim-sno-obama-refuse-white-house-blue	1	63.15789473684211	SimBa
tweet-sno-1322	QO	vclaim-sno-obama-left-trump-a-white-house-full-of-roaches	1	63.15789473684211	SimBa
tweet-sno-1323	QO	vclaim-sno-white-house-trump_photo-delete	1	80.0	SimBa
tweet-sno-1323	QO	vclaim-sno-trump-fired-cecil-gaines	1	75.0	SimBa
tweet-sno-1323	QO	vclaim-sno-obama-left-trump-a-white-house-full-of-roaches	1	66.66666666666666	SimBa
tweet-sno-1323	QO	vclaim-sno-feliz-navidad-white-house	1	66.66666666666666	SimBa
tweet-sno-1323	QO	vclaim-sno-obama-refuse-white-house-blue	1	66.66666666666666	SimBa
tweet-sno-1324	QO	vclaim-sno-twitter-biden-negative-news	1	125.0	SimBa
tweet-sno-1324	QO	vclaim-sno-biden-tweet-pandemic	1	100.0	SimBa
tweet-sno-1324	QO	vclaim-sno-biden-daughter-photo	1	85.71428571428572	SimBa
tweet-sno-1324	QO	vclaim-sno-biden-woman-gun-photo	1	85.71428571428572	SimBa
tweet-sno-1324	QO	vclaim-sno-biden-fail-condemn-antifa	1	75.0	SimBa
tweet-sno-1325	QO	vclaim-sno-raising-canes-chicken-bankruptcy	1	40.0	SimBa
tweet-sno-1325	QO	vclaim-sno-clark-gable-accident	1	30.76923076923077	SimBa
tweet-sno-1325	QO	vclaim-sno-dunkin-donuts-bankruptcy-prank	1	22.22222222222222	SimBa
tweet-sno-1325	QO	vclaim-sno-stanley-kubrick-letter	1	21.05263157894737	SimBa
tweet-sno-1325	QO	vclaim-sno-1-mcdonald39s-any-size-fries	1	0.0	SimBa
tweet-sno-1326	QO	vclaim-sno-jesus-in-the-clouds	1	60.0	SimBa
tweet-sno-1326	QO	vclaim-sno-leap-of-faith	1	60.0	SimBa
tweet-sno-1326	QO	vclaim-sno-waynes-whirled	1	60.0	SimBa
tweet-sno-1326	QO	vclaim-sno-gay-jesus-film	1	60.0	SimBa
tweet-sno-1326	QO	vclaim-sno-nigerian-baby-born-with-message-of-christs-second-coming	1	60.0	SimBa
tweet-sno-1327	QO	vclaim-sno-lethal-indirection	1	150.0	SimBa
tweet-sno-1327	QO	vclaim-sno-cough-cpr	1	150.0	SimBa
tweet-sno-1327	QO	vclaim-sno-never-wake-sleepwalker	1	150.0	SimBa
tweet-sno-1327	QO	vclaim-sno-getting-the-hang-of-it	1	85.71428571428572	SimBa
tweet-sno-1327	QO	vclaim-sno-charlie-sheen-death-hoax	1	85.71428571428572	SimBa
tweet-sno-1328	QO	vclaim-sno-empty-ps5-boxes-ebay	1	33.333333333333336	SimBa
tweet-sno-1328	QO	vclaim-sno-cyberpunk-2077-refunds	1	25.0	SimBa
tweet-sno-1328	QO	vclaim-sno-all-work-and-no-playstation	1	22.22222222222222	SimBa
tweet-sno-1328	QO	vclaim-sno-xbox-playstation-ps5-congrats	1	15.384615384615385	SimBa
tweet-sno-1328	QO	vclaim-sno-pandemicide-trump-covid	1	0.0	SimBa
tweet-sno-1329	QO	vclaim-sno-1-mcdonald39s-any-size-fries	1	0.0	SimBa
tweet-sno-1329	QO	vclaim-sno-pandora-black-lives-matter-protest	1	0.0	SimBa
tweet-sno-1329	QO	vclaim-sno-palm-sunday-miscarriage	1	0.0	SimBa
tweet-sno-1329	QO	vclaim-sno-pam-bondi-impeachment	1	0.0	SimBa
tweet-sno-1329	QO	vclaim-sno-pamela-anderson-death-hoax	1	0.0	SimBa
tweet-sno-1330	QO	vclaim-sno-sixth-form-poet-wife	1	120.0	SimBa
tweet-sno-1330	QO	vclaim-sno-take-team-kavanaugh	1	100.0	SimBa
tweet-sno-1330	QO	vclaim-sno-lifeisasoph-jacob-blake-ex	1	100.0	SimBa
tweet-sno-1330	QO	vclaim-sno-fabian-suarez-wastehistime-murder	1	85.71428571428572	SimBa
tweet-sno-1330	QO	vclaim-sno-twitter-dislike-button	1	85.71428571428572	SimBa
tweet-sno-1331	QO	vclaim-sno-ice-twitter-account-disappear	1	127.27272727272728	SimBa
tweet-sno-1331	QO	vclaim-sno-sixth-form-poet-wife	1	85.71428571428572	SimBa
tweet-sno-1331	QO	vclaim-sno-lifeisasoph-jacob-blake-ex	1	75.0	SimBa
tweet-sno-1331	QO	vclaim-sno-take-team-kavanaugh	1	75.0	SimBa
tweet-sno-1331	QO	vclaim-sno-twitter-dislike-button	1	66.66666666666666	SimBa
tweet-sno-1332	QO	vclaim-sno-free-meals-for-veterans	1	66.66666666666667	SimBa
tweet-sno-1332	QO	vclaim-sno-21-gun-reboot	1	42.85714285714286	SimBa
tweet-sno-1332	QO	vclaim-sno-jessica-biel-military-veteran	1	42.85714285714286	SimBa
tweet-sno-1332	QO	vclaim-sno-veterans-national-parks-lifetime	1	40.0	SimBa
tweet-sno-1332	QO	vclaim-sno-remembrance-of-things-pasta	1	33.33333333333333	SimBa
tweet-sno-1333	QO	vclaim-sno-dr-rajendra-kapila-dies-covid-19	1	29.62962962962963	SimBa
tweet-sno-1333	QO	vclaim-sno-blue-waffle-disease	1	28.57142857142857	SimBa
tweet-sno-1333	QO	vclaim-sno-red-cone-of-silence	1	28.57142857142857	SimBa
tweet-sno-1333	QO	vclaim-sno-strep-throat-face-nasal-cavity	1	28.57142857142857	SimBa
tweet-sno-1333	QO	vclaim-sno-abdu-sharkawy-coronavirus	1	27.586206896551722	SimBa
tweet-sno-1334	QO	vclaim-sno-thieves-masks-hoax	1	30.0	SimBa
tweet-sno-1334	QO	vclaim-sno-netflix-scam	1	28.57142857142857	SimBa
tweet-sno-1334	QO	vclaim-sno-free-case-of-baby-formula	1	28.57142857142857	SimBa
tweet-sno-1334	QO	vclaim-sno-women-wearing-flu-masks-1918	1	28.57142857142857	SimBa
tweet-sno-1334	QO	vclaim-sno-google-any-3-digits-new-cases	1	27.272727272727273	SimBa
tweet-sno-1335	QO	vclaim-sno-biden-woman-gun-photo	1	85.71428571428572	SimBa
tweet-sno-1335	QO	vclaim-sno-biden-daughter-photo	1	85.71428571428572	SimBa
tweet-sno-1335	QO	vclaim-sno-biden-fail-condemn-antifa	1	75.0	SimBa
tweet-sno-1335	QO	vclaim-sno-biden-401k-tax	1	66.66666666666666	SimBa
tweet-sno-1335	QO	vclaim-sno-joe-biden-dog-big	1	60.0	SimBa
tweet-sno-1336	QO	vclaim-sno-biden-major-dog-rescue-white-house	1	92.3076923076923	SimBa
tweet-sno-1336	QO	vclaim-sno-biden-team-statement-dog	1	66.66666666666667	SimBa
tweet-sno-1336	QO	vclaim-sno-biden-fraud-ballots-count	1	52.17391304347826	SimBa
tweet-sno-1336	QO	vclaim-sno-biden-reopen-schools	1	50.0	SimBa
tweet-sno-1336	QO	vclaim-sno-military-band-hit-the-road-jack	1	50.0	SimBa
tweet-sno-1337	QO	vclaim-sno-parents-deported-reunited	1	78.26086956521739	SimBa
tweet-sno-1337	QO	vclaim-sno-trump-more-testing-look-bad	1	61.53846153846154	SimBa
tweet-sno-1337	QO	vclaim-sno-trump-many-per-capitas	1	52.17391304347826	SimBa
tweet-sno-1337	QO	vclaim-sno-trump-building-concentration-camps	1	46.15384615384615	SimBa
tweet-sno-1337	QO	vclaim-sno-msnbc-hope-coronavirus-kills	1	46.15384615384615	SimBa
tweet-sno-1338	QO	vclaim-sno-steve-bannon-predicts-obama	1	42.85714285714286	SimBa
tweet-sno-1338	QO	vclaim-sno-bannon-fauci-wray-head-pikes	1	38.888888888888886	SimBa
tweet-sno-1338	QO	vclaim-sno-pelosi-escorted-out-white-house	1	35.714285714285715	SimBa
tweet-sno-1338	QO	vclaim-sno-white-house-quarantine-text	1	34.48275862068965	SimBa
tweet-sno-1338	QO	vclaim-sno-moving-truck-cspan	1	33.333333333333336	SimBa
tweet-sno-1339	QO	vclaim-sno-gray-wolves-endangered-trump	1	23.076923076923077	SimBa
tweet-sno-1339	QO	vclaim-sno-trump-disgrace-world-girl	1	20.0	SimBa
tweet-sno-1339	QO	vclaim-sno-trump-donations-veterans	1	20.0	SimBa
tweet-sno-1339	QO	vclaim-sno-president-trump-in-diaper	1	20.0	SimBa
tweet-sno-1339	QO	vclaim-sno-trump-threaten-federal-buildings	1	20.0	SimBa
tweet-sno-1340	QO	vclaim-sno-trump-display-names-campaign-donors-state-union	1	25.0	SimBa
tweet-sno-1340	QO	vclaim-sno-1-mcdonald39s-any-size-fries	1	0.0	SimBa
tweet-sno-1340	QO	vclaim-sno-panda-solar-farm-china	1	0.0	SimBa
tweet-sno-1340	QO	vclaim-sno-palins-privilege	1	0.0	SimBa
tweet-sno-1340	QO	vclaim-sno-pallets-of-bricks-protest-sites	1	0.0	SimBa
tweet-sno-1341	QO	vclaim-sno-donald-trump-shirts-trmup	1	100.0	SimBa
tweet-sno-1341	QO	vclaim-sno-black-mob-beats-white-man-for-voting-trump	1	100.0	SimBa
tweet-sno-1341	QO	vclaim-sno-liz-crokin-trump-unthinkable	1	66.66666666666667	SimBa
tweet-sno-1341	QO	vclaim-sno-trump-entities-criminal-probe	1	66.66666666666667	SimBa
tweet-sno-1341	QO	vclaim-sno-20-dollar-bill-folds-spells-trump	1	66.66666666666667	SimBa
tweet-sno-1342	QO	vclaim-sno-trump-recount-battleground-states	1	82.3529411764706	SimBa
tweet-sno-1342	QO	vclaim-sno-ben-stein	1	61.53846153846154	SimBa
tweet-sno-1342	QO	vclaim-sno-check-from-a-stranger-for-real	1	60.0	SimBa
tweet-sno-1342	QO	vclaim-sno-instagram-cancellation-hoax	1	46.15384615384615	SimBa
tweet-sno-1342	QO	vclaim-sno-booster-after-infected-omicron	1	42.85714285714286	SimBa
tweet-sno-1343	QO	vclaim-sno-ivanka-trump-perception-reality	1	85.71428571428572	SimBa
tweet-sno-1343	QO	vclaim-sno-stop-the-count-chant	1	85.71428571428572	SimBa
tweet-sno-1343	QO	vclaim-sno-demi-moore-trump-supporters	1	85.71428571428572	SimBa
tweet-sno-1343	QO	vclaim-sno-kennedy-trump-greatest-president	1	85.71428571428572	SimBa
tweet-sno-1343	QO	vclaim-sno-ivanka-trump-said-if-donald-trump-wasnt-her-father-she-would-mace-him	1	85.71428571428572	SimBa
tweet-sno-1344	QO	vclaim-sno-donald-trump-shirts-trmup	1	28.571428571428573	SimBa
tweet-sno-1344	QO	vclaim-sno-black-mob-beats-white-man-for-voting-trump	1	28.571428571428573	SimBa
tweet-sno-1344	QO	vclaim-sno-liz-crokin-trump-unthinkable	1	25.0	SimBa
tweet-sno-1344	QO	vclaim-sno-trump-entities-criminal-probe	1	25.0	SimBa
tweet-sno-1344	QO	vclaim-sno-20-dollar-bill-folds-spells-trump	1	25.0	SimBa
tweet-sno-1345	QO	vclaim-sno-trump-biden-assassination-shot	1	55.55555555555556	SimBa
tweet-sno-1345	QO	vclaim-sno-listen-to-scientists	1	55.55555555555556	SimBa
tweet-sno-1345	QO	vclaim-sno-biden-trump-dregs-society	1	55.55555555555556	SimBa
tweet-sno-1345	QO	vclaim-sno-ivanka-trump-hunter-biden	1	52.17391304347826	SimBa
tweet-sno-1345	QO	vclaim-sno-trump-tell-supporters-storm	1	52.17391304347826	SimBa
tweet-sno-1346	QO	vclaim-sno-whale-tail-shaka-photo	1	37.5	SimBa
tweet-sno-1346	QO	vclaim-sno-saved-whale-says-thanks	1	37.5	SimBa
tweet-sno-1346	QO	vclaim-sno-7d-hologram-whale-video	1	35.294117647058826	SimBa
tweet-sno-1346	QO	vclaim-sno-fisherman-survived-inside-whale-for-three-days	1	35.294117647058826	SimBa
tweet-sno-1346	QO	vclaim-sno-whale-surfer-photo	1	31.578947368421055	SimBa
tweet-sno-1347	QO	vclaim-sno-whale-tail-shaka-photo	1	60.0	SimBa
tweet-sno-1347	QO	vclaim-sno-saved-whale-says-thanks	1	60.0	SimBa
tweet-sno-1347	QO	vclaim-sno-7d-hologram-whale-video	1	54.54545454545455	SimBa
tweet-sno-1347	QO	vclaim-sno-fisherman-survived-inside-whale-for-three-days	1	54.54545454545455	SimBa
tweet-sno-1347	QO	vclaim-sno-whale-surfer-photo	1	46.15384615384615	SimBa
tweet-sno-1348	QO	vclaim-sno-biden-or-trump-female-press-team	1	40.0	SimBa
tweet-sno-1348	QO	vclaim-sno-biden-black-athletes-green-mile	1	37.03703703703704	SimBa
tweet-sno-1348	QO	vclaim-sno-biden-accuser-photo	1	35.294117647058826	SimBa
tweet-sno-1348	QO	vclaim-sno-parents-deported-reunited	1	33.33333333333333	SimBa
tweet-sno-1348	QO	vclaim-sno-biden-child-porn-shock-australia	1	33.33333333333333	SimBa
tweet-sno-1349	QO	vclaim-sno-check-from-a-stranger-for-real	1	75.0	SimBa
tweet-sno-1349	QO	vclaim-sno-biden-or-trump-female-press-team	1	54.54545454545455	SimBa
tweet-sno-1349	QO	vclaim-sno-instagram-cancellation-hoax	1	54.54545454545455	SimBa
tweet-sno-1349	QO	vclaim-sno-blacks-dont-read	1	50.0	SimBa
tweet-sno-1349	QO	vclaim-sno-ben-stein	1	50.0	SimBa
tweet-sno-1350	QO	vclaim-sno-amish-buggies-trump	1	85.71428571428572	SimBa
tweet-sno-1350	QO	vclaim-sno-amish-trump-presidential-victory	1	85.71428571428572	SimBa
tweet-sno-1350	QO	vclaim-sno-amish-community-puppy-mills	1	75.0	SimBa
tweet-sno-1350	QO	vclaim-sno-michigan-county-amish-homes	1	75.0	SimBa
tweet-sno-1350	QO	vclaim-sno-amish-dobergoat-fighting-ring-busted	1	60.0	SimBa
tweet-sno-1351	QO	vclaim-sno-check-from-a-stranger-for-real	1	100.0	SimBa
tweet-sno-1351	QO	vclaim-sno-miss-me-yet	1	100.0	SimBa
tweet-sno-1351	QO	vclaim-sno-keith-ellison-former-girlfriend-photo	1	66.66666666666666	SimBa
tweet-sno-1351	QO	vclaim-sno-instagram-cancellation-hoax	1	66.66666666666666	SimBa
tweet-sno-1351	QO	vclaim-sno-minnesota-letter-harmful-christmas	1	66.66666666666666	SimBa
tweet-sno-1352	QO	vclaim-sno-hunter-biden-malia-obama-cocaine	1	35.294117647058826	SimBa
tweet-sno-1352	QO	vclaim-sno-biden-accuser-photo	1	30.76923076923077	SimBa
tweet-sno-1352	QO	vclaim-sno-biden-woman-gun-photo	1	27.272727272727273	SimBa
tweet-sno-1352	QO	vclaim-sno-biden-daughter-photo	1	27.272727272727273	SimBa
tweet-sno-1352	QO	vclaim-sno-biden-fail-condemn-antifa	1	26.08695652173913	SimBa
tweet-sno-1353	QO	vclaim-sno-fbi-smart-tv	1	85.71428571428572	SimBa
tweet-sno-1353	QO	vclaim-sno-fbi-illegal-websites-scam	1	85.71428571428572	SimBa
tweet-sno-1353	QO	vclaim-sno-stickers-pipe-bomber-van-changed	1	75.0	SimBa
tweet-sno-1353	QO	vclaim-sno-manafort-ties-to-russia	1	75.0	SimBa
tweet-sno-1353	QO	vclaim-sno-obama-fbi-connect-dots	1	60.0	SimBa
tweet-sno-1354	QO	vclaim-sno-hunter-biden-dead-overdose-hoax	1	85.71428571428572	SimBa
tweet-sno-1354	QO	vclaim-sno-bidens-golfing-burisma-head	1	75.0	SimBa
tweet-sno-1354	QO	vclaim-sno-fbi-agents-hunter-biden	1	33.33333333333333	SimBa
tweet-sno-1354	QO	vclaim-sno-hunter-biden-malia-obama-cocaine	1	33.33333333333333	SimBa
tweet-sno-1354	QO	vclaim-sno-1-mcdonald39s-any-size-fries	1	0.0	SimBa
tweet-sno-1355	QO	vclaim-sno-hunter-biden-dead-overdose-hoax	1	75.0	SimBa
tweet-sno-1355	QO	vclaim-sno-bidens-golfing-burisma-head	1	66.66666666666666	SimBa
tweet-sno-1355	QO	vclaim-sno-fbi-agents-hunter-biden	1	31.578947368421055	SimBa
tweet-sno-1355	QO	vclaim-sno-hunter-biden-malia-obama-cocaine	1	31.578947368421055	SimBa
tweet-sno-1355	QO	vclaim-sno-woman-record-14-kids	1	28.571428571428573	SimBa
tweet-sno-1356	QO	vclaim-sno-biden-woman-gun-photo	1	100.0	SimBa
tweet-sno-1356	QO	vclaim-sno-biden-daughter-photo	1	100.0	SimBa
tweet-sno-1356	QO	vclaim-sno-biden-or-trump-female-press-team	1	100.0	SimBa
tweet-sno-1356	QO	vclaim-sno-biden-fail-condemn-antifa	1	80.0	SimBa
tweet-sno-1356	QO	vclaim-sno-biden-accuser-photo	1	75.0	SimBa
tweet-sno-1357	QO	vclaim-sno-fbi-trump-biden-bus	1	72.0	SimBa
tweet-sno-1357	QO	vclaim-sno-parents-deported-reunited	1	60.0	SimBa
tweet-sno-1357	QO	vclaim-sno-cbs-latinos-trump-biden	1	50.0	SimBa
tweet-sno-1357	QO	vclaim-sno-trump-biden-resident-meme	1	47.61904761904762	SimBa
tweet-sno-1357	QO	vclaim-sno-obama-renzi-rig-election	1	46.15384615384615	SimBa
tweet-sno-1358	QO	vclaim-sno-fbi-trump-biden-bus	1	80.0	SimBa
tweet-sno-1358	QO	vclaim-sno-parents-deported-reunited	1	57.14285714285714	SimBa
tweet-sno-1358	QO	vclaim-sno-cbs-latinos-trump-biden	1	48.0	SimBa
tweet-sno-1358	QO	vclaim-sno-trump-biden-resident-meme	1	45.45454545454546	SimBa
tweet-sno-1358	QO	vclaim-sno-san-antonio-border-wall	1	45.45454545454546	SimBa
tweet-sno-1359	QO	vclaim-sno-ivanka-trump-said-if-donald-trump-wasnt-her-father-she-would-mace-him	1	75.0	SimBa
tweet-sno-1359	QO	vclaim-sno-trump-haters-supporters-flags	1	75.0	SimBa
tweet-sno-1359	QO	vclaim-sno-stop-the-count-chant	1	75.0	SimBa
tweet-sno-1359	QO	vclaim-sno-trump-anonymous-identity	1	75.0	SimBa
tweet-sno-1359	QO	vclaim-sno-demi-moore-trump-supporters	1	75.0	SimBa
tweet-sno-1360	QO	vclaim-sno-parents-deported-reunited	1	109.0909090909091	SimBa
tweet-sno-1360	QO	vclaim-sno-trump-biden-resident-meme	1	83.33333333333334	SimBa
tweet-sno-1360	QO	vclaim-sno-cbs-latinos-trump-biden	1	80.0	SimBa
tweet-sno-1360	QO	vclaim-sno-biden-trump-dregs-society	1	72.72727272727273	SimBa
tweet-sno-1360	QO	vclaim-sno-listen-to-scientists	1	72.72727272727273	SimBa
tweet-sno-1361	QO	vclaim-sno-biden-woman-gun-photo	1	100.0	SimBa
tweet-sno-1361	QO	vclaim-sno-biden-daughter-photo	1	100.0	SimBa
tweet-sno-1361	QO	vclaim-sno-biden-or-trump-female-press-team	1	100.0	SimBa
tweet-sno-1361	QO	vclaim-sno-biden-fail-condemn-antifa	1	80.0	SimBa
tweet-sno-1361	QO	vclaim-sno-biden-accuser-photo	1	75.0	SimBa
tweet-sno-1362	QO	vclaim-sno-sean-connery-trump-golf-course	1	94.11764705882354	SimBa
tweet-sno-1362	QO	vclaim-sno-trump-donations-veterans	1	46.15384615384615	SimBa
tweet-sno-1362	QO	vclaim-sno-sean-connery-slap-women	1	46.15384615384615	SimBa
tweet-sno-1362	QO	vclaim-sno-scotland-gritter-names	1	37.5	SimBa
tweet-sno-1362	QO	vclaim-sno-dunblane-school-shootings-ban	1	33.33333333333333	SimBa
tweet-sno-1363	QO	vclaim-sno-caravan-organizer-photo	1	100.0	SimBa
tweet-sno-1363	QO	vclaim-sno-drug-money	1	85.71428571428572	SimBa
tweet-sno-1363	QO	vclaim-sno-mysterious-sea-creature-washes-ashore	1	80.0	SimBa
tweet-sno-1363	QO	vclaim-sno-eva-ramon-gallegos-hpv	1	66.66666666666666	SimBa
tweet-sno-1363	QO	vclaim-sno-mexico-charter-buses-migrants	1	66.66666666666666	SimBa
tweet-sno-1364	QO	vclaim-sno-el-chapo-escapes-again	1	66.66666666666666	SimBa
tweet-sno-1364	QO	vclaim-sno-baby-dies-of-vicks-vaporub-poisoning	1	66.66666666666666	SimBa
tweet-sno-1364	QO	vclaim-sno-el-indio-rancher	1	50.0	SimBa
tweet-sno-1364	QO	vclaim-sno-caravan-organizer-photo	1	25.0	SimBa
tweet-sno-1364	QO	vclaim-sno-drug-money	1	22.22222222222222	SimBa
tweet-sno-1365	QO	vclaim-sno-caravan-organizer-photo	1	100.0	SimBa
tweet-sno-1365	QO	vclaim-sno-drug-money	1	85.71428571428572	SimBa
tweet-sno-1365	QO	vclaim-sno-mysterious-sea-creature-washes-ashore	1	80.0	SimBa
tweet-sno-1365	QO	vclaim-sno-eva-ramon-gallegos-hpv	1	66.66666666666666	SimBa
tweet-sno-1365	QO	vclaim-sno-mexico-charter-buses-migrants	1	66.66666666666666	SimBa
tweet-sno-1366	QO	vclaim-sno-taco-bell-major-changes	1	50.0	SimBa
tweet-sno-1366	QO	vclaim-sno-taco-bell-menu-change	1	50.0	SimBa
tweet-sno-1366	QO	vclaim-sno-taco-bell-closing	1	40.0	SimBa
tweet-sno-1366	QO	vclaim-sno-taco-bell-closing-2020	1	40.0	SimBa
tweet-sno-1366	QO	vclaim-sno-taco-bell-two-dollar	1	36.36363636363637	SimBa
tweet-sno-1367	QO	vclaim-sno-caravan-organizer-photo	1	100.0	SimBa
tweet-sno-1367	QO	vclaim-sno-drug-money	1	85.71428571428572	SimBa
tweet-sno-1367	QO	vclaim-sno-mysterious-sea-creature-washes-ashore	1	80.0	SimBa
tweet-sno-1367	QO	vclaim-sno-eva-ramon-gallegos-hpv	1	66.66666666666666	SimBa
tweet-sno-1367	QO	vclaim-sno-mexico-charter-buses-migrants	1	66.66666666666666	SimBa
tweet-sno-1368	QO	vclaim-sno-cheesecake-factory-closing-rumor	1	100.0	SimBa
tweet-sno-1368	QO	vclaim-sno-cheesecake-factory-receipt	1	40.0	SimBa
tweet-sno-1368	QO	vclaim-sno-cheesecake-factory-gift-card	1	36.36363636363637	SimBa
tweet-sno-1368	QO	vclaim-sno-1-mcdonald39s-any-size-fries	1	0.0	SimBa
tweet-sno-1368	QO	vclaim-sno-panda-solar-farm-china	1	0.0	SimBa
tweet-sno-1369	QO	vclaim-sno-cheesecake-factory-closing-rumor	1	50.0	SimBa
tweet-sno-1369	QO	vclaim-sno-expired-cake-mix	1	46.15384615384615	SimBa
tweet-sno-1369	QO	vclaim-sno-anti-gay-bakers-lottery-payout	1	33.33333333333333	SimBa
tweet-sno-1369	QO	vclaim-sno-cheesecake-factory-receipt	1	28.571428571428573	SimBa
tweet-sno-1369	QO	vclaim-sno-vote-after-polls-closed-2020	1	28.571428571428573	SimBa
tweet-sno-1370	QO	vclaim-sno-check-from-a-stranger-for-real	1	75.0	SimBa
tweet-sno-1370	QO	vclaim-sno-instagram-cancellation-hoax	1	54.54545454545455	SimBa
tweet-sno-1370	QO	vclaim-sno-blacks-dont-read	1	50.0	SimBa
tweet-sno-1370	QO	vclaim-sno-booster-after-infected-omicron	1	50.0	SimBa
tweet-sno-1370	QO	vclaim-sno-gop-russian-state-tv	1	50.0	SimBa
tweet-sno-1371	QO	vclaim-sno-cheesecake-factory-closing-rumor	1	100.0	SimBa
tweet-sno-1371	QO	vclaim-sno-cheesecake-factory-receipt	1	40.0	SimBa
tweet-sno-1371	QO	vclaim-sno-cheesecake-factory-gift-card	1	36.36363636363637	SimBa
tweet-sno-1371	QO	vclaim-sno-1-mcdonald39s-any-size-fries	1	0.0	SimBa
tweet-sno-1371	QO	vclaim-sno-panda-solar-farm-china	1	0.0	SimBa
tweet-sno-1372	QO	vclaim-sno-cheesecake-factory-closing-rumor	1	100.0	SimBa
tweet-sno-1372	QO	vclaim-sno-cheesecake-factory-receipt	1	40.0	SimBa
tweet-sno-1372	QO	vclaim-sno-cheesecake-factory-gift-card	1	36.36363636363637	SimBa
tweet-sno-1372	QO	vclaim-sno-1-mcdonald39s-any-size-fries	1	0.0	SimBa
tweet-sno-1372	QO	vclaim-sno-panda-solar-farm-china	1	0.0	SimBa
tweet-sno-1373	QO	vclaim-sno-bumblebees-cant-fly	1	66.66666666666666	SimBa
tweet-sno-1373	QO	vclaim-sno-jeff-guice-sick-children	1	60.0	SimBa
tweet-sno-1373	QO	vclaim-sno-cheesecake-factory-closing-rumor	1	57.142857142857146	SimBa
tweet-sno-1373	QO	vclaim-sno-unsweetened-caroline	1	50.0	SimBa
tweet-sno-1373	QO	vclaim-sno-obama-impeached-president-judges	1	50.0	SimBa
tweet-sno-1374	QO	vclaim-sno-cheesecake-factory-closing-rumor	1	200.0	SimBa
tweet-sno-1374	QO	vclaim-sno-cheesecake-factory-receipt	1	40.0	SimBa
tweet-sno-1374	QO	vclaim-sno-cheesecake-factory-gift-card	1	36.36363636363637	SimBa
tweet-sno-1374	QO	vclaim-sno-1-mcdonald39s-any-size-fries	1	0.0	SimBa
tweet-sno-1374	QO	vclaim-sno-panda-solar-farm-china	1	0.0	SimBa
tweet-sno-1375	QO	vclaim-sno-1-mcdonald39s-any-size-fries	1	0.0	SimBa
tweet-sno-1375	QO	vclaim-sno-pandora-black-lives-matter-protest	1	0.0	SimBa
tweet-sno-1375	QO	vclaim-sno-palm-sunday-miscarriage	1	0.0	SimBa
tweet-sno-1375	QO	vclaim-sno-pam-bondi-impeachment	1	0.0	SimBa
tweet-sno-1375	QO	vclaim-sno-pamela-anderson-death-hoax	1	0.0	SimBa
tweet-sno-1376	QO	vclaim-sno-trump-barrett-looks-nominated	1	54.54545454545455	SimBa
tweet-sno-1376	QO	vclaim-sno-barrett-jail-guard-ruling	1	54.54545454545455	SimBa
tweet-sno-1376	QO	vclaim-sno-chase-bank-deleted-tweet	1	54.54545454545455	SimBa
tweet-sno-1376	QO	vclaim-sno-trump-sends-unpresidented-tweet	1	54.54545454545455	SimBa
tweet-sno-1376	QO	vclaim-sno-amy-coney-barrett-fly	1	54.54545454545455	SimBa
tweet-sno-1377	QO	vclaim-sno-republican-senators-up-shits-creek	1	85.71428571428572	SimBa
tweet-sno-1377	QO	vclaim-sno-november-6th	1	85.71428571428572	SimBa
tweet-sno-1377	QO	vclaim-sno-nicolas-cruz-register-jail	1	75.0	SimBa
tweet-sno-1377	QO	vclaim-sno-personal-foul	1	60.0	SimBa
tweet-sno-1377	QO	vclaim-sno-abortion-rates-presidencies	1	60.0	SimBa
tweet-sno-1378	QO	vclaim-sno-donald-trump-shirts-trmup	1	200.0	SimBa
tweet-sno-1378	QO	vclaim-sno-black-mob-beats-white-man-for-voting-trump	1	200.0	SimBa
tweet-sno-1378	QO	vclaim-sno-liz-crokin-trump-unthinkable	1	100.0	SimBa
tweet-sno-1378	QO	vclaim-sno-trump-entities-criminal-probe	1	100.0	SimBa
tweet-sno-1378	QO	vclaim-sno-20-dollar-bill-folds-spells-trump	1	100.0	SimBa
tweet-sno-1379	QO	vclaim-sno-biden-admit-voter-fraud	1	120.0	SimBa
tweet-sno-1379	QO	vclaim-sno-biden-daughter-photo	1	66.66666666666666	SimBa
tweet-sno-1379	QO	vclaim-sno-biden-woman-gun-photo	1	66.66666666666666	SimBa
tweet-sno-1379	QO	vclaim-sno-dallas-jones-voter-fraud	1	66.66666666666666	SimBa
tweet-sno-1379	QO	vclaim-sno-huckabee-letter-biden-fraud	1	66.66666666666666	SimBa
tweet-sno-1380	QO	vclaim-sno-obama-urges-soldiers-question-trumps-authority	1	61.53846153846154	SimBa
tweet-sno-1380	QO	vclaim-sno-loan-arranger	1	60.0	SimBa
tweet-sno-1380	QO	vclaim-sno-return-to-offender	1	60.0	SimBa
tweet-sno-1380	QO	vclaim-sno-the-obama-trifecta	1	60.0	SimBa
tweet-sno-1380	QO	vclaim-sno-obama-begun-confiscating-guns-force	1	60.0	SimBa
tweet-sno-1381	QO	vclaim-sno-tedx-pedophilia-sexual-orientation	1	23.529411764705884	SimBa
tweet-sno-1381	QO	vclaim-sno-trump-administration-fire-lgbtq	1	22.22222222222222	SimBa
tweet-sno-1381	QO	vclaim-sno-california-pedophilia-school	1	18.181818181818183	SimBa
tweet-sno-1381	QO	vclaim-sno-texas-social-workers	1	17.391304347826086	SimBa
tweet-sno-1381	QO	vclaim-sno-1-mcdonald39s-any-size-fries	1	0.0	SimBa
tweet-sno-1382	QO	vclaim-sno-presidential-seal-change-war	1	66.66666666666666	SimBa
tweet-sno-1382	QO	vclaim-sno-young-fdr-photo	1	46.15384615384615	SimBa
tweet-sno-1382	QO	vclaim-sno-president-for-a-day	1	46.15384615384615	SimBa
tweet-sno-1382	QO	vclaim-sno-do-police-kill-more-whites-than-black-people	1	46.15384615384615	SimBa
tweet-sno-1382	QO	vclaim-sno-northern-exposure	1	40.0	SimBa
tweet-sno-1383	QO	vclaim-sno-mitch-mcconnells-hands	1	75.0	SimBa
tweet-sno-1383	QO	vclaim-sno-mitch-mcconnell-debate-female	1	66.66666666666666	SimBa
tweet-sno-1383	QO	vclaim-sno-mcconnell-voting-photobomb	1	54.54545454545455	SimBa
tweet-sno-1383	QO	vclaim-sno-mitch-mcconnell-block-russia	1	54.54545454545455	SimBa
tweet-sno-1383	QO	vclaim-sno-mitch-mcconnell-polio-government-healthcare	1	54.54545454545455	SimBa
tweet-sno-1384	QO	vclaim-sno-zambia-nurse-swap-babies	1	75.0	SimBa
tweet-sno-1384	QO	vclaim-sno-fiercefemtivist-nurse-racist-parents	1	66.66666666666666	SimBa
tweet-sno-1384	QO	vclaim-sno-portuguese-nurse-dies-vaccine	1	42.85714285714286	SimBa
tweet-sno-1384	QO	vclaim-sno-alabama-nurse-covid	1	35.294117647058826	SimBa
tweet-sno-1384	QO	vclaim-sno-nurse-gop-convention-shooting	1	33.33333333333333	SimBa
tweet-sno-1385	QO	vclaim-sno-jane-fonda-covid-gods-gift	1	77.77777777777777	SimBa
tweet-sno-1385	QO	vclaim-sno-biden-woman-gun-photo	1	60.0	SimBa
tweet-sno-1385	QO	vclaim-sno-people-collapsing-coronavirus	1	60.0	SimBa
tweet-sno-1385	QO	vclaim-sno-biden-daughter-photo	1	60.0	SimBa
tweet-sno-1385	QO	vclaim-sno-biden-fail-condemn-antifa	1	54.54545454545455	SimBa
tweet-sno-1386	QO	vclaim-sno-harris-biden-blog-post	1	80.0	SimBa
tweet-sno-1386	QO	vclaim-sno-biden-say-president-harris	1	63.15789473684211	SimBa
tweet-sno-1386	QO	vclaim-sno-biden-harris-disease-disagreed	1	60.0	SimBa
tweet-sno-1386	QO	vclaim-sno-harris-believe-biden-accusers	1	52.631578947368425	SimBa
tweet-sno-1386	QO	vclaim-sno-kamala-harris-call-biden-racist	1	52.631578947368425	SimBa
tweet-sno-1387	QO	vclaim-sno-earthquake-hoax	1	75.0	SimBa
tweet-sno-1387	QO	vclaim-sno-everyones-leaving-los-angeles	1	66.66666666666666	SimBa
tweet-sno-1387	QO	vclaim-sno-ice-arrest-los-angeles-mayor	1	60.0	SimBa
tweet-sno-1387	QO	vclaim-sno-homeless-veteran-dying-bush	1	54.54545454545455	SimBa
tweet-sno-1387	QO	vclaim-sno-trump-sign-hollywood-los-angeles	1	50.0	SimBa
tweet-sno-1388	QO	vclaim-sno-karen-pence-school-lgbt	1	85.71428571428572	SimBa
tweet-sno-1388	QO	vclaim-sno-karen-pence-mask-debate	1	60.0	SimBa
tweet-sno-1388	QO	vclaim-sno-1-mcdonald39s-any-size-fries	1	0.0	SimBa
tweet-sno-1388	QO	vclaim-sno-pantene-hair-products-causing-highlight-foils-to-catch-fire	1	0.0	SimBa
tweet-sno-1388	QO	vclaim-sno-pamela-anderson-death-hoax	1	0.0	SimBa
tweet-sno-1389	QO	vclaim-sno-1-mcdonald39s-any-size-fries	1	0.0	SimBa
tweet-sno-1389	QO	vclaim-sno-pandora-black-lives-matter-protest	1	0.0	SimBa
tweet-sno-1389	QO	vclaim-sno-palm-sunday-miscarriage	1	0.0	SimBa
tweet-sno-1389	QO	vclaim-sno-pam-bondi-impeachment	1	0.0	SimBa
tweet-sno-1389	QO	vclaim-sno-pamela-anderson-death-hoax	1	0.0	SimBa
tweet-sno-1390	QO	vclaim-sno-dems-indictments-barr-query	1	42.85714285714286	SimBa
tweet-sno-1390	QO	vclaim-sno-ronald-reagan-keep-voting-democrat	1	37.5	SimBa
tweet-sno-1390	QO	vclaim-sno-kaine-yelling-at-his-mistress	1	37.5	SimBa
tweet-sno-1390	QO	vclaim-sno-democratic-senators-pass-bills-rate	1	37.5	SimBa
tweet-sno-1390	QO	vclaim-sno-trump-retweet-cowboys	1	37.5	SimBa
tweet-sno-1391	QO	vclaim-sno-parents-deported-reunited	1	120.0	SimBa
tweet-sno-1391	QO	vclaim-sno-listen-to-scientists	1	111.11111111111111	SimBa
tweet-sno-1391	QO	vclaim-sno-trump-biden-assassination-shot	1	111.11111111111111	SimBa
tweet-sno-1391	QO	vclaim-sno-biden-trump-dregs-society	1	111.11111111111111	SimBa
tweet-sno-1391	QO	vclaim-sno-trump-biden-resident-meme	1	90.90909090909092	SimBa
tweet-sno-1392	QO	vclaim-sno-biden-or-trump-female-press-team	1	50.0	SimBa
tweet-sno-1392	QO	vclaim-sno-biden-accuser-photo	1	42.85714285714286	SimBa
tweet-sno-1392	QO	vclaim-sno-biden-woman-gun-photo	1	40.0	SimBa
tweet-sno-1392	QO	vclaim-sno-trump-biden-resident-meme	1	40.0	SimBa
tweet-sno-1392	QO	vclaim-sno-biden-child-porn-shock-australia	1	40.0	SimBa
tweet-sno-1393	QO	vclaim-sno-hillary-clinton-killed-fbi-raid	1	85.71428571428572	SimBa
tweet-sno-1393	QO	vclaim-sno-hillary-clinton-smash-phone-hammer	1	75.0	SimBa
tweet-sno-1393	QO	vclaim-sno-clinton-mccabe-donation	1	73.6842105263158	SimBa
tweet-sno-1393	QO	vclaim-sno-raynor-died-expose-clinton	1	71.42857142857143	SimBa
tweet-sno-1393	QO	vclaim-sno-russians-hacked-my-crowd	1	66.66666666666667	SimBa
tweet-sno-1394	QO	vclaim-sno-crowd-yelling-trump-family	1	35.294117647058826	SimBa
tweet-sno-1394	QO	vclaim-sno-iphone-12-tiktok-scam	1	35.294117647058826	SimBa
tweet-sno-1394	QO	vclaim-sno-musically-tiktok-warning	1	35.294117647058826	SimBa
tweet-sno-1394	QO	vclaim-sno-tiktok-oh-no-song	1	33.33333333333333	SimBa
tweet-sno-1394	QO	vclaim-sno-proud-boys-mock-trump	1	31.578947368421055	SimBa
tweet-sno-1395	QO	vclaim-sno-gay-men-proud-boys-hashtag	1	61.53846153846154	SimBa
tweet-sno-1395	QO	vclaim-sno-can-you-vote-online-with-a-hashtag	1	52.17391304347826	SimBa
tweet-sno-1395	QO	vclaim-sno-trump-admin-disability-recipients	1	27.272727272727273	SimBa
tweet-sno-1395	QO	vclaim-sno-finger-chop-challenge	1	27.272727272727273	SimBa
tweet-sno-1395	QO	vclaim-sno-dominos-coupon-scam	1	27.272727272727273	SimBa
tweet-sno-1396	QO	vclaim-sno-former-president-becomes-vice-president	1	22.22222222222222	SimBa
tweet-sno-1396	QO	vclaim-sno-obama-attach-personal-message-letter-wrote-trump	1	22.22222222222222	SimBa
tweet-sno-1396	QO	vclaim-sno-mass-shootings-obama	1	22.22222222222222	SimBa
tweet-sno-1396	QO	vclaim-sno-obamas-50-lies	1	20.0	SimBa
tweet-sno-1396	QO	vclaim-sno-biden-inaugural-speech	1	20.0	SimBa
tweet-sno-1397	QO	vclaim-sno-all-time-low	1	100.0	SimBa
tweet-sno-1397	QO	vclaim-sno-dick-smith-halal-email	1	85.71428571428572	SimBa
tweet-sno-1397	QO	vclaim-sno-trump-covid-fundraising	1	66.66666666666666	SimBa
tweet-sno-1397	QO	vclaim-sno-breakup-email-2003	1	57.142857142857146	SimBa
tweet-sno-1397	QO	vclaim-sno-credit-card-scams	1	57.142857142857146	SimBa
tweet-sno-1398	QO	vclaim-sno-amy-coney-barrett-rhodes-scholar	1	75.0	SimBa
tweet-sno-1398	QO	vclaim-sno-barrett-jail-guard-ruling	1	37.5	SimBa
tweet-sno-1398	QO	vclaim-sno-trump-barrett-looks-nominated	1	37.5	SimBa
tweet-sno-1398	QO	vclaim-sno-amy-coney-barrett-fly	1	37.5	SimBa
tweet-sno-1398	QO	vclaim-sno-rob-donaldson-amy-coney-barrett	1	33.33333333333333	SimBa
tweet-sno-1399	QO	vclaim-sno-antifa-nazi-flags	1	50.0	SimBa
tweet-sno-1399	QO	vclaim-sno-antifa-manual-online	1	50.0	SimBa
tweet-sno-1399	QO	vclaim-sno-antifa-flyers-call-for-the-murder-of-white-children	1	42.85714285714286	SimBa
tweet-sno-1399	QO	vclaim-sno-biden-woman-gun-photo	1	40.0	SimBa
tweet-sno-1399	QO	vclaim-sno-biden-daughter-photo	1	40.0	SimBa
tweet-sno-1400	QO	vclaim-sno-intern-white-power-hand-gesture	1	66.66666666666667	SimBa
tweet-sno-1400	QO	vclaim-sno-trump-condemn-white-supremacists	1	61.53846153846154	SimBa
tweet-sno-1400	QO	vclaim-sno-trump-love-poorly-educated	1	60.0	SimBa
tweet-sno-1400	QO	vclaim-sno-donald-trumps-golden-toilet	1	60.0	SimBa
tweet-sno-1400	QO	vclaim-sno-trump-retweets-photo-of-black-supporters	1	60.0	SimBa
tweet-sno-1401	QO	vclaim-sno-clint-eastwood-bloomberg	1	40.0	SimBa
tweet-sno-1401	QO	vclaim-sno-trump-quote-kim-jong-un-biden	1	40.0	SimBa
tweet-sno-1401	QO	vclaim-sno-bloomberg-buy-trump-debt	1	40.0	SimBa
tweet-sno-1401	QO	vclaim-sno-bloomberg-farmers-gray-matter	1	37.5	SimBa
tweet-sno-1401	QO	vclaim-sno-trump-bloomberg-clinton-golf-photo	1	31.578947368421055	SimBa
